{"type":"FeatureCollection","features":[{"type":"Feature","properties":{"name":"栃木県"},"geometry":{"type":"Polygon","coordinates":[[[139.96139526367202,37.153533935546896],[139.96369934082003,37.14860153198238],[139.967407226563,37.147933959960895],[139.97030639648403,37.148666381835866],[139.99209594726594,37.14326858520513],[139.99679565429696,37.14366531372068],[140.01919555664097,37.140331268310526],[140.02279663085898,37.14319992065428],[140.03079223632798,37.139198303222734],[140.03540039062497,37.1397323608398],[140.04699707031298,37.135467529296946],[140.05130004882798,37.130733489990156],[140.059906005859,37.12559890747073],[140.06379699707,37.12726593017576],[140.089599609375,37.121734619140604],[140.095703125,37.12406539916994],[140.10069274902304,37.122665405273395],[140.13020324707003,37.10386657714839],[140.13580322265602,37.10426712036129],[140.13780212402304,37.10639953613281],[140.15089416503903,37.09446716308592],[140.14979553222702,37.09260177612298],[140.157104492188,37.0904006958008],[140.15579223632804,37.0880661010742],[140.15330505371102,37.08653259277341],[140.16029357910196,37.08020019531252],[140.16699218749997,37.07699966430661],[140.17359924316395,37.071067810058636],[140.18589782714798,37.06866455078128],[140.19410705566398,37.064132690429666],[140.19349670410196,37.05839920043951],[140.19079589843804,37.05686569213872],[140.20019531249997,37.04700088500978],[140.19650268554696,37.03540039062504],[140.19920349121097,37.03186798095698],[140.20060729980497,37.02753448486328],[140.20460510253898,37.02399826049804],[140.21429443359398,37.01979827880859],[140.21820068359398,37.020133972168004],[140.220199584961,37.018798828125036],[140.224594116211,37.02386856079098],[140.231994628906,37.02346801757807],[140.24920654296898,37.02606582641598],[140.251693725586,37.009067535400426],[140.245101928711,37.0097999572754],[140.24530029296898,37.00379943847658],[140.240798950195,37.00053405761718],[140.24530029296898,36.990665435790966],[140.250396728516,36.98860168457029],[140.25,36.98293304443362],[140.243896484375,36.9771347045898],[140.24589538574202,36.97119903564447],[140.252304077148,36.965801239013736],[140.252502441406,36.962799072265554],[140.246795654297,36.958465576171946],[140.240798950195,36.9499320983887],[140.243194580078,36.94353103637697],[140.253692626953,36.94106674194339],[140.25729370117202,36.93819808959963],[140.26179504394503,36.93766784667966],[140.264297485352,36.93339920043954],[140.25939941406298,36.933132171630874],[140.252395629883,36.92773437499996],[140.24890136718798,36.91986846923829],[140.250091552734,36.90700149536134],[140.253799438477,36.88946533203127],[140.255905151367,36.87206649780272],[140.252502441406,36.850467681884794],[140.25700378418,36.84686660766598],[140.255599975586,36.840667724609425],[140.262802124023,36.836532592773366],[140.264007568359,36.83079910278321],[140.266998291016,36.823600769043026],[140.266098022461,36.812931060790994],[140.264099121094,36.80939865112302],[140.2666015625,36.796268463134766],[140.265396118164,36.794399261474645],[140.26519775390602,36.7886657714844],[140.26240539550798,36.786201477050824],[140.259796142578,36.786201477050824],[140.25390625,36.783733367919886],[140.256698608398,36.77626800537112],[140.254608154297,36.77386856079103],[140.260894775391,36.767333984374964],[140.25549316406298,36.76453399658197],[140.256805419922,36.75719833374018],[140.259704589844,36.75466537475593],[140.259201049805,36.753200531005895],[140.263900756836,36.748001098632805],[140.283706665039,36.73333358764649],[140.28739929199202,36.724468231201186],[140.288497924805,36.71739959716797],[140.292602539063,36.71266555786127],[140.284805297852,36.71179962158197],[140.27990722656298,36.70740127563478],[140.274307250977,36.70786666870118],[140.26739501953102,36.70259857177733],[140.258499145508,36.70180130004878],[140.25520324707,36.702800750732415],[140.246795654297,36.70233154296884],[140.24299621582,36.69813537597656],[140.23210144042997,36.70006561279299],[140.220596313477,36.685932159423835],[140.22450256347696,36.68026733398443],[140.223602294922,36.67693328857419],[140.22169494628898,36.67726516723634],[140.22160339355497,36.67433547973628],[140.231597900391,36.66986846923834],[140.231903076172,36.66333389282227],[140.22950744628898,36.662200927734396],[140.23840332031298,36.65406417846679],[140.240997314453,36.64893341064454],[140.239898681641,36.64440155029302],[140.242492675781,36.636398315429744],[140.23390197753898,36.63406753540041],[140.23469543457,36.62386703491213],[140.23669433593798,36.62319946289056],[140.239898681641,36.62440109252928],[140.246795654297,36.613265991210945],[140.248397827148,36.60626602172849],[140.24800109863298,36.597267150878935],[140.24450683593798,36.586532592773416],[140.24490356445298,36.5772666931152],[140.24299621582,36.57386779785156],[140.246795654297,36.56766510009774],[140.246795654297,36.56466674804692],[140.243896484375,36.562931060791044],[140.251602172852,36.55446624755864],[140.248596191406,36.549533843994126],[140.247894287109,36.54606628417973],[140.248794555664,36.53286743164063],[140.254699707031,36.52246856689453],[140.26029968261702,36.517601013183594],[140.249298095703,36.51513290405274],[140.247695922852,36.513931274414105],[140.248397827148,36.50766754150389],[140.242401123047,36.50726699829098],[140.241500854492,36.503200531005945],[140.23579406738298,36.50479888916022],[140.235702514648,36.503200531005945],[140.23089599609398,36.50286483764653],[140.23010253906298,36.50080108642577],[140.23030090332,36.49340057373049],[140.22790527343798,36.489933013916],[140.227600097656,36.48740005493158],[140.223602294922,36.48180007934567],[140.218994140625,36.48026657104488],[140.21350097656295,36.472999572753935],[140.21299743652298,36.46839904785157],[140.20939636230497,36.46513366699217],[140.20730590820298,36.45786666870123],[140.20280456542997,36.45433425903317],[140.20550537109398,36.44713211059571],[140.20300292968804,36.44053268432616],[140.20210266113295,36.43280029296882],[140.20320129394497,36.42893218994143],[140.20240783691398,36.419868469238295],[140.19160461425804,36.404335021972685],[140.18899536132798,36.40326690673829],[140.18530273437497,36.39833450317377],[140.17720031738304,36.3980674743652],[140.16439819335898,36.39953231811523],[140.15609741210895,36.39839935302726],[140.14430236816403,36.414066314697294],[140.14059448242193,36.4121322631836],[140.13040161132804,36.414665222168026],[140.115600585938,36.4112663269043],[140.11009216308602,36.40753173828132],[140.111099243164,36.398868560791016],[140.100997924805,36.39419937133789],[140.100997924805,36.39659881591798],[140.092803955078,36.401264190673835],[140.08859252929702,36.39833450317377],[140.083892822266,36.40200042724608],[140.078994750977,36.40359878540044],[140.066497802734,36.40380096435553],[140.066299438477,36.394268035888736],[140.069198608398,36.388931274414134],[140.061096191406,36.38086700439446],[140.044891357422,36.375133514404304],[140.03979492187497,36.37506484985346],[140.03419494628898,36.37786483764646],[140.031295776367,36.37786483764646],[140.02699279785196,36.37593460083012],[140.01640319824196,36.375865936279276],[140.01440429687497,36.37493133544922],[140.01570129394497,36.37720108032234],[140.01440429687497,36.377265930175824],[140.01069641113304,36.37333297729494],[140.00050354003903,36.37659835815434],[140.00349426269497,36.37020111083979],[140.00210571289102,36.36813354492194],[139.99679565429696,36.36966705322273],[139.99200439453097,36.36959838867188],[139.98849487304696,36.36753463745121],[139.97909545898395,36.37026596069337],[139.97329711914102,36.37853240966803],[139.96749877929702,36.369468688964815],[139.96530151367202,36.36413192749021],[139.96450805664102,36.3509330749512],[139.96000671386702,36.35106658935553],[139.945098876953,36.348400115966776],[139.935302734375,36.34486770629881],[139.934005737305,36.34360122680659],[139.921997070313,36.34133529663092],[139.914199829102,36.33653259277338],[139.913101196289,36.33506774902344],[139.91119384765602,36.3098678588867],[139.91510009765602,36.309467315673785],[139.90960693359398,36.3005981445313],[139.90400695800798,36.29833221435554],[139.899398803711,36.301200866699205],[139.895401000977,36.3008003234863],[139.895401000977,36.304401397705114],[139.898895263672,36.30659866333012],[139.896392822266,36.30979919433594],[139.89129638671898,36.309467315673785],[139.88420104980497,36.311599731445305],[139.88020324707,36.30979919433594],[139.878799438477,36.31459808349612],[139.88259887695298,36.321399688720675],[139.87820434570298,36.322998046875036],[139.87469482421898,36.32313537597664],[139.871795654297,36.314998626709034],[139.86729431152298,36.313865661621065],[139.86439514160196,36.31520080566412],[139.85760498046898,36.31053543090818],[139.84870910644497,36.311332702636726],[139.83540344238304,36.29353332519526],[139.84129333496097,36.27539825439447],[139.83430480956997,36.26879882812501],[139.82879638671903,36.25320053100591],[139.82170104980503,36.23979949951172],[139.75740051269503,36.217533111572315],[139.74679565429702,36.21093368530268],[139.727401733398,36.20159912109379],[139.727203369141,36.20600128173834],[139.720199584961,36.20846557617192],[139.71919250488298,36.2115325927734],[139.714904785156,36.21006774902337],[139.707092285156,36.2106666564941],[139.707595825195,36.20893478393549],[139.70640563964798,36.201934814453125],[139.701995849609,36.203933715820305],[139.70010375976597,36.2035331726074],[139.69740295410196,36.2063331604004],[139.69140624999997,36.20613479614258],[139.68789672851597,36.199798583984425],[139.686096191406,36.203735351562486],[139.68280029296898,36.201465606689545],[139.67770385742196,36.20140075683588],[139.67430114746097,36.2091331481934],[139.66479492187497,36.2071990966797],[139.66410827636696,36.20840072631843],[139.66929626464798,36.212467193603466],[139.66549682617196,36.22306442260738],[139.65960693359403,36.22086715698238],[139.66099548339798,36.223731994628864],[139.65960693359403,36.22806549072274],[139.66290283203097,36.229999542236264],[139.65510559081997,36.23133468627932],[139.65490722656304,36.23320007324217],[139.65130615234403,36.23860168457026],[139.64990234374994,36.23820114135744],[139.64599609374997,36.24039840698236],[139.64250183105503,36.2357330322266],[139.64219665527295,36.23986816406248],[139.63389587402304,36.25320053100591],[139.63090515136696,36.254531860351605],[139.63619995117196,36.26093292236334],[139.64070129394497,36.26353454589843],[139.64280700683602,36.266666412353494],[139.63769531249994,36.264198303222734],[139.63409423828097,36.27006530761722],[139.62699890136696,36.27146530151368],[139.62179565429693,36.273735046386705],[139.61700439453102,36.274131774902344],[139.61010742187503,36.2685356140137],[139.586700439453,36.2690010070801],[139.58029174804702,36.26779937744137],[139.563003540039,36.266998291015554],[139.554306030273,36.27326583862304],[139.555908203125,36.27673339843753],[139.553604125977,36.27939987182619],[139.550994873047,36.278465270996136],[139.549392700195,36.28020095825201],[139.54470825195298,36.276401519775376],[139.54040527343798,36.276798248291016],[139.540298461914,36.279533386230526],[139.53649902343798,36.281799316406286],[139.535293579102,36.27913284301762],[139.526596069336,36.2845993041992],[139.52119445800798,36.28139877319338],[139.51670837402298,36.28139877319338],[139.51319885253898,36.27840042114256],[139.50410461425804,36.28113555908198],[139.50019836425795,36.276065826416044],[139.49369812011696,36.27399826049801],[139.48750305175804,36.27579879760738],[139.48260498046903,36.272068023681584],[139.47760009765597,36.27233123779298],[139.47560119628903,36.27519989013674],[139.47270202636696,36.276065826416044],[139.47239685058597,36.27113342285161],[139.46440124511696,36.271533966064524],[139.459106445313,36.27593231201171],[139.46240234375003,36.279067993164134],[139.467407226563,36.27899932861329],[139.45880126953097,36.28860092163092],[139.44369506835903,36.288265228271506],[139.44360351562503,36.293865203857415],[139.43789672851602,36.297065734863324],[139.43580627441403,36.29206848144532],[139.43170166015602,36.29513168334963],[139.43150329589804,36.30113220214836],[139.42700195312503,36.303665161132784],[139.42909240722702,36.30580139160157],[139.424194335938,36.307933807373],[139.41569519043,36.31599807739258],[139.41749572753903,36.317066192626974],[139.41560363769503,36.31806564331052],[139.41819763183602,36.321598052978494],[139.414703369141,36.324932098388736],[139.418395996094,36.326400756835945],[139.42149353027304,36.32266616821288],[139.423004150391,36.32500076293949],[139.42460632324202,36.32386398315434],[139.426696777344,36.32566452026371],[139.417999267578,36.33653259277338],[139.39360046386702,36.34773254394529],[139.388900756836,36.35419845581051],[139.36950683593798,36.36673355102539],[139.367401123047,36.371467590332],[139.36669921875,36.37806701660164],[139.36109924316398,36.3838005065918],[139.36860656738298,36.39493179321286],[139.371795654297,36.39866638183592],[139.374099731445,36.39926528930656],[139.376602172852,36.40786743164057],[139.38049316406298,36.4160003662109],[139.391799926758,36.42480087280273],[139.393905639648,36.42893218994143],[139.39459228515602,36.43379974365228],[139.401397705078,36.43666839599612],[139.406600952148,36.44580078125001],[139.410903930664,36.44933319091798],[139.411804199219,36.45373535156253],[139.40939331054702,36.45706558227541],[139.409698486328,36.45853424072271],[139.414505004883,36.46179962158202],[139.41639709472702,36.46139907836911],[139.420196533203,36.457332611083984],[139.42460632324202,36.45906829833977],[139.43099975585903,36.457599639892564],[139.42979431152304,36.46099853515629],[139.43510437011702,36.46419906616211],[139.43809509277304,36.474998474121115],[139.43190002441403,36.471332550048814],[139.43000793457003,36.480667114257784],[139.42689514160202,36.48393249511718],[139.42799377441403,36.49013137817382],[139.422302246094,36.490467071533246],[139.42239379882804,36.49300003051758],[139.41900634765602,36.49486541748052],[139.419204711914,36.5009346008301],[139.42359924316403,36.505935668945284],[139.421905517578,36.50866699218753],[139.42779541015602,36.51079940795904],[139.44290161132804,36.53179931640633],[139.43479919433602,36.53293228149412],[139.436706542969,36.53419876098633],[139.43829345703094,36.54819869995124],[139.44189453125003,36.552333831787124],[139.45100402832003,36.54986572265628],[139.45730590820304,36.55319976806643],[139.45980834960903,36.553066253662095],[139.46569824218804,36.56259918212889],[139.46949768066403,36.565467834472734],[139.47230529785202,36.56520080566407],[139.47399902343804,36.566665649414105],[139.47399902343804,36.572532653808594],[139.48269653320295,36.578266143798835],[139.48339843749997,36.58240127563481],[139.47639465331997,36.58739852905272],[139.47109985351602,36.602001190185455],[139.46530151367196,36.60653305053707],[139.45899963378903,36.60586547851558],[139.45350646972702,36.60373306274406],[139.446899414063,36.607200622558636],[139.44219970703102,36.60566711425776],[139.43760681152304,36.60266876220703],[139.42799377441403,36.60113525390633],[139.42599487304702,36.60279846191409],[139.42070007324202,36.60406875610349],[139.41299438476602,36.60786819458012],[139.404006958008,36.60886764526367],[139.406707763672,36.60546875000003],[139.397903442383,36.60226821899412],[139.388595581055,36.61059951782228],[139.381607055664,36.61253356933589],[139.371795654297,36.61186599731449],[139.36270141601597,36.61420059204101],[139.35499572753898,36.61453247070307],[139.34880065917997,36.61859893798828],[139.345794677734,36.625133514404254],[139.33090209960898,36.62720108032229],[139.32789611816398,36.63360214233401],[139.32969665527298,36.64066696166987],[139.32730102539097,36.656333923339815],[139.33529663085898,36.66986846923834],[139.33489990234398,36.674068450927706],[139.33889770507798,36.67826843261716],[139.33729553222696,36.681400299072315],[139.33909606933597,36.6849327087402],[139.33700561523398,36.69206619262699],[139.35420227050798,36.705665588378906],[139.356094360352,36.709197998046875],[139.36050415039097,36.71366500854491],[139.359909057617,36.71693420410158],[139.36320495605497,36.71853256225594],[139.36689758300798,36.725734710693395],[139.36540222167997,36.7279319763184],[139.368194580078,36.7400016784668],[139.371795654297,36.745735168457045],[139.371795654297,36.74693298339841],[139.358001708984,36.749866485595746],[139.354797363281,36.753200531005895],[139.35510253906298,36.7598686218262],[139.35090637206997,36.76346588134766],[139.35360717773398,36.767799377441364],[139.353103637695,36.7737350463867],[139.35810852050798,36.77446746826167],[139.362197875977,36.779598236084006],[139.367401123047,36.7836685180664],[139.370101928711,36.7830657958984],[139.374298095703,36.78440093994137],[139.37809753418,36.79413223266598],[139.37600708007798,36.79733276367189],[139.378005981445,36.80366516113278],[139.38250732421898,36.805198669433565],[139.386505126953,36.805198669433565],[139.393493652344,36.8096656799316],[139.3916015625,36.812133789062536],[139.393493652344,36.81706619262696],[139.40490722656298,36.8254013061523],[139.406402587891,36.829601287841754],[139.398696899414,36.834331512451186],[139.392807006836,36.83459854125976],[139.392105102539,36.83286666870124],[139.377899169922,36.838665008544886],[139.375,36.83826828002933],[139.371795654297,36.84026718139652],[139.36639404296898,36.841400146484396],[139.36390686035196,36.847133636474645],[139.356506347656,36.84813308715819],[139.34870910644497,36.85273361206047],[139.353897094727,36.85686874389653],[139.357498168945,36.868598937988324],[139.35639953613298,36.87806701660163],[139.360992431641,36.87426757812499],[139.36160278320298,36.876667022705085],[139.369003295898,36.877933502197294],[139.371795654297,36.882865905761726],[139.370697021484,36.88780212402342],[139.376205444336,36.89580154418952],[139.38960266113298,36.90179824829098],[139.395294189453,36.90533447265631],[139.393402099609,36.91093444824222],[139.39889526367202,36.91986846923829],[139.409805297852,36.927200317382805],[139.421997070313,36.92466735839838],[139.42849731445304,36.92499923706053],[139.430603027344,36.9274024963379],[139.43150329589804,36.931400299072266],[139.43479919433602,36.937465667724574],[139.43580627441403,36.942535400390604],[139.44279479980503,36.94773101806643],[139.45269775390597,36.950801849365185],[139.45730590820304,36.95613479614261],[139.45989990234403,36.969734191894524],[139.46560668945304,36.971401214599645],[139.47689819335898,36.9728012084961],[139.48480224609403,36.97513198852544],[139.49470520019497,36.96820068359383],[139.50579833984398,36.97119903564447],[139.51690673828097,36.978065490722685],[139.525604248047,36.981399536132834],[139.53030395507798,36.98080062866211],[139.53359985351597,36.981800079345746],[139.53559875488298,36.98106765747068],[139.54870605468798,36.993598937988295],[139.554595947266,36.992668151855504],[139.55830383300798,36.99713134765627],[139.564804077148,36.99713134765627],[139.57739257812503,37.00320053100594],[139.58309936523403,37.01539993286131],[139.588806152344,37.01486587524407],[139.597198486328,37.01206588745124],[139.60350036621102,37.015666961669886],[139.61129760742202,37.01380157470703],[139.61920166015602,37.01726531982416],[139.61970520019503,37.020332336425824],[139.62179565429693,37.02186584472661],[139.625,37.02726745605471],[139.62370300293003,37.029933929443374],[139.62680053710903,37.03359985351559],[139.63870239257804,37.03219985961913],[139.64379882812494,37.036132812500014],[139.65229797363304,37.037868499755895],[139.65679931640597,37.04173278808593],[139.66510009765597,37.04059982299796],[139.67019653320298,37.0471992492676],[139.67349243164097,37.057933807373026],[139.67770385742196,37.05746841430663],[139.68479919433597,37.06053543090821],[139.69279479980497,37.06259918212888],[139.70129394531298,37.060199737548785],[139.710006713867,37.067531585693395],[139.718307495117,37.06900024414061],[139.72000122070298,37.07086563110346],[139.731201171875,37.06919860839843],[139.736297607422,37.070598602294886],[139.73840332031298,37.072601318359425],[139.74679565429702,37.070934295654304],[139.75289916992202,37.071067810058636],[139.754898071289,37.07439804077152],[139.76339721679702,37.07659912109379],[139.772399902344,37.08653259277341],[139.775802612305,37.09166717529301],[139.77859497070304,37.089332580566406],[139.78930664062503,37.09033203125004],[139.80970764160202,37.08493423461913],[139.815307617188,37.08599853515634],[139.82200622558594,37.085468292236285],[139.82070922851602,37.08653259277341],[139.81900024414102,37.100532531738324],[139.82040405273395,37.109535217285234],[139.81620788574196,37.11166763305657],[139.81629943847693,37.11820220947272],[139.82270812988304,37.12353515624997],[139.82859802246097,37.12699890136719],[139.83099365234395,37.13240051269528],[139.83349609374997,37.13373565673834],[139.83929443359398,37.134132385253885],[139.84770202636696,37.13953399658198],[139.85380554199196,37.137668609619126],[139.860397338867,37.14066696166986],[139.86640930175795,37.14739990234383],[139.877593994141,37.14633560180662],[139.897705078125,37.15359878540038],[139.902603149414,37.15399932861329],[139.909103393555,37.14860153198238],[139.916595458984,37.14786529541023],[139.924499511719,37.152065277099595],[139.930603027344,37.151866912841776],[139.935302734375,37.1539344787598],[139.944702148438,37.153465270996136],[139.95489501953102,37.154998779296925],[139.96139526367202,37.153533935546896]]]}},{"type":"Feature","properties":{"name":"群馬県"},"geometry":{"type":"Polygon","coordinates":[[[138.64810180664097,36.40826797485347],[138.63450622558597,36.41773223876951],[138.62829589843804,36.416198730468814],[138.62179565429696,36.416400909423814],[138.61880493164094,36.419868469238295],[138.61239624023398,36.422798156738274],[138.60440063476602,36.42226791381839],[138.59219360351602,36.424465179443395],[138.58789062499994,36.420665740966754],[138.58509826660202,36.422134399414055],[138.57499694824196,36.419868469238295],[138.56300354003903,36.419868469238295],[138.555603027344,36.41813278198242],[138.54139709472702,36.40380096435553],[138.533401489258,36.402267456054744],[138.51969909668,36.40686416625984],[138.504196166992,36.4149322509766],[138.49359130859398,36.41366577148439],[138.48919677734398,36.40946578979493],[138.489807128906,36.40159988403317],[138.47869873046898,36.40393447875977],[138.46029663085898,36.40459823608399],[138.46060180664097,36.40739822387699],[138.45759582519497,36.4116668701172],[138.45710754394497,36.419868469238295],[138.45449829101597,36.42079925537109],[138.44569396972696,36.419868469238295],[138.44360351562497,36.42146682739257],[138.41720581054702,36.430599212646456],[138.40089416503903,36.43473434448243],[138.40080261230503,36.44046783447267],[138.40339660644503,36.452133178710895],[138.39970397949202,36.4523315429688],[138.39970397949202,36.455066680908224],[138.400100708008,36.46126556396478],[138.40280151367202,36.46479797363284],[138.40049743652304,36.47180175781248],[138.40049743652304,36.480331420898366],[138.39849853515602,36.48339843750003],[138.39720153808602,36.48873138427728],[138.403198242188,36.503200531005945],[138.40510559082003,36.505867004394524],[138.40390014648403,36.52093124389648],[138.41070556640602,36.52666854858399],[138.41349792480503,36.53413391113284],[138.41239929199196,36.54146575927727],[138.41729736328097,36.54313278198239],[138.42849731445304,36.55559921264652],[138.42700195312503,36.55939865112298],[138.42799377441395,36.562267303466825],[138.42820739746102,36.568866729736285],[138.42100524902304,36.57346725463874],[138.42030334472702,36.57706832885738],[138.42649841308597,36.586532592773416],[138.42739868164102,36.596134185790966],[138.43379211425804,36.59973526000979],[138.44009399414097,36.59966659545903],[138.43960571289102,36.60406875610349],[138.44149780273398,36.61073303222661],[138.44799804687497,36.61066818237303],[138.45339965820298,36.613265991210945],[138.45989990234398,36.62753295898444],[138.45799255371097,36.63333129882808],[138.46380615234395,36.637199401855476],[138.46549987792997,36.63700103759774],[138.47279357910196,36.64346694946287],[138.48089599609398,36.64526748657232],[138.48789978027298,36.64166641235351],[138.496795654297,36.64333343505863],[138.507400512695,36.64799880981448],[138.511795043945,36.6468658447266],[138.525207519531,36.65146636962888],[138.529205322266,36.65646743774406],[138.53439331054702,36.666400909423764],[138.525497436523,36.66986846923834],[138.518798828125,36.67566680908198],[138.519805908203,36.688934326171925],[138.514007568359,36.69033432006838],[138.529495239258,36.697132110595746],[138.535995483398,36.697200775146506],[138.543395996094,36.7039337158203],[138.55819702148403,36.70660018920896],[138.56900024414102,36.70586776733399],[138.57380676269503,36.70740127563478],[138.58290100097702,36.70146560668954],[138.59080505371102,36.70833206176757],[138.59550476074196,36.714733123779304],[138.59910583496102,36.714534759521484],[138.60440063476602,36.709068298339815],[138.60980224609403,36.70646667480472],[138.61520385742196,36.71046829223627],[138.62179565429696,36.72040176391597],[138.62440490722696,36.7210006713867],[138.62989807128898,36.71973419189449],[138.64680480956997,36.72613525390631],[138.65559387207,36.727600097656335],[138.659393310547,36.729198455810526],[138.665496826172,36.729000091552706],[138.66780090332,36.7309341430664],[138.674606323242,36.73113250732422],[138.683700561523,36.735599517822344],[138.695693969727,36.73860168457034],[138.702606201172,36.73686599731447],[138.71189880371102,36.738800048828075],[138.71440124511702,36.74353408813477],[138.719604492188,36.74779891967771],[138.722106933594,36.753200531005895],[138.721603393555,36.7583999633789],[138.72630310058602,36.763801574706996],[138.729202270508,36.762599945068445],[138.73500061035202,36.762866973877024],[138.74049377441403,36.759468078613295],[138.74679565429702,36.75833511352541],[138.76130676269503,36.74919891357417],[138.76429748535202,36.749267578125014],[138.76719665527304,36.74660110473626],[138.78070068359403,36.74720001220699],[138.78939819335898,36.7449989318848],[138.79170227050804,36.747268676757834],[138.79449462890597,36.75653457641596],[138.80119323730497,36.761932373046875],[138.80990600585898,36.765335083007784],[138.81629943847696,36.76186752319339],[138.820892333984,36.76406860351557],[138.82609558105497,36.77166748046884],[138.82519531249997,36.77439880371091],[138.827194213867,36.77926635742194],[138.82879638671898,36.78979873657228],[138.83129882812497,36.793731689453075],[138.829803466797,36.79506683349613],[138.82479858398398,36.80673217773444],[138.82150268554696,36.81706619262696],[138.82789611816398,36.818000793457024],[138.83459472656298,36.815868377685504],[138.83830261230497,36.81706619262696],[138.85490417480497,36.81193161010744],[138.87179565429702,36.81840133666993],[138.875198364258,36.81879806518548],[138.881805419922,36.825798034668026],[138.90089416503903,36.82726669311524],[138.92840576171903,36.83259963989258],[138.92990112304702,36.836532592773366],[138.92509460449196,36.84640121459958],[138.91870117187503,36.848934173584006],[138.91619873046903,36.85100173950204],[138.92239379882804,36.8628005981445],[138.917602539063,36.869800567627045],[138.92300415039102,36.88346862792972],[138.92950439453102,36.886665344238274],[138.93209838867193,36.893733978271484],[138.93969726562503,36.89513397216803],[138.94879150390597,36.894001007080064],[138.95320129394497,36.89506530761719],[138.96530151367196,36.89179992675779],[138.97149658203097,36.88740158081051],[138.97900390624997,36.89106750488282],[138.97970581054696,36.90380096435552],[138.97470092773398,36.9125328063965],[138.977096557617,36.91986846923829],[138.96769714355497,36.93019866943363],[138.96569824218804,36.943935394287145],[138.96490478515597,36.9557342529297],[138.96659851074196,36.97086715698241],[138.96649169921898,36.97886657714841],[138.96969604492196,36.981468200683594],[138.99870300292997,36.97940063476556],[139.008895874023,36.984066009521506],[139.014999389648,36.988201141357386],[139.02949523925798,36.98440170288092],[139.04699707031298,36.987468719482415],[139.05409240722702,36.99833297729491],[139.072906494141,37.0078659057617],[139.08090209960903,37.00986862182624],[139.09019470214804,37.01959991455077],[139.09039306640594,37.04373550415038],[139.09700012207003,37.05879974365233],[139.11030578613304,37.05533218383793],[139.11369323730503,37.04959869384769],[139.11779785156304,37.047599792480504],[139.12179565429696,37.047668457031264],[139.12469482421903,37.04380035400387],[139.13189697265597,37.026733398437464],[139.14230346679696,37.02186584472661],[139.14979553222696,37.01026535034179],[139.165496826172,37.00320053100594],[139.169998168945,37.00226593017579],[139.17190551757798,37.0002670288086],[139.17919921874997,36.991401672363295],[139.17529296875,36.97373199462889],[139.18029785156298,36.96466827392577],[139.18640136718798,36.960132598876974],[139.19180297851597,36.961265563964766],[139.197998046875,36.958133697509794],[139.20520019531298,36.95626831054694],[139.214706420898,36.95800018310546],[139.22180175781298,36.9613990783691],[139.228302001953,36.96133422851561],[139.2373046875,36.947132110595696],[139.23199462890602,36.940601348876996],[139.230606079102,36.94066619873048],[139.23109436035202,36.93679809570309],[139.231796264648,36.93740081787109],[139.234893798828,36.93679809570309],[139.23590087890602,36.93420028686518],[139.238906860352,36.93426513671884],[139.24150085449202,36.93019866943363],[139.25759887695304,36.93413162231451],[139.26649475097702,36.94126510620121],[139.27650451660202,36.93373489379878],[139.28359985351602,36.93166732788093],[139.28709411621097,36.934398651123],[139.29499816894497,36.93453216552733],[139.30470275878903,36.9259338378906],[139.31509399414097,36.926868438720746],[139.33419799804696,36.92486572265629],[139.34140014648398,36.92793273925778],[139.34530639648398,36.925399780273445],[139.34629821777298,36.92206573486329],[139.348602294922,36.91986846923829],[139.34950256347696,36.913135528564496],[139.35520935058597,36.91646575927729],[139.371795654297,36.91806793212892],[139.37919616699202,36.915534973144496],[139.38409423828102,36.911598205566435],[139.393402099609,36.91093444824222],[139.395294189453,36.90533447265631],[139.38960266113298,36.90179824829098],[139.376205444336,36.89580154418952],[139.371795654297,36.89006805419918],[139.370697021484,36.88780212402342],[139.371795654297,36.882865905761726],[139.369003295898,36.877933502197294],[139.36160278320298,36.876667022705085],[139.360992431641,36.87426757812499],[139.35639953613298,36.87806701660163],[139.357498168945,36.868598937988324],[139.353897094727,36.85686874389653],[139.34870910644497,36.85273361206047],[139.356506347656,36.84813308715819],[139.36390686035196,36.847133636474645],[139.36639404296898,36.841400146484396],[139.371795654297,36.84026718139652],[139.375,36.83826828002933],[139.377899169922,36.838665008544886],[139.392105102539,36.83286666870124],[139.392807006836,36.83459854125976],[139.398696899414,36.834331512451186],[139.406402587891,36.829601287841754],[139.40490722656298,36.8254013061523],[139.393493652344,36.81706619262696],[139.3916015625,36.812133789062536],[139.393493652344,36.8096656799316],[139.386505126953,36.805198669433565],[139.38250732421898,36.805198669433565],[139.378005981445,36.80366516113278],[139.37600708007798,36.79733276367189],[139.37809753418,36.79413223266598],[139.374298095703,36.78440093994137],[139.370101928711,36.7830657958984],[139.367401123047,36.7836685180664],[139.362197875977,36.779598236084006],[139.35810852050798,36.77446746826167],[139.353103637695,36.7737350463867],[139.35360717773398,36.767799377441364],[139.35090637206997,36.76346588134766],[139.35510253906298,36.7598686218262],[139.354797363281,36.753200531005895],[139.358001708984,36.749866485595746],[139.371795654297,36.74693298339841],[139.371795654297,36.745735168457045],[139.368194580078,36.7400016784668],[139.36540222167997,36.7279319763184],[139.36689758300798,36.725734710693395],[139.36320495605497,36.71853256225594],[139.359909057617,36.71693420410158],[139.36050415039097,36.71366500854491],[139.356094360352,36.709197998046875],[139.35420227050798,36.705665588378906],[139.33700561523398,36.69206619262699],[139.33909606933597,36.6849327087402],[139.33729553222696,36.681400299072315],[139.33889770507798,36.67826843261716],[139.33489990234398,36.674068450927706],[139.33529663085898,36.66986846923834],[139.32730102539097,36.656333923339815],[139.32969665527298,36.64066696166987],[139.32789611816398,36.63360214233401],[139.33090209960898,36.62720108032229],[139.345794677734,36.625133514404254],[139.34880065917997,36.61859893798828],[139.35499572753898,36.61453247070307],[139.36270141601597,36.61420059204101],[139.371795654297,36.61186599731449],[139.381607055664,36.61253356933589],[139.388595581055,36.61059951782228],[139.397903442383,36.60226821899412],[139.406707763672,36.60546875000003],[139.404006958008,36.60886764526367],[139.41299438476602,36.60786819458012],[139.42070007324202,36.60406875610349],[139.42599487304702,36.60279846191409],[139.42799377441403,36.60113525390633],[139.43760681152304,36.60266876220703],[139.44219970703102,36.60566711425776],[139.446899414063,36.607200622558636],[139.45350646972702,36.60373306274406],[139.45899963378903,36.60586547851558],[139.46530151367196,36.60653305053707],[139.47109985351602,36.602001190185455],[139.47639465331997,36.58739852905272],[139.48339843749997,36.58240127563481],[139.48269653320295,36.578266143798835],[139.47399902343804,36.572532653808594],[139.47399902343804,36.566665649414105],[139.47230529785202,36.56520080566407],[139.46949768066403,36.565467834472734],[139.46569824218804,36.56259918212889],[139.45980834960903,36.553066253662095],[139.45730590820304,36.55319976806643],[139.45100402832003,36.54986572265628],[139.44189453125003,36.552333831787124],[139.43829345703094,36.54819869995124],[139.436706542969,36.53419876098633],[139.43479919433602,36.53293228149412],[139.44290161132804,36.53179931640633],[139.42779541015602,36.51079940795904],[139.421905517578,36.50866699218753],[139.42359924316403,36.505935668945284],[139.419204711914,36.5009346008301],[139.41900634765602,36.49486541748052],[139.42239379882804,36.49300003051758],[139.422302246094,36.490467071533246],[139.42799377441403,36.49013137817382],[139.42689514160202,36.48393249511718],[139.43000793457003,36.480667114257784],[139.43190002441403,36.471332550048814],[139.43809509277304,36.474998474121115],[139.43510437011702,36.46419906616211],[139.42979431152304,36.46099853515629],[139.43099975585903,36.457599639892564],[139.42460632324202,36.45906829833977],[139.420196533203,36.457332611083984],[139.41639709472702,36.46139907836911],[139.414505004883,36.46179962158202],[139.409698486328,36.45853424072271],[139.40939331054702,36.45706558227541],[139.411804199219,36.45373535156253],[139.410903930664,36.44933319091798],[139.406600952148,36.44580078125001],[139.401397705078,36.43666839599612],[139.39459228515602,36.43379974365228],[139.393905639648,36.42893218994143],[139.391799926758,36.42480087280273],[139.38049316406298,36.4160003662109],[139.376602172852,36.40786743164057],[139.374099731445,36.39926528930656],[139.371795654297,36.39866638183592],[139.36860656738298,36.39493179321286],[139.36109924316398,36.3838005065918],[139.36669921875,36.37806701660164],[139.367401123047,36.371467590332],[139.36950683593798,36.36673355102539],[139.388900756836,36.35419845581051],[139.39360046386702,36.34773254394529],[139.417999267578,36.33653259277338],[139.426696777344,36.32566452026371],[139.42460632324202,36.32386398315434],[139.423004150391,36.32500076293949],[139.42149353027304,36.32266616821288],[139.418395996094,36.326400756835945],[139.414703369141,36.324932098388736],[139.41819763183602,36.321598052978494],[139.41560363769503,36.31806564331052],[139.41749572753903,36.317066192626974],[139.41569519043,36.31599807739258],[139.424194335938,36.307933807373],[139.42909240722702,36.30580139160157],[139.42700195312503,36.303665161132784],[139.43150329589804,36.30113220214836],[139.43170166015602,36.29513168334963],[139.43580627441403,36.29206848144532],[139.43789672851602,36.297065734863324],[139.44360351562503,36.293865203857415],[139.44369506835903,36.288265228271506],[139.45880126953097,36.28860092163092],[139.467407226563,36.27899932861329],[139.46240234375003,36.279067993164134],[139.459106445313,36.27593231201171],[139.46440124511696,36.271533966064524],[139.47239685058597,36.27113342285161],[139.47270202636696,36.276065826416044],[139.47560119628903,36.27519989013674],[139.47760009765597,36.27233123779298],[139.48260498046903,36.272068023681584],[139.48750305175804,36.27579879760738],[139.49369812011696,36.27399826049801],[139.50019836425795,36.276065826416044],[139.50410461425804,36.28113555908198],[139.51319885253898,36.27840042114256],[139.51670837402298,36.28139877319338],[139.52119445800798,36.28139877319338],[139.526596069336,36.2845993041992],[139.535293579102,36.27913284301762],[139.53649902343798,36.281799316406286],[139.540298461914,36.279533386230526],[139.54040527343798,36.276798248291016],[139.54470825195298,36.276401519775376],[139.549392700195,36.28020095825201],[139.550994873047,36.278465270996136],[139.553604125977,36.27939987182619],[139.555908203125,36.27673339843753],[139.554306030273,36.27326583862304],[139.563003540039,36.266998291015554],[139.58029174804702,36.26779937744137],[139.586700439453,36.2690010070801],[139.61010742187503,36.2685356140137],[139.61700439453102,36.274131774902344],[139.62179565429693,36.273735046386705],[139.62699890136696,36.27146530151368],[139.63409423828097,36.27006530761722],[139.63769531249994,36.264198303222734],[139.64280700683602,36.266666412353494],[139.64070129394497,36.26353454589843],[139.63619995117196,36.26093292236334],[139.63090515136696,36.254531860351605],[139.63389587402304,36.25320053100591],[139.64219665527295,36.23986816406248],[139.64250183105503,36.2357330322266],[139.64599609374997,36.24039840698236],[139.64990234374994,36.23820114135744],[139.65130615234403,36.23860168457026],[139.65490722656304,36.23320007324217],[139.65510559081997,36.23133468627932],[139.66290283203097,36.229999542236264],[139.65960693359403,36.22806549072274],[139.66099548339798,36.223731994628864],[139.65960693359403,36.22086715698238],[139.66549682617196,36.22306442260738],[139.66929626464798,36.212467193603466],[139.66410827636696,36.20840072631843],[139.66479492187497,36.2071990966797],[139.66200256347696,36.207866668701186],[139.66369628906304,36.21120071411134],[139.66059875488304,36.214668273925824],[139.65000915527304,36.21126556396483],[139.65100097656304,36.20133209228521],[139.65029907226594,36.19693374633794],[139.64059448242196,36.19739913940433],[139.62809753418003,36.194599151611335],[139.62489318847702,36.18659973144533],[139.60989379882804,36.196865081787095],[139.60099792480503,36.20553207397458],[139.587905883789,36.210399627685526],[139.57470703125,36.20479965209961],[139.55830383300798,36.20140075683588],[139.541900634766,36.19553375244139],[139.52580261230497,36.191333770752024],[139.513000488281,36.19279861450197],[139.49679565429696,36.19279861450197],[139.47329711914094,36.189334869384844],[139.45719909668003,36.19060134887697],[139.44419860839804,36.196865081787095],[139.42509460449202,36.21046829223628],[139.420806884766,36.21093368530268],[139.41909790039102,36.2167320251465],[139.407897949219,36.22306442260738],[139.389892578125,36.229732513427685],[139.377105712891,36.24413299560551],[139.370193481445,36.24606704711912],[139.35949707031298,36.25320053100591],[139.35459899902298,36.25193405151369],[139.35099792480497,36.25439834594727],[139.34710693359398,36.25320053100591],[139.345993041992,36.24919891357418],[139.34040832519497,36.246467590332024],[139.33990478515597,36.2445983886719],[139.32780456542997,36.239933013915966],[139.32910156249997,36.23346710205084],[139.32350158691398,36.229732513427685],[139.30999755859403,36.23326873779302],[139.30540466308597,36.24020004272463],[139.30540466308597,36.244400024414084],[139.30369567871097,36.24553298950197],[139.29699707031304,36.24340057373054],[139.268005371094,36.250400543212905],[139.26699829101602,36.24366760253911],[139.26480102539102,36.242668151855476],[139.25669860839804,36.24546432495121],[139.24369812011702,36.244533538818416],[139.23809814453102,36.24606704711912],[139.223892211914,36.258468627929666],[139.21159362793,36.25633239746088],[139.211898803711,36.26026535034176],[139.208602905273,36.262332916259794],[139.197998046875,36.262332916259794],[139.17140197753898,36.27386856079104],[139.16389465332,36.27899932861329],[139.13600158691395,36.27853393554689],[139.12930297851602,36.283401489257834],[139.12179565429696,36.27306747436522],[139.10749816894494,36.26153182983398],[139.11019897460903,36.258865356445305],[139.10780334472702,36.25320053100591],[139.09640502929702,36.23833465576169],[139.082702636719,36.21686553955083],[139.06320190429702,36.195865631103544],[139.06449890136702,36.18786621093754],[139.057601928711,36.183666229248],[139.057403564453,36.16986465454099],[139.059692382813,36.16400146484377],[139.063705444336,36.159000396728494],[139.062698364258,36.15800094604486],[139.062103271484,36.15306854248052],[139.04850769043,36.152400970459034],[139.047409057617,36.14986801147461],[139.043106079102,36.14846801757807],[139.041305541992,36.140933990478544],[139.04280090332,36.1296005249023],[139.037002563477,36.12633514404299],[139.026596069336,36.130065917968786],[139.024993896484,36.134201049804666],[139.020401000977,36.13119888305658],[139.01600646972696,36.133800506591754],[139.012191772461,36.13280105590821],[139.00430297851597,36.13313293457027],[139.006195068359,36.13059997558594],[139.00219726562497,36.12559890747066],[138.995193481445,36.12559890747066],[138.98599243164097,36.11600112915038],[138.97639465331997,36.11733245849608],[138.97329711914097,36.12186813354487],[138.96510314941395,36.12580108642584],[138.95840454101602,36.124267578124964],[138.95669555664097,36.116134643554716],[138.95779418945295,36.10793304443362],[138.94580078125003,36.09626770019531],[138.93119812011696,36.088268280029304],[138.91709899902304,36.09353256225589],[138.90969848632804,36.09120178222664],[138.90399169921903,36.09180068969728],[138.88830566406298,36.08559799194337],[138.877197265625,36.0824661254883],[138.87179565429702,36.079467773437486],[138.866104125977,36.07766723632812],[138.858993530273,36.069866180419936],[138.847396850586,36.06713104248051],[138.84539794921898,36.06179809570308],[138.837997436523,36.05039978027344],[138.83499145507798,36.05013275146477],[138.828994750977,36.04133224487304],[138.82850646972696,36.03733444213867],[138.82020568847696,36.03626632690428],[138.81410217285196,36.03379821777343],[138.80700683593804,36.03393173217768],[138.79080200195304,36.02946472167973],[138.78359985351594,36.033535003662124],[138.78059387206997,36.03680038452152],[138.77540588378903,36.03779983520507],[138.77040100097702,36.03826522827146],[138.755004882813,36.03459930419916],[138.74859619140594,36.01833343505857],[138.74389648437503,36.01106643676763],[138.73789978027304,36.00686645507808],[138.73570251464804,36.00193405151374],[138.72769165039102,35.99586486816408],[138.717300415039,35.99319839477541],[138.71269226074202,35.98526763916016],[138.697601318359,35.99033355712892],[138.68859863281298,35.991798400878864],[138.686798095703,35.99833297729493],[138.682907104492,36.00320053100587],[138.680999755859,36.00426483154299],[138.680801391602,36.010734558105476],[138.662399291992,36.01146697998054],[138.661392211914,36.01633453369139],[138.64709472656298,36.019935607910206],[138.64540100097696,36.023067474365185],[138.63789367675798,36.027000427246065],[138.63299560546898,36.02726745605473],[138.631393432617,36.02833175659176],[138.64379882812497,36.05066680908202],[138.642395019531,36.06499862670899],[138.64050292968804,36.073600769043],[138.63389587402298,36.07993316650388],[138.63040161132798,36.08653259277343],[138.63059997558597,36.09126663208013],[138.63319396972696,36.092067718505945],[138.63780212402298,36.09686660766604],[138.64500427246097,36.098865509033224],[138.646697998047,36.10520172119138],[138.646301269531,36.10873413085944],[138.640594482422,36.11679840087893],[138.64520263671898,36.11980056762702],[138.63829040527298,36.123867034912145],[138.63459777831997,36.13359832763667],[138.62179565429696,36.131801605224574],[138.62089538574196,36.133201599121115],[138.61279296874997,36.13353347778318],[138.60899353027298,36.135665893554695],[138.60200500488304,36.135864257812514],[138.59799194335898,36.13806533813479],[138.59289550781304,36.151466369628885],[138.58749389648395,36.16053390502928],[138.58099365234403,36.16193389892583],[138.58079528808602,36.165000915527315],[138.57730102539102,36.16813278198238],[138.58250427246102,36.17853546142584],[138.58619689941403,36.177131652832024],[138.58789062499994,36.1788673400879],[138.58970642089804,36.17853546142584],[138.58889770507804,36.17593383789057],[138.58959960937503,36.16986465454099],[138.59210205078097,36.16766738891599],[138.60929870605503,36.16139984130859],[138.60839843749997,36.163864135742166],[138.61140441894497,36.16759872436523],[138.62179565429696,36.17133331298829],[138.62199401855497,36.170734405517564],[138.63020324706997,36.17226791381844],[138.63519287109398,36.17100143432623],[138.63699340820298,36.174465179443445],[138.63029479980497,36.183067321777266],[138.62280273437497,36.19699859619143],[138.63470458984395,36.205600738525426],[138.63690185546898,36.204399108886705],[138.63240051269497,36.216800689697344],[138.62179565429696,36.21500015258789],[138.61250305175804,36.229133605957045],[138.61250305175804,36.240867614746115],[138.60310363769497,36.24786758422848],[138.60510253906304,36.26566696166994],[138.60310363769497,36.27353286743162],[138.60040283203097,36.278465270996136],[138.60879516601597,36.28099822998047],[138.61219787597696,36.28526687622068],[138.62640380859403,36.28866577148441],[138.62879943847696,36.28846740722659],[138.63989257812497,36.29359817504884],[138.64390563964798,36.29339981079102],[138.64819335937497,36.29859924316411],[138.650192260742,36.29859924316411],[138.650192260742,36.30066680908197],[138.65350341796898,36.303066253662145],[138.65249633789097,36.30786514282233],[138.64810180664097,36.31413269042973],[138.651901245117,36.32253265380864],[138.651901245117,36.330532073974645],[138.65029907226597,36.33653259277338],[138.64990234374997,36.35193252563484],[138.65370178222696,36.35706710815427],[138.651992797852,36.36013412475593],[138.65710449218795,36.36873245239258],[138.65150451660196,36.37306594848628],[138.65049743652298,36.382133483886676],[138.651596069336,36.39393234252932],[138.64990234374997,36.3980674743652],[138.64810180664097,36.40826797485347]]]}},{"type":"Feature","properties":{"name":"茨城県"},"geometry":{"type":"MultiPolygon","coordinates":[[[[140.567596435547,36.936866760253935],[140.57400512695298,36.93966674804693],[140.57629394531298,36.942798614501996],[140.58340454101597,36.94333267211906],[140.58630371093798,36.945465087890575],[140.591796875,36.93826675415039],[140.593994140625,36.938934326171875],[140.593399047852,36.92793273925778],[140.594497680664,36.926265716552656],[140.60090637207,36.92233276367187],[140.60949707031298,36.91180038452153],[140.614395141602,36.9084014892578],[140.616394042969,36.903533935546946],[140.627105712891,36.90253448486331],[140.637405395508,36.89766693115228],[140.64680480957003,36.900001525878885],[140.64779663085903,36.90100097656252],[140.65519714355503,36.9006652832031],[140.65699768066403,36.89739990234379],[140.67359924316403,36.89326858520509],[140.68110656738304,36.89279937744143],[140.68820190429696,36.88880157470697],[140.69549560546903,36.888267517089815],[140.69920349121097,36.88373184204103],[140.70379638671895,36.88240051269533],[140.70570373535196,36.880798339843786],[140.70619201660196,36.878532409668026],[140.71229553222696,36.874599456787145],[140.71820068359398,36.87239837646478],[140.72360229492196,36.871532440185476],[140.72579956054696,36.8746681213379],[140.73489379882798,36.872467041015625],[140.741500854492,36.87546539306636],[140.746795654297,36.871532440185476],[140.759002685547,36.86766815185553],[140.758605957031,36.872467041015625],[140.762100219727,36.87033462524411],[140.760299682617,36.868400573730504],[140.761703491211,36.86593246459957],[140.76370239257798,36.86486816406253],[140.764892578125,36.86673355102538],[140.76469421386702,36.86333465576174],[140.765899658203,36.86726760864262],[140.7666015625,36.863998413085866],[140.765197753906,36.86226654052726],[140.77079772949202,36.86266708374017],[140.771102905273,36.86466598510744],[140.769302368164,36.86593246459957],[140.77290344238298,36.86586761474608],[140.772796630859,36.867198944091776],[140.779403686523,36.866600036621136],[140.786102294922,36.86153411865229],[140.78630065918,36.85633468627928],[140.791198730469,36.85753250122074],[140.79359436035202,36.85960006713868],[140.793106079102,36.85633468627928],[140.795104980469,36.857666015624986],[140.79759216308602,36.85400009155268],[140.797302246094,36.84433364868164],[140.80329895019503,36.836532592773366],[140.80329895019503,36.83326721191406],[140.80619812011702,36.831268310546875],[140.79809570312503,36.82693481445309],[140.794296264648,36.82746505737297],[140.791900634766,36.829933166503906],[140.79159545898403,36.82873535156254],[140.791000366211,36.82986831665042],[140.789001464844,36.82973098754882],[140.789199829102,36.828132629394545],[140.78630065918,36.829467773437514],[140.787200927734,36.826732635498],[140.785598754883,36.82913208007809],[140.785598754883,36.82719802856448],[140.778900146484,36.825798034668026],[140.7705078125,36.81993103027336],[140.756195068359,36.79460144042974],[140.746795654297,36.78073501586906],[140.73120117187497,36.742332458496136],[140.72920227050798,36.72320175170897],[140.71690368652298,36.69273376464838],[140.71459960937497,36.66986846923834],[140.71640014648398,36.662399291992216],[140.70899963378898,36.655601501464844],[140.70500183105494,36.65546798706051],[140.70050048828097,36.652599334716754],[140.70120239257804,36.65039825439448],[140.69990539550804,36.65079879760739],[140.69410705566403,36.644134521484446],[140.68910217285193,36.621601104736285],[140.68299865722693,36.61679840087892],[140.67129516601602,36.598201751709],[140.66659545898403,36.59466552734384],[140.66310119628903,36.586532592773416],[140.66290283203102,36.581466674804744],[140.655395507813,36.57600021362299],[140.64469909668003,36.5511322021484],[140.646606445313,36.544601440429695],[140.64079284668003,36.54026794433591],[140.63310241699202,36.51486587524408],[140.632507324219,36.509998321533224],[140.628295898438,36.50126647949216],[140.628295898438,36.49966812133788],[140.62750244140602,36.5],[140.62809753418,36.4951324462891],[140.62570190429702,36.49846649169916],[140.624008178711,36.49726867675779],[140.624404907227,36.49353408813482],[140.62179565429702,36.49560165405267],[140.61756896972702,36.49066543579097],[140.62126159668003,36.488544464111264],[140.62037658691403,36.486476898193416],[140.61206054687503,36.487697601318395],[140.611694335938,36.48706054687498],[140.61148071289102,36.48478698730468],[140.613311767578,36.484588623046946],[140.61360168457,36.48546600341797],[140.62234497070298,36.483623504638736],[140.62336730956997,36.481807708740206],[140.61918640136702,36.48017883300778],[140.61485290527298,36.48340606689448],[140.61204528808597,36.477882385253864],[140.61094665527298,36.4730911254883],[140.61108398437503,36.46709060668948],[140.6083984375,36.45447540283204],[140.60920715332,36.443862915039134],[140.60813903808597,36.440315246581996],[140.614868164063,36.44163131713871],[140.627014160156,36.441440582275426],[140.62686157226594,36.431240081787145],[140.61915588378895,36.43127441406248],[140.61917114257804,36.43286514282231],[140.61650085449202,36.43290710449218],[140.61645507812497,36.43132400512698],[140.608184814453,36.4312477111816],[140.60775756835895,36.426486968994105],[140.610107421875,36.42649078369137],[140.608764648438,36.41849136352537],[140.60923767089798,36.41182708740233],[140.61012268066398,36.411029815673785],[140.615707397461,36.41104888916022],[140.60977172851602,36.410591125488274],[140.60974121093804,36.405265808105476],[140.61538696289102,36.4052619934082],[140.61181640625,36.404659271240206],[140.611282348633,36.40227890014646],[140.615707397461,36.3883323669434],[140.621505737305,36.383068084716825],[140.62359619140602,36.38426589965819],[140.62680053710903,36.381332397460945],[140.62179565429702,36.36226654052727],[140.608795166016,36.351799011230504],[140.605606079102,36.34460067749023],[140.605804443359,36.3429336547852],[140.604095458984,36.34353256225592],[140.601104736328,36.3396682739258],[140.600006103516,36.34019851684568],[140.59880065918,36.33866500854489],[140.596893310547,36.34166717529298],[140.594192504883,36.337398529052685],[140.59590148925798,36.3353996276855],[140.593902587891,36.32006835937497],[140.587493896484,36.31240081787112],[140.587997436523,36.310733795166],[140.587005615234,36.31119918823239],[140.585205078125,36.30906677246088],[140.584808349609,36.31079864501949],[140.58120727539097,36.309665679931605],[140.579193115234,36.31053161621091],[140.5791015625,36.30920028686521],[140.57879638671898,36.31046676635742],[140.577392578125,36.30939865112303],[140.57690429687497,36.31033325195309],[140.56860351562497,36.30839920043948],[140.568496704102,36.30619812011721],[140.56590270996097,36.30466842651369],[140.55960083007798,36.2917327880859],[140.55969238281298,36.25579833984382],[140.56050109863298,36.24653244018551],[140.57200622558597,36.184600830078054],[140.586196899414,36.1427993774414],[140.610000610352,36.08653259277343],[140.62179565429702,36.06246566772457],[140.65719604492202,35.99593353271484],[140.67359924316403,35.968864440917976],[140.68099975585895,35.970932006835916],[140.70109558105497,35.93773269653317],[140.69360351562494,35.93439865112302],[140.69419860839798,35.93339920043947],[140.69270324706997,35.932132720947344],[140.69380187988304,35.92959976196292],[140.67840576171903,35.91986465454104],[140.67419433593804,35.91986465454104],[140.665405273438,35.9238014221191],[140.66699218750003,35.92673110961908],[140.66290283203102,35.92860031127928],[140.66290283203102,35.92340087890628],[140.67080688476602,35.91666412353522],[140.67359924316403,35.91266632080076],[140.67480468750003,35.8969993591309],[140.67750549316403,35.89666748046884],[140.68719482421903,35.881797790527266],[140.69079589843804,35.8829345703125],[140.67999267578097,35.89966583251948],[140.67730712890594,35.911998748779276],[140.70010375976594,35.92566680908204],[140.70230102539097,35.92206573486331],[140.70489501953097,35.92213439941407],[140.70480346679696,35.923931121826165],[140.70710754394497,35.92499923706047],[140.70910644531304,35.91986465454104],[140.74169921874997,35.874465942382834],[140.739807128906,35.87360000610353],[140.74409484863298,35.86520004272462],[140.774993896484,35.82326507568362],[140.83180236816403,35.753200531005916],[140.83830261230503,35.748531341552706],[140.84109497070304,35.75019836425783],[140.83999633789102,35.7487335205078],[140.84280395507804,35.74639892578128],[140.84503173828102,35.74834823608396],[140.84649658203097,35.743267059326215],[140.84890747070304,35.744197845459006],[140.85189819335895,35.743865966796946],[140.84669494628903,35.74000167846682],[140.82040405273403,35.73959732055664],[140.746795654297,35.7817993164063],[140.72950744628898,35.796199798584034],[140.72079467773398,35.81346511840817],[140.71749877929696,35.8226661682129],[140.70610046386696,35.83653259277339],[140.68209838867196,35.849533081054666],[140.63180541992202,35.85886764526373],[140.62179565429702,35.87393188476559],[140.612503051758,35.89013290405269],[140.598892211914,35.90319824218754],[140.588394165039,35.90626525878912],[140.587997436523,35.91059875488282],[140.585205078125,35.90933227539061],[140.583099365234,35.913398742675824],[140.57690429687497,35.91986465454104],[140.572799682617,35.92133331298834],[140.573699951172,35.92200088500982],[140.55540466308597,35.93133163452153],[140.53329467773398,35.94126510620123],[140.52870178222696,35.94599914550784],[140.51130676269494,35.95866775512697],[140.50120544433602,35.94659805297848],[140.49679565429696,35.932865142822315],[140.49530029296903,35.930801391601555],[140.49050903320304,35.931934356689524],[140.48719787597702,35.92813110351562],[140.49079895019503,35.91513442993161],[140.50279235839795,35.90579986572273],[140.49679565429696,35.90646743774412],[140.48410034179702,35.90986633300776],[140.47100830078102,35.91986465454104],[140.45849609375003,35.92613220214844],[140.44859313964804,35.915199279785185],[140.434906005859,35.9117317199707],[140.420501708984,35.90639877319337],[140.41090393066398,35.90840148925782],[140.39880371093798,35.90933227539061],[140.37899780273398,35.90306472778321],[140.36650085449196,35.900199890136726],[140.35569763183597,35.89446640014648],[140.35020446777295,35.88560104370117],[140.33529663085898,35.87260055541989],[140.31759643554693,35.8643989562988],[140.30819702148403,35.86453247070313],[140.281204223633,35.87413406372068],[140.273101806641,35.872333526611314],[140.243591308594,35.855400085449155],[140.232498168945,35.85413360595703],[140.21369934082,35.86199951171879],[140.20640563964798,35.861400604247976],[140.16790771484403,35.845466613769545],[140.15480041503903,35.84260177612297],[140.146606445313,35.845600128173785],[140.13760375976602,35.85566711425782],[140.12719726562503,35.870864868164105],[140.12179565429702,35.87360000610353],[140.10270690918,35.88073348999023],[140.089004516602,35.88406753540038],[140.076202392578,35.876998901367166],[140.070495605469,35.878398895263715],[140.06080627441398,35.888332366943416],[140.04859924316398,35.89179992675781],[140.03059387207,35.9009323120117],[140.02420043945298,35.90626525878912],[140.01699829101597,35.91059875488282],[139.99679565429696,35.90919876098628],[139.99310302734403,35.910331726074155],[139.97850036621102,35.92200088500982],[139.96600341796903,35.92653274536134],[139.952102661133,35.93573379516599],[139.93919372558602,35.94026565551759],[139.93209838867202,35.9497337341309],[139.93820190429702,35.96186447143552],[139.934097290039,35.96839904785158],[139.92370605468798,35.970600128173764],[139.917098999023,35.97026443481452],[139.900802612305,35.97693252563482],[139.88420104980497,35.98886489868162],[139.878494262695,36.007198333740234],[139.85910034179696,36.0275344848633],[139.845993041992,36.034732818603494],[139.81060791015594,36.06599807739263],[139.80389404296903,36.08653259277343],[139.80120849609403,36.09193420410161],[139.786804199219,36.10413360595698],[139.77749633789102,36.09799957275392],[139.77619934082003,36.090866088867216],[139.772003173828,36.08653259277343],[139.77250671386702,36.084865570068395],[139.77030944824202,36.081199645996094],[139.761001586914,36.08126831054694],[139.74679565429702,36.08706665039058],[139.731903076172,36.08653259277343],[139.729797363281,36.087932586669886],[139.726806640625,36.11140060424802],[139.715408325195,36.12433242797854],[139.710098266602,36.135932922363274],[139.69860839843804,36.15206527709962],[139.69119262695298,36.172599792480504],[139.694396972656,36.19033432006839],[139.68960571289097,36.194534301757756],[139.68789672851597,36.199798583984425],[139.69140624999997,36.20613479614258],[139.69740295410196,36.2063331604004],[139.70010375976597,36.2035331726074],[139.701995849609,36.203933715820305],[139.70640563964798,36.201934814453125],[139.707595825195,36.20893478393549],[139.707092285156,36.2106666564941],[139.714904785156,36.21006774902337],[139.71919250488298,36.2115325927734],[139.720199584961,36.20846557617192],[139.727203369141,36.20600128173834],[139.727401733398,36.20159912109379],[139.74679565429702,36.21093368530268],[139.75740051269503,36.217533111572315],[139.82170104980503,36.23979949951172],[139.82879638671903,36.25320053100591],[139.83430480956997,36.26879882812501],[139.84129333496097,36.27539825439447],[139.83540344238304,36.29353332519526],[139.84870910644497,36.311332702636726],[139.85760498046898,36.31053543090818],[139.86439514160196,36.31520080566412],[139.86729431152298,36.313865661621065],[139.871795654297,36.314998626709034],[139.87469482421898,36.32313537597664],[139.87820434570298,36.322998046875036],[139.88259887695298,36.321399688720675],[139.878799438477,36.31459808349612],[139.88020324707,36.30979919433594],[139.88420104980497,36.311599731445305],[139.89129638671898,36.309467315673785],[139.896392822266,36.30979919433594],[139.898895263672,36.30659866333012],[139.895401000977,36.304401397705114],[139.895401000977,36.3008003234863],[139.899398803711,36.301200866699205],[139.90400695800798,36.29833221435554],[139.90960693359398,36.3005981445313],[139.91510009765602,36.309467315673785],[139.91119384765602,36.3098678588867],[139.913101196289,36.33506774902344],[139.914199829102,36.33653259277338],[139.921997070313,36.34133529663092],[139.934005737305,36.34360122680659],[139.935302734375,36.34486770629881],[139.945098876953,36.348400115966776],[139.96000671386702,36.35106658935553],[139.96450805664102,36.3509330749512],[139.96530151367202,36.36413192749021],[139.96749877929702,36.369468688964815],[139.97329711914102,36.37853240966803],[139.97909545898395,36.37026596069337],[139.98849487304696,36.36753463745121],[139.99200439453097,36.36959838867188],[139.99679565429696,36.36966705322273],[140.00210571289102,36.36813354492194],[140.00349426269497,36.37020111083979],[140.00050354003903,36.37659835815434],[140.01069641113304,36.37333297729494],[140.01440429687497,36.377265930175824],[140.01570129394497,36.37720108032234],[140.01440429687497,36.37493133544922],[140.01640319824196,36.375865936279276],[140.02699279785196,36.37593460083012],[140.031295776367,36.37786483764646],[140.03419494628898,36.37786483764646],[140.03979492187497,36.37506484985346],[140.044891357422,36.375133514404304],[140.061096191406,36.38086700439446],[140.069198608398,36.388931274414134],[140.066299438477,36.394268035888736],[140.066497802734,36.40380096435553],[140.078994750977,36.40359878540044],[140.083892822266,36.40200042724608],[140.08859252929702,36.39833450317377],[140.092803955078,36.401264190673835],[140.100997924805,36.39659881591798],[140.100997924805,36.39419937133789],[140.111099243164,36.398868560791016],[140.11009216308602,36.40753173828132],[140.115600585938,36.4112663269043],[140.13040161132804,36.414665222168026],[140.14059448242193,36.4121322631836],[140.14430236816403,36.414066314697294],[140.15609741210895,36.39839935302726],[140.16439819335898,36.39953231811523],[140.17720031738304,36.3980674743652],[140.18530273437497,36.39833450317377],[140.18899536132798,36.40326690673829],[140.19160461425804,36.404335021972685],[140.20240783691398,36.419868469238295],[140.20320129394497,36.42893218994143],[140.20210266113295,36.43280029296882],[140.20300292968804,36.44053268432616],[140.20550537109398,36.44713211059571],[140.20280456542997,36.45433425903317],[140.20730590820298,36.45786666870123],[140.20939636230497,36.46513366699217],[140.21299743652298,36.46839904785157],[140.21350097656295,36.472999572753935],[140.218994140625,36.48026657104488],[140.223602294922,36.48180007934567],[140.227600097656,36.48740005493158],[140.22790527343798,36.489933013916],[140.23030090332,36.49340057373049],[140.23010253906298,36.50080108642577],[140.23089599609398,36.50286483764653],[140.235702514648,36.503200531005945],[140.23579406738298,36.50479888916022],[140.241500854492,36.503200531005945],[140.242401123047,36.50726699829098],[140.248397827148,36.50766754150389],[140.247695922852,36.513931274414105],[140.249298095703,36.51513290405274],[140.26029968261702,36.517601013183594],[140.254699707031,36.52246856689453],[140.248794555664,36.53286743164063],[140.247894287109,36.54606628417973],[140.248596191406,36.549533843994126],[140.251602172852,36.55446624755864],[140.243896484375,36.562931060791044],[140.246795654297,36.56466674804692],[140.246795654297,36.56766510009774],[140.24299621582,36.57386779785156],[140.24490356445298,36.5772666931152],[140.24450683593798,36.586532592773416],[140.24800109863298,36.597267150878935],[140.248397827148,36.60626602172849],[140.246795654297,36.613265991210945],[140.239898681641,36.62440109252928],[140.23669433593798,36.62319946289056],[140.23469543457,36.62386703491213],[140.23390197753898,36.63406753540041],[140.242492675781,36.636398315429744],[140.239898681641,36.64440155029302],[140.240997314453,36.64893341064454],[140.23840332031298,36.65406417846679],[140.22950744628898,36.662200927734396],[140.231903076172,36.66333389282227],[140.231597900391,36.66986846923834],[140.22160339355497,36.67433547973628],[140.22169494628898,36.67726516723634],[140.223602294922,36.67693328857419],[140.22450256347696,36.68026733398443],[140.220596313477,36.685932159423835],[140.23210144042997,36.70006561279299],[140.24299621582,36.69813537597656],[140.246795654297,36.70233154296884],[140.25520324707,36.702800750732415],[140.258499145508,36.70180130004878],[140.26739501953102,36.70259857177733],[140.274307250977,36.70786666870118],[140.27990722656298,36.70740127563478],[140.284805297852,36.71179962158197],[140.292602539063,36.71266555786127],[140.288497924805,36.71739959716797],[140.28739929199202,36.724468231201186],[140.283706665039,36.73333358764649],[140.263900756836,36.748001098632805],[140.259201049805,36.753200531005895],[140.259704589844,36.75466537475593],[140.256805419922,36.75719833374018],[140.25549316406298,36.76453399658197],[140.260894775391,36.767333984374964],[140.254608154297,36.77386856079103],[140.256698608398,36.77626800537112],[140.25390625,36.783733367919886],[140.259796142578,36.786201477050824],[140.26240539550798,36.786201477050824],[140.26519775390602,36.7886657714844],[140.265396118164,36.794399261474645],[140.2666015625,36.796268463134766],[140.264099121094,36.80939865112302],[140.266098022461,36.812931060790994],[140.266998291016,36.823600769043026],[140.264007568359,36.83079910278321],[140.262802124023,36.836532592773366],[140.255599975586,36.840667724609425],[140.25700378418,36.84686660766598],[140.252502441406,36.850467681884794],[140.255905151367,36.87206649780272],[140.253799438477,36.88946533203127],[140.250091552734,36.90700149536134],[140.24890136718798,36.91986846923829],[140.252395629883,36.92773437499996],[140.25939941406298,36.933132171630874],[140.264297485352,36.93339920043954],[140.27400207519503,36.93073272705078],[140.28329467773403,36.93526840209957],[140.29409790039102,36.93186569213866],[140.298294067383,36.92940139770508],[140.307495117188,36.9211349487305],[140.30760192871102,36.91986846923829],[140.31800842285202,36.91286468505856],[140.32240295410202,36.90533447265631],[140.32569885253903,36.89279937744143],[140.34719848632804,36.88526535034182],[140.35229492187497,36.88633346557621],[140.35659790039097,36.88479995727542],[140.36309814453097,36.885135650634844],[140.36779785156304,36.880733489990206],[140.37179565429696,36.87146759033199],[140.37179565429696,36.87013244628911],[140.36860656738304,36.865398406982415],[140.37109374999997,36.85513305664056],[140.37179565429696,36.85546874999998],[140.37640380859398,36.845798492431584],[140.37730407714798,36.83800125122067],[140.395492553711,36.83259963989258],[140.408294677734,36.83186721801761],[140.411102294922,36.83060073852539],[140.415298461914,36.83200073242194],[140.42199707031298,36.82313537597663],[140.424606323242,36.82093429565427],[140.431701660156,36.81760025024411],[140.438507080078,36.82159805297848],[140.45809936523403,36.798400878906286],[140.46200561523403,36.79700088500983],[140.46369934082003,36.79180145263673],[140.47850036621102,36.797668457031314],[140.482299804688,36.80440139770511],[140.48789978027304,36.80913162231453],[140.48979187011696,36.81253433227544],[140.48789978027304,36.818199157714844],[140.493606567383,36.8191337585449],[140.50219726562503,36.818733215331996],[140.50509643554696,36.8232650756836],[140.51159667968804,36.82233428955081],[140.51719665527298,36.82786560058588],[140.51980590820304,36.836532592773366],[140.52830505371097,36.840667724609425],[140.52929687499997,36.849132537841825],[140.53540039062497,36.85253143310547],[140.53939819335898,36.859199523925774],[140.54760742187497,36.85879898071286],[140.55509948730497,36.86133193969729],[140.55740356445298,36.86033248901374],[140.56190490722696,36.86333465576174],[140.565002441406,36.862934112548835],[140.57290649414097,36.865200042724595],[140.57580566406298,36.869132995605476],[140.580795288086,36.86733245849611],[140.589004516602,36.874732971191385],[140.591903686523,36.873065948486264],[140.59260559082,36.88133239746094],[140.58660888671898,36.886398315429695],[140.58140563964798,36.89326858520509],[140.58000183105497,36.8993339538574],[140.580703735352,36.90459823608398],[140.571594238281,36.91266632080083],[140.57000732421898,36.91213226318359],[140.56739807128898,36.91393280029304],[140.565002441406,36.9129333496094],[140.56790161132798,36.91986846923829],[140.57000732421898,36.9323997497559],[140.567596435547,36.936866760253935]]],[[[140.71139526367196,35.94053268432617],[140.71249389648398,35.95466613769533],[140.71060180664097,35.92679977416992],[140.71139526367196,35.94053268432617]]]]}},{"type":"Feature","properties":{"name":"千葉県"},"geometry":{"type":"MultiPolygon","coordinates":[[[[139.77619934082003,36.090866088867216],[139.77749633789102,36.09799957275392],[139.786804199219,36.10413360595698],[139.80120849609403,36.09193420410161],[139.80389404296903,36.08653259277343],[139.81060791015594,36.06599807739263],[139.845993041992,36.034732818603494],[139.85910034179696,36.0275344848633],[139.871795654297,36.014533996582024],[139.878494262695,36.007198333740234],[139.88420104980497,35.98886489868162],[139.900802612305,35.97693252563482],[139.917098999023,35.97026443481452],[139.92370605468798,35.970600128173764],[139.934097290039,35.96839904785158],[139.93820190429702,35.96186447143552],[139.93209838867202,35.9497337341309],[139.93919372558602,35.94026565551759],[139.952102661133,35.93573379516599],[139.96600341796903,35.92653274536134],[139.97850036621102,35.92200088500982],[139.99310302734403,35.910331726074155],[139.99679565429696,35.90919876098628],[140.01699829101597,35.91059875488282],[140.02420043945298,35.90626525878912],[140.03059387207,35.9009323120117],[140.04859924316398,35.89179992675781],[140.06080627441398,35.888332366943416],[140.070495605469,35.878398895263715],[140.076202392578,35.876998901367166],[140.089004516602,35.88406753540038],[140.10270690918,35.88073348999023],[140.12179565429702,35.87360000610353],[140.12719726562503,35.870864868164105],[140.13760375976602,35.85566711425782],[140.146606445313,35.845600128173785],[140.15480041503903,35.84260177612297],[140.16790771484403,35.845466613769545],[140.20640563964798,35.861400604247976],[140.21369934082,35.86199951171879],[140.232498168945,35.85413360595703],[140.243591308594,35.855400085449155],[140.273101806641,35.872333526611314],[140.281204223633,35.87413406372068],[140.30819702148403,35.86453247070313],[140.31759643554693,35.8643989562988],[140.33529663085898,35.87260055541989],[140.35020446777295,35.88560104370117],[140.35569763183597,35.89446640014648],[140.36650085449196,35.900199890136726],[140.37899780273398,35.90306472778321],[140.39880371093798,35.90933227539061],[140.41090393066398,35.90840148925782],[140.420501708984,35.90639877319337],[140.434906005859,35.9117317199707],[140.44859313964804,35.915199279785185],[140.45849609375003,35.92613220214844],[140.47100830078102,35.91986465454104],[140.48410034179702,35.90986633300776],[140.49679565429696,35.90646743774412],[140.50279235839795,35.90579986572273],[140.49079895019503,35.91513442993161],[140.48719787597702,35.92813110351562],[140.49050903320304,35.931934356689524],[140.49530029296903,35.930801391601555],[140.49679565429696,35.932865142822315],[140.50120544433602,35.94659805297848],[140.51130676269494,35.95866775512697],[140.52870178222696,35.94599914550784],[140.53329467773398,35.94126510620123],[140.55540466308597,35.93133163452153],[140.573699951172,35.92200088500982],[140.572799682617,35.92133331298834],[140.57690429687497,35.91986465454104],[140.583099365234,35.913398742675824],[140.585205078125,35.90933227539061],[140.587997436523,35.91059875488282],[140.588394165039,35.90626525878912],[140.598892211914,35.90319824218754],[140.612503051758,35.89013290405269],[140.62179565429702,35.87393188476559],[140.63180541992202,35.85886764526373],[140.68209838867196,35.849533081054666],[140.70610046386696,35.83653259277339],[140.71749877929696,35.8226661682129],[140.72079467773398,35.81346511840817],[140.72950744628898,35.796199798584034],[140.746795654297,35.7817993164063],[140.82040405273403,35.73959732055664],[140.84669494628903,35.74000167846682],[140.85189819335895,35.743865966796946],[140.85820007324196,35.743999481201186],[140.86099243164097,35.7429313659668],[140.86140441894497,35.74466705322267],[140.86219787597696,35.74259948730473],[140.86430358886696,35.74213409423834],[140.86900329589795,35.736000061035185],[140.86459350585898,35.734066009521484],[140.86900329589795,35.73133468627933],[140.86749267578097,35.73106765747067],[140.87089538574196,35.718265533447294],[140.86610412597693,35.71246719360347],[140.86929321289097,35.706867218017564],[140.86630249023398,35.706466674804744],[140.86349487304696,35.7031326293945],[140.86549377441398,35.693401336669886],[140.85169982910202,35.697799682617166],[140.85150146484403,35.69666671752928],[140.84919738769497,35.69786453247074],[140.850708007813,35.69580078124998],[140.84919738769497,35.69613265991213],[140.84829711914102,35.6979331970215],[140.84719848632804,35.69720077514653],[140.84429931640597,35.70240020751953],[140.84170532226602,35.70333099365232],[140.83799743652304,35.710998535156264],[140.83079528808602,35.71346664428711],[140.81100463867202,35.71226501464839],[140.761199951172,35.6979331970215],[140.75939941406298,35.69613265991213],[140.73699951171898,35.691600799560526],[140.73614501953102,35.69348526000981],[140.73390197753898,35.692665100097734],[140.73379516601597,35.69146728515628],[140.72520446777298,35.693599700927706],[140.72019958496097,35.70053100585941],[140.70719909667997,35.7020645141602],[140.68580627441403,35.69820022583007],[140.655395507813,35.68819808959962],[140.625106811523,35.67240142822269],[140.606506347656,35.660598754882784],[140.55969238281298,35.62779998779303],[140.52549743652298,35.60253143310554],[140.49679565429696,35.577934265136705],[140.48570251464804,35.56639862060546],[140.46980285644503,35.54746627807621],[140.46890258789102,35.54746627807621],[140.463897705078,35.53766632080084],[140.46029663085903,35.534198760986264],[140.45849609375003,35.53506469726557],[140.449905395508,35.52453231811523],[140.43029785156298,35.49826431274409],[140.41569519043,35.47166824340817],[140.41130065917997,35.46153259277337],[140.39619445800798,35.41439819335938],[140.39160156249997,35.37699890136718],[140.39500427246097,35.3365325927734],[140.39790344238298,35.330200195312514],[140.40400695800798,35.32813262939449],[140.409591674805,35.31986618041991],[140.41230773925798,35.31526565551763],[140.414794921875,35.306934356689474],[140.40110778808597,35.27486801147461],[140.40080261230497,35.25566864013669],[140.40229797363298,35.25593566894526],[140.40570068359398,35.25320053100593],[140.40420532226597,35.25320053100593],[140.402099609375,35.255001068115206],[140.402496337891,35.25320053100593],[140.40760803222696,35.249931335449176],[140.405807495117,35.25],[140.40480041503898,35.24720001220702],[140.405899047852,35.240467071533224],[140.40010070800798,35.22913360595698],[140.395599365234,35.215866088867216],[140.39300537109398,35.21099853515627],[140.393295288086,35.20299911499018],[140.384994506836,35.192199707031264],[140.38420104980497,35.18719863891599],[140.37750244140597,35.18099975585944],[140.37179565429696,35.178798675537074],[140.36860656738304,35.17853546142577],[140.35890197753898,35.18220138549798],[140.35139465331997,35.181400299072344],[140.34640502929696,35.174865722656286],[140.33399963378903,35.164932250976584],[140.33219909668003,35.15620040893552],[140.32839965820304,35.15126800537109],[140.32620239257804,35.14013290405266],[140.31939697265597,35.137268066406264],[140.31640625000003,35.13826751708981],[140.311706542969,35.134265899658175],[140.31260681152304,35.147132873535206],[140.30879211425804,35.14986801147463],[140.29890441894503,35.15093231201167],[140.29559326171903,35.146400451660234],[140.29130554199202,35.14519882202151],[140.290893554688,35.13819885253914],[140.292404174805,35.13833236694339],[140.290893554688,35.136867523193445],[140.28799438476602,35.137199401855504],[140.286804199219,35.13446807861326],[140.285095214844,35.13479995727541],[140.283401489258,35.13339996337887],[140.27929687500003,35.133666992187536],[140.277206420898,35.13086700439453],[140.27389526367202,35.1311988830566],[140.276504516602,35.13373184204102],[140.27490234375,35.13666534423827],[140.27009582519503,35.1367988586426],[140.26829528808602,35.1335334777832],[140.267807006836,35.13553237915038],[140.26640319824202,35.13439941406251],[140.26350402832,35.13413238525393],[140.263107299805,35.137001037597685],[140.25750732421898,35.137599945068416],[140.257705688477,35.13506698608399],[140.248992919922,35.13439941406251],[140.247894287109,35.1307334899902],[140.249496459961,35.12926864624017],[140.246200561523,35.12593460083011],[140.23449707031298,35.1216659545898],[140.237701416016,35.118267059326165],[140.23359680175798,35.11546707153316],[140.22250366210898,35.11626815795898],[140.20959472656298,35.113868713378885],[140.20190429687497,35.109733581543004],[140.19549560546898,35.117801666259766],[140.19700622558597,35.119934082031286],[140.19560241699196,35.12106704711908],[140.19760131835898,35.12153244018547],[140.19250488281304,35.12680053710941],[140.18669128417997,35.12559890747068],[140.18370056152298,35.11859893798832],[140.17959594726597,35.11886596679689],[140.17849731445295,35.12073516845701],[140.17410278320304,35.12020111083977],[140.16850280761696,35.123535156250014],[140.16220092773395,35.12173461914056],[140.16209411621097,35.12253570556638],[140.15370178222702,35.12126541137698],[140.15159606933594,35.11700057983404],[140.15049743652304,35.11666870117189],[140.13619995117202,35.12146759033198],[140.12179565429702,35.115535736084006],[140.11039733886702,35.107734680175824],[140.104400634766,35.09840011596676],[140.107406616211,35.09386825561524],[140.106307983398,35.09199905395512],[140.10839843750003,35.092201232910206],[140.10870361328102,35.0913352966309],[140.10069274902304,35.089797973632756],[140.100997924805,35.08653259277336],[140.09959411621102,35.0859985351563],[140.099700927734,35.08219909667966],[140.10189819335903,35.077198028564474],[140.099304199219,35.07673263549799],[140.099105834961,35.07479858398438],[140.096206665039,35.07579803466802],[140.089904785156,35.07299804687502],[140.08639526367202,35.073665618896506],[140.084396362305,35.069931030273445],[140.079605102539,35.06819915771484],[140.07939147949202,35.06660079956047],[140.08110046386702,35.06660079956047],[140.081802368164,35.06473159790044],[140.084197998047,35.06313323974607],[140.081192016602,35.061798095703104],[140.079696655273,35.0628662109375],[140.076095581055,35.06319808959956],[140.076095581055,35.0609321594238],[140.07400512695298,35.05633163452153],[140.065505981445,35.05833435058589],[140.05859375,35.0585327148438],[140.03810119628898,35.05139923095701],[140.03230285644497,35.04800033569337],[140.01719665527298,35.03586578369139],[140.01249694824196,35.03593444824224],[139.99679565429696,35.02593231201169],[139.98150634765594,35.01133346557623],[139.97610473632804,35.00320053100589],[139.97380065918003,34.997600555419886],[139.97210693359403,34.98680114746088],[139.96760559082003,34.981666564941364],[139.96859741210903,34.97706604003909],[139.96749877929702,34.976932525634844],[139.96099853515602,34.96806716918954],[139.96420288085903,34.95280075073241],[139.96589660644503,34.95413208007811],[139.96420288085903,34.942932128906286],[139.96240234375003,34.93980026245122],[139.957397460938,34.93593215942383],[139.95710754394503,34.93433380126946],[139.95399475097702,34.93159866333013],[139.95610046386702,34.931198120117216],[139.94799804687503,34.927333831787095],[139.94639587402304,34.92426681518552],[139.94189453125003,34.92399978637703],[139.94259643554702,34.91899871826167],[139.938995361328,34.91619873046884],[139.931503295898,34.91266632080078],[139.92399597168,34.911334991455085],[139.92829895019503,34.91006851196287],[139.920104980469,34.909667968749964],[139.920196533203,34.90766525268551],[139.91769409179702,34.90673446655272],[139.910003662109,34.907131195068445],[139.908599853516,34.90499877929693],[139.90310668945298,34.9043998718262],[139.903594970703,34.903732299804716],[139.89860534667997,34.905334472656264],[139.89399719238298,34.90560150146484],[139.890106201172,34.90359878540038],[139.88789367675798,34.89953231811517],[139.886795043945,34.90273284912108],[139.871795654297,34.90266799926759],[139.86720275878898,34.90626525878914],[139.84570312499997,34.90273284912108],[139.84010314941398,34.90420150756838],[139.83709716796895,34.90319824218748],[139.83450317382804,34.90693283081054],[139.82440185546903,34.911067962646506],[139.82420349121097,34.91893386840818],[139.82539367675804,34.91986465454097],[139.82389831543003,34.92119979858403],[139.82690429687494,34.92533111572273],[139.82409667968804,34.932735443115185],[139.81159973144497,34.943065643310526],[139.78089904785202,34.9552001953125],[139.76939392089804,34.954799652099595],[139.76840209960903,34.95673370361329],[139.76649475097702,34.95779800415041],[139.75900268554702,34.95859909057623],[139.758499145508,34.961868286132805],[139.757598876953,34.9614677429199],[139.75590515136702,34.96346664428708],[139.75469970703102,34.96360015869141],[139.753601074219,34.96686553955081],[139.75390625,34.96886825561518],[139.754898071289,34.96886825561518],[139.75289916992202,34.97446823120118],[139.754302978516,34.97593307495121],[139.75390625,34.97773361206048],[139.757904052734,34.977668762206996],[139.759506225586,34.97513198852539],[139.76080322265602,34.97606658935554],[139.764602661133,34.97533416748048],[139.769302368164,34.97586822509772],[139.77259826660202,34.97740173339842],[139.77619934082003,34.97573471069339],[139.78170776367202,34.97633361816412],[139.78439331054702,34.97340011596678],[139.79389953613304,34.973731994628935],[139.81669616699196,34.9790000915527],[139.81820678710903,34.977668762206996],[139.82420349121097,34.982067108154276],[139.82760620117196,34.98873519897458],[139.82380676269497,34.989601135253885],[139.82479858398398,34.991466522216825],[139.82670593261696,34.989799499511705],[139.82899475097696,34.99073410034176],[139.84159851074196,34.99166870117191],[139.84300231933597,34.98926544189446],[139.84179687499997,34.98593521118158],[139.84820556640597,34.985198974609425],[139.85520935058597,34.98966598510737],[139.858200073242,35.00320053100589],[139.85670471191398,35.01473236083978],[139.85060119628898,35.024799346923814],[139.84890747070295,35.024333953857415],[139.84739685058597,35.02579879760736],[139.845993041992,35.02413177490233],[139.84480285644497,35.0254669189453],[139.84410095214798,35.02379989624018],[139.84040832519497,35.0278015136719],[139.83309936523398,35.03213119506842],[139.82589721679696,35.03153228759769],[139.81900024414102,35.03359985351563],[139.81190490722702,35.036731719970696],[139.81069946289102,35.039199829101634],[139.81489562988304,35.04280090332028],[139.81910705566403,35.038665771484396],[139.82090759277304,35.03979873657227],[139.82200622558594,35.03693389892579],[139.82380676269497,35.03706741333012],[139.83210754394497,35.043933868408246],[139.83210754394497,35.05073547363279],[139.82870483398398,35.05213165283198],[139.82659912109403,35.0585327148438],[139.82009887695304,35.06620025634774],[139.82119750976594,35.071998596191385],[139.83720397949196,35.07826614379878],[139.83909606933597,35.08179855346684],[139.84040832519497,35.081398010253935],[139.84230041503898,35.08653259277336],[139.83610534668003,35.09966659545897],[139.82850646972693,35.09973144531246],[139.82870483398398,35.10139846801758],[139.82440185546903,35.10079956054694],[139.82719421386696,35.1045989990234],[139.82429504394497,35.10766601562498],[139.82809448242196,35.1093330383301],[139.82479858398398,35.11326599121089],[139.82800292968804,35.11859893798832],[139.83020019531304,35.119201660156314],[139.83140563964795,35.12246704101562],[139.83540344238304,35.12453460693356],[139.83479309081997,35.13000106811523],[139.83909606933597,35.12926864624017],[139.83709716796895,35.133201599121136],[139.83680725097696,35.13499832153323],[139.83749389648398,35.135334014892564],[139.82989501953097,35.14580154418951],[139.82859802246097,35.15066528320309],[139.81719970703097,35.15453338623048],[139.81809997558597,35.154865264892635],[139.81900024414102,35.16046524047846],[139.82209777831997,35.16479873657234],[139.81710815429693,35.16833496093749],[139.81820678710903,35.16986846923828],[139.81710815429693,35.17060089111334],[139.81689453124997,35.177265167236285],[139.81840515136696,35.18666839599611],[139.82369995117196,35.1966667175293],[139.83039855956997,35.202465057373026],[139.84260559081997,35.20833206176761],[139.84660339355497,35.211334228515604],[139.866500854492,35.219467163085945],[139.86999511718798,35.22793197631843],[139.86979675292997,35.234867095947315],[139.86419677734398,35.25320053100593],[139.86239624023398,35.256465911865234],[139.84680175781304,35.27159881591803],[139.84840393066398,35.27719879150394],[139.85040283203097,35.2764015197754],[139.85279846191398,35.28393554687501],[139.84190368652298,35.29406738281253],[139.81869506835898,35.303733825683565],[139.78599548339804,35.312198638915966],[139.78050231933602,35.31499862670896],[139.79440307617202,35.31366729736327],[139.81930541992196,35.316333770752024],[139.81890869140597,35.31786727905272],[139.81990051269497,35.31773376464839],[139.81660461425804,35.32206726074218],[139.81640625000003,35.3237342834473],[139.82189941406304,35.32686614990227],[139.82040405273395,35.324932098388665],[139.82170104980503,35.324333190918026],[139.83909606933597,35.333667755127],[139.83740234374997,35.33766555786128],[139.82890319824196,35.336799621581974],[139.82310485839804,35.344333648681584],[139.83810424804696,35.35893249511723],[139.84719848632798,35.34686660766601],[139.85639953613298,35.35139846801762],[139.85189819335898,35.358200073242166],[139.84159851074196,35.36420059204099],[139.83920288085898,35.367267608642564],[139.84539794921898,35.37466812133793],[139.86219787597696,35.3676643371582],[139.88250732421898,35.36133193969732],[139.891403198242,35.36153411865232],[139.894104003906,35.35720062255862],[139.896896362305,35.35826873779301],[139.88830566406298,35.36999893188481],[139.89089965820298,35.37206649780266],[139.891693115234,35.37093353271478],[139.893203735352,35.37233352661133],[139.89469909668,35.36999893188481],[139.89990234375,35.372200012206996],[139.902404785156,35.3682670593262],[139.90739440918,35.37039947509772],[139.904495239258,35.37493133544924],[139.899200439453,35.37266540527339],[139.897598266602,35.37506484985348],[139.910995483398,35.38059997558591],[139.913101196289,35.379333496093786],[139.913299560547,35.383132934570334],[139.91520690918,35.381534576415966],[139.916809082031,35.38180160522463],[139.918899536133,35.38840103149409],[139.914901733398,35.388801574707],[139.913497924805,35.390464782714766],[139.906707763672,35.38940048217773],[139.90229797363298,35.39979934692383],[139.903900146484,35.4005317687988],[139.902496337891,35.4011344909668],[139.901107788086,35.40546417236332],[139.897796630859,35.4091339111328],[139.899200439453,35.41780090332029],[139.896896362305,35.41986465454096],[139.89700317382798,35.42246627807623],[139.901901245117,35.42513275146481],[139.90100097656298,35.42746734619141],[139.90299987793,35.42733383178708],[139.905197143555,35.431999206543026],[139.91650390625,35.4370651245117],[139.91760253906298,35.44053268432618],[139.918395996094,35.440464019775426],[139.917999267578,35.4374656677246],[139.924194335938,35.440799713134844],[139.924499511719,35.439533233642635],[139.93809509277304,35.44326400756842],[139.939895629883,35.44300079345703],[139.94009399414102,35.44393157958982],[139.94859313964804,35.4421997070313],[139.95109558105503,35.455932617187464],[139.96209716796903,35.458534240722734],[139.96499633789102,35.4506645202637],[139.95660400390602,35.44806671142579],[139.95420837402304,35.45333099365228],[139.95219421386693,35.45286560058589],[139.95469665527304,35.44406509399406],[139.95719909668003,35.44559860229494],[139.96760559082003,35.44806671142579],[139.96800231933602,35.445934295654276],[139.97439575195304,35.44839859008794],[139.965698242188,35.468467712402344],[139.98220825195304,35.474666595458984],[139.99229431152298,35.45726776123052],[139.98910522460903,35.4541320800781],[139.99040222168003,35.451999664306584],[139.99830627441403,35.45786666870116],[139.99459838867196,35.459266662597706],[139.98899841308597,35.469799041747955],[139.99360656738304,35.47219848632814],[139.99909973144497,35.46580123901368],[140.00320434570304,35.468067169189524],[139.99769592285196,35.474533081054744],[140.00650024414097,35.47913360595702],[140.00979614257798,35.47740173339841],[140.01010131835898,35.478664398193445],[140.02140808105494,35.46673202514647],[140.02279663085898,35.46746444702153],[140.01829528808597,35.472599029541044],[140.01939392089798,35.47393417358401],[140.01730346679696,35.47719955444341],[140.01780700683597,35.48040008544923],[140.01119995117196,35.48399734497069],[140.02180480956997,35.49679946899406],[140.02580261230497,35.49453353881839],[140.02859497070298,35.496265411376996],[140.02799987792997,35.494464874267635],[140.03289794921898,35.4916687011719],[140.03599548339798,35.49526596069336],[140.02510070800795,35.50146865844727],[140.03410339355497,35.511798858642614],[140.042297363281,35.507266998291],[140.04609680175798,35.51146697998046],[140.03770446777298,35.516265869140554],[140.050094604492,35.5308647155762],[140.05749511718798,35.52693176269532],[140.060607910156,35.529865264892564],[140.05389404296898,35.53499984741208],[140.06140136718798,35.54366683959957],[140.064697265625,35.54266738891602],[140.072296142578,35.54999923706054],[140.096206665039,35.53533172607423],[140.101104736328,35.53833389282232],[140.09820556640602,35.54133224487296],[140.09599304199202,35.54006576538093],[140.091003417969,35.542198181152266],[140.09429931640602,35.545398712158175],[140.091796875,35.54833221435551],[140.088104248047,35.545864105224574],[140.086502075195,35.54866409301757],[140.089096069336,35.550865173339844],[140.088302612305,35.55186843872066],[140.092391967773,35.554401397705085],[140.098098754883,35.55493164062497],[140.106597900391,35.55220031738281],[140.11289978027304,35.54853439331051],[140.115600585938,35.55053329467769],[140.11529541015602,35.55199813842773],[140.09129333496102,35.56113433837888],[140.091003417969,35.56446838378912],[140.09700012207003,35.56646728515631],[140.12710571289102,35.56753158569343],[140.126907348633,35.569332122802706],[140.11979675293003,35.56900024414064],[140.113906860352,35.57053375244143],[140.086196899414,35.569332122802706],[140.081695556641,35.588333129882805],[140.10319519043,35.58653259277344],[140.10530090332003,35.57766723632813],[140.10960388183602,35.57659912109383],[140.11090087890602,35.572265625000036],[140.11399841308602,35.572334289550795],[140.11059570312503,35.58946609497068],[140.11529541015602,35.59180068969729],[140.11459350585903,35.59280014038092],[140.11750793457003,35.591533660888715],[140.116897583008,35.59333419799799],[140.11819458007804,35.59566497802732],[140.11529541015602,35.59680175781247],[140.11349487304702,35.59366607666023],[140.107696533203,35.59199905395511],[140.105499267578,35.59339904785156],[140.10879516601602,35.59993362426763],[140.105895996094,35.60266494750978],[140.10400390625,35.601268768310504],[140.105895996094,35.59926605224614],[140.101593017578,35.594001770019474],[140.089004516602,35.594467163085866],[140.091705322266,35.59840011596684],[140.091995239258,35.5974006652832],[140.093902587891,35.5974006652832],[140.09860229492202,35.60139846801757],[140.097503662109,35.60253143310554],[140.100494384766,35.604465484619055],[140.09860229492202,35.60633468627927],[140.094192504883,35.603664398193416],[140.082992553711,35.61386871337888],[140.07800292968798,35.610534667968814],[140.08659362793,35.60186767578132],[140.083892822266,35.59673309326172],[140.01370239257795,35.65753173828129],[140.00810241699196,35.658798217773416],[140.00509643554696,35.65666580200199],[139.98770141601602,35.65459823608396],[139.98669433593804,35.66006469726563],[139.99479675293003,35.66086578369136],[139.99679565429696,35.659534454345746],[140.00300598144497,35.659801483154325],[140.00199890136696,35.6657333374023],[139.98599243164094,35.66386413574218],[139.98489379882804,35.66986846923827],[139.99220275878903,35.67240142822269],[139.99180603027304,35.67486572265627],[139.98390197753903,35.67720031738279],[139.98789978027304,35.690467834472734],[139.98480224609403,35.69193267822268],[139.98699951171903,35.690467834472734],[139.98460388183602,35.69086456298828],[139.98339843750003,35.68859863281252],[139.98559570312494,35.6875343322754],[139.98309326171903,35.68166732788091],[139.97509765625003,35.683464050293004],[139.97430419921903,35.681999206542976],[139.96839904785202,35.683334350585945],[139.96699523925804,35.68166732788091],[139.96330261230503,35.68153381347658],[139.96000671386702,35.679401397705064],[139.95489501953102,35.68933105468749],[139.95309448242202,35.68833160400386],[139.95809936523403,35.67739868164061],[139.95320129394503,35.67173385620121],[139.94740295410202,35.68000030517579],[139.936798095703,35.67340087890633],[139.93299865722702,35.67573165893549],[139.93139648437503,35.67453384399412],[139.93310546875,35.67313385009766],[139.929397583008,35.66986846923827],[139.93000793457,35.6693992614746],[139.945007324219,35.67293167114258],[139.94749450683602,35.66986846923827],[139.93290710449202,35.66666412353518],[139.921096801758,35.66066741943363],[139.918304443359,35.65546798706053],[139.939605712891,35.6410675048828],[139.909896850586,35.62439727783204],[139.904800415039,35.628532409668004],[139.90710449218798,35.631332397460916],[139.905303955078,35.632865905761705],[139.901702880859,35.62993240356446],[139.90090942382798,35.6311340332031],[139.897506713867,35.62939834594731],[139.906997680664,35.623134613037095],[139.897705078125,35.616668701171875],[139.892807006836,35.62553405761719],[139.88830566406298,35.6218643188477],[139.872604370117,35.62546539306643],[139.87240600585898,35.63299942016604],[139.874801635742,35.63726806640634],[139.872894287109,35.63853454589837],[139.882095336914,35.644001007080135],[139.886993408203,35.65386581420899],[139.885803222656,35.67679977416988],[139.88909912109398,35.68059921264652],[139.905899047852,35.683731079101584],[139.918701171875,35.697799682617166],[139.916107177734,35.70773315429687],[139.901397705078,35.72146606445312],[139.89709472656298,35.72666549682621],[139.90010070800798,35.73559951782227],[139.899795532227,35.743732452392614],[139.889999389648,35.750801086425824],[139.88079833984398,35.76473236083981],[139.88049316406298,35.771198272705114],[139.893295288086,35.77819824218748],[139.893798828125,35.78273391723627],[139.888595581055,35.79639816284176],[139.890594482422,35.80193328857419],[139.889297485352,35.80866622924798],[139.891098022461,35.819999694824226],[139.888198852539,35.8250007629395],[139.88850402832,35.83020019531251],[139.8916015625,35.84673309326167],[139.896896362305,35.855400085449155],[139.899993896484,35.86533355712886],[139.887298583984,35.89653396606451],[139.871795654297,35.915798187255916],[139.87010192871097,35.91986465454104],[139.86169433593798,35.9320640563965],[139.84939575195298,35.93826675415041],[139.83549499511696,35.95899963378912],[139.83340454101594,35.96893310546882],[139.82560729980503,35.97293472290037],[139.82589721679696,35.9847984313965],[139.81420898437503,35.99793243408202],[139.81689453124997,36.00320053100587],[139.81420898437503,36.02533340454103],[139.81739807128903,36.03253555297849],[139.81210327148403,36.03953170776368],[139.80690002441403,36.04320144653316],[139.79069519043003,36.05920028686517],[139.78959655761696,36.06186676025393],[139.78250122070304,36.0710639953613],[139.77619934082003,36.090866088867216]]],[[[139.97920227050804,35.66986846923827],[139.958908081055,35.67306518554691],[139.960403442383,35.67860031127933],[139.96270751953102,35.68073272705076],[139.96730041503903,35.6789321899414],[139.97109985351602,35.68059921264652],[139.97779846191403,35.679466247558636],[139.97830200195304,35.67599868774406],[139.97120666503903,35.677333831787124],[139.97169494628903,35.67453384399412],[139.97869873046903,35.67333221435548],[139.97920227050804,35.66986846923827]]],[[[139.768096923828,35.31433486938484],[139.76829528808602,35.31579971313478],[139.77679443359403,35.31620025634769],[139.770904541016,35.31506729125981],[139.768096923828,35.31433486938484]]],[[[139.743499755859,35.311267852783175],[139.740493774414,35.311466217040994],[139.739395141602,35.311798095703054],[139.743499755859,35.3127326965332],[139.743499755859,35.311267852783175]]]]}},{"type":"Feature","properties":{"name":"東京都"},"geometry":{"type":"MultiPolygon","coordinates":[[[[138.94400024414102,35.85466766357418],[138.94409179687497,35.86153411865231],[138.94630432128903,35.8686676025391],[138.95030212402304,35.869934082031314],[138.95689392089798,35.87566757202147],[138.96600341796903,35.878398895263715],[138.96820068359403,35.88213348388668],[138.97599792480497,35.88313293457032],[138.97990417480497,35.88460159301762],[138.98669433593795,35.88126754760738],[138.996795654297,35.884399414062536],[139.00149536132798,35.884399414062536],[139.010299682617,35.897132873535234],[139.019393920898,35.898132324218786],[139.023895263672,35.897399902343814],[139.03619384765602,35.889801025390625],[139.051696777344,35.878200531005895],[139.05810546875,35.87733459472659],[139.062408447266,35.87340164184571],[139.07260131835903,35.87179946899408],[139.07859802246102,35.87540054321289],[139.08610534668,35.87260055541989],[139.092407226563,35.868999481201165],[139.09919738769503,35.868534088134766],[139.10179138183594,35.86619949340816],[139.13839721679696,35.86426544189447],[139.15110778808597,35.860866546630916],[139.16009521484398,35.85573196411131],[139.16340637206997,35.85086441040037],[139.17550659179696,35.84719848632806],[139.18580627441398,35.842800140380874],[139.196395874023,35.84013366699221],[139.203903198242,35.84226608276372],[139.204895019531,35.84453201293948],[139.20910644531298,35.8464012145996],[139.21549987793,35.84533309936521],[139.229507446289,35.837333679199205],[139.233306884766,35.83713150024412],[139.23939514160202,35.840534210205114],[139.244094848633,35.83679962158197],[139.256301879883,35.837799072265604],[139.25880432128903,35.83653259277339],[139.26139831543003,35.83653259277339],[139.27499389648403,35.839599609374964],[139.28010559082003,35.839466094970724],[139.28080749511693,35.840534210205114],[139.28340148925804,35.83653259277339],[139.29119873046903,35.837799072265604],[139.29600524902304,35.83413314819339],[139.29809570312497,35.835266113281264],[139.30149841308597,35.83406448364263],[139.30360412597693,35.82433319091802],[139.30540466308597,35.82260131835941],[139.31359863281304,35.82519912719732],[139.31599426269497,35.82299804687496],[139.31599426269497,35.81340026855468],[139.32569885253898,35.794998168945305],[139.333297729492,35.79219818115231],[139.33970642089798,35.79446411132807],[139.34759521484398,35.79586791992188],[139.35180664062497,35.79346466064452],[139.370193481445,35.79119873046876],[139.369003295898,35.789264678955064],[139.36810302734398,35.78393173217773],[139.371795654297,35.78026580810551],[139.371398925781,35.778266906738324],[139.376892089844,35.78013229370118],[139.38000488281298,35.77773284912109],[139.381500244141,35.7742652893066],[139.37919616699202,35.77106475830078],[139.381195068359,35.76599884033202],[139.391693115234,35.76686477661132],[139.391906738281,35.76326751708977],[139.39630126953102,35.76426696777341],[139.404006958008,35.76926422119141],[139.41650390625,35.76620101928711],[139.421401977539,35.76746749877932],[139.43580627441403,35.767333984374986],[139.43800354003903,35.769397735595746],[139.440795898438,35.76693344116208],[139.44270324707003,35.766799926757834],[139.45060729980503,35.769199371337926],[139.45730590820304,35.769466400146506],[139.45880126953097,35.77166748046878],[139.46450805664102,35.77373123168954],[139.47030639648403,35.77373123168954],[139.47360229492196,35.77593231201172],[139.47479248046903,35.77560043334957],[139.47529602050804,35.777000427246115],[139.48159790039097,35.780666351318416],[139.48959350585898,35.77959823608403],[139.49510192871097,35.781467437744055],[139.49699401855497,35.778667449951236],[139.49780273437497,35.781131744384815],[139.51159667968795,35.785068511962876],[139.51370239257798,35.78799819946294],[139.52200317382798,35.78900146484384],[139.52340698242196,35.79186630249024],[139.525192260742,35.79186630249024],[139.541595458984,35.807399749755945],[139.546401977539,35.80393218994137],[139.546295166016,35.79946517944343],[139.537200927734,35.79159927368158],[139.542495727539,35.78906631469733],[139.543594360352,35.78166580200197],[139.536102294922,35.775264739990234],[139.523895263672,35.7718658447266],[139.51609802246097,35.76546478271478],[139.54780578613298,35.773799896240206],[139.54460144042997,35.75479888916019],[139.547897338867,35.753665924072315],[139.553207397461,35.755664825439496],[139.557800292969,35.759666442871136],[139.56170654296898,35.759666442871136],[139.562805175781,35.76173400878908],[139.570999145508,35.76419830322274],[139.57080078125,35.76546478271478],[139.574493408203,35.76699829101557],[139.574905395508,35.76813125610354],[139.57699584960903,35.76806640624996],[139.57820129394503,35.770931243896534],[139.58209228515602,35.77180099487302],[139.58869934082003,35.77859878540039],[139.59379577636702,35.777332305908175],[139.59410095214804,35.77873229980472],[139.59689331054702,35.77840042114257],[139.597106933594,35.7765998840332],[139.604202270508,35.77433395385744],[139.59739685058602,35.77113342285163],[139.59939575195304,35.76953125],[139.60299682617202,35.77106475830078],[139.609008789063,35.76953125],[139.61140441894503,35.770534515380895],[139.61199951171903,35.76966857910159],[139.61729431152304,35.77046585083014],[139.617797851563,35.7666664123535],[139.62179565429693,35.76673126220699],[139.62489318847702,35.773200988769474],[139.62469482421903,35.77946853637696],[139.62980651855503,35.78553390502927],[139.63980102539102,35.794334411621094],[139.64160156250003,35.79806518554688],[139.64720153808597,35.79753112792973],[139.65710449218804,35.800533294677734],[139.67590332031304,35.798931121826186],[139.691696166992,35.800666809081974],[139.69689941406298,35.7988662719727],[139.70950317382798,35.792068481445334],[139.722305297852,35.790664672851605],[139.725006103516,35.78733444213872],[139.73530578613298,35.78966522216797],[139.73840332031298,35.78659820556639],[139.737808227539,35.780532836914084],[139.74639892578102,35.78413391113281],[139.74679565429702,35.78686523437497],[139.75349426269503,35.78646469116206],[139.76049804687503,35.79786682128906],[139.75080871582,35.80773162841801],[139.750503540039,35.8092651367188],[139.75559997558602,35.812732696533196],[139.76119995117202,35.81280136108404],[139.767700195313,35.81753158569338],[139.77279663085903,35.815666198730526],[139.78239440918003,35.80719757080077],[139.79609680175804,35.80559921264649],[139.80459594726602,35.808799743652315],[139.81559753418003,35.80906677246089],[139.82099914550804,35.81153106689447],[139.82110595703097,35.8150672912598],[139.82510375976602,35.81153106689447],[139.82020568847702,35.80206680297852],[139.82159423828097,35.79646682739261],[139.82719421386696,35.793598175048764],[139.83880615234403,35.80080032348631],[139.84500122070298,35.798465728759794],[139.84680175781304,35.796531677246094],[139.85639953613298,35.790931701660185],[139.85879516601597,35.79446411132807],[139.871795654297,35.79706573486334],[139.87739562988298,35.79380035400394],[139.871795654297,35.78833389282227],[139.871795654297,35.78446578979488],[139.876693725586,35.780864715576236],[139.88909912109398,35.78373336791991],[139.893798828125,35.78273391723627],[139.893295288086,35.77819824218748],[139.88049316406298,35.771198272705114],[139.88079833984398,35.76473236083981],[139.889999389648,35.750801086425824],[139.899795532227,35.743732452392614],[139.90010070800798,35.73559951782227],[139.89709472656298,35.72666549682621],[139.901397705078,35.72146606445312],[139.916107177734,35.70773315429687],[139.918701171875,35.697799682617166],[139.905899047852,35.683731079101584],[139.88909912109398,35.68059921264652],[139.885803222656,35.67679977416988],[139.886993408203,35.65386581420899],[139.882095336914,35.644001007080135],[139.872894287109,35.63853454589837],[139.871795654297,35.63933181762701],[139.863494873047,35.63840103149413],[139.84970092773398,35.642665863037074],[139.84109497070298,35.643264770507805],[139.84040832519497,35.63386535644534],[139.82139587402298,35.6319999694824],[139.82130432128903,35.633464813232436],[139.83369445800804,35.634731292724645],[139.83459472656304,35.64406585693362],[139.80648803710898,35.64059448242187],[139.807006835938,35.63693237304692],[139.80017089843804,35.636230468750014],[139.80033874511702,35.631008148193395],[139.80220031738304,35.626266479492244],[139.79859924316403,35.6218643188477],[139.79130554199202,35.629467010497976],[139.78729248046903,35.62739944458013],[139.77879333496102,35.63746643066407],[139.78149414062503,35.638732910156286],[139.78350830078102,35.6361312866211],[139.79809570312503,35.644798278808594],[139.79559326171903,35.64979934692378],[139.79319763183602,35.65066528320308],[139.79440307617202,35.64746475219726],[139.77920532226602,35.63973236083983],[139.77670288085903,35.64220046997068],[139.79249572753903,35.65293121337893],[139.789505004883,35.656932830810476],[139.77270507812503,35.645999908447315],[139.76959228515602,35.649265289306626],[139.77360534668,35.65266799926762],[139.77230834960903,35.65406417846681],[139.76840209960903,35.6503982543945],[139.76730346679702,35.65526580810553],[139.76969909668,35.654266357421896],[139.770706176758,35.65493392944338],[139.76730346679702,35.658134460449205],[139.76449584960903,35.656066894531264],[139.76269531250003,35.65213394165038],[139.761596679688,35.652599334716776],[139.75900268554702,35.644931793212926],[139.760406494141,35.644931793212926],[139.759506225586,35.63746643066407],[139.75477600097702,35.63883972167973],[139.75262451171898,35.634456634521534],[139.75205993652295,35.62617874145514],[139.75097656250003,35.62622451782229],[139.750396728516,35.6248664855957],[139.75169372558602,35.62466812133788],[139.75067138671903,35.60586929321287],[139.74787902832003,35.60070037841802],[139.74722290039097,35.59207916259767],[139.744094848633,35.589401245117195],[139.74679565429702,35.589797973632834],[139.75619506835903,35.56946563720704],[139.750198364258,35.56733322143552],[139.754302978516,35.56159973144528],[139.758697509766,35.56433105468752],[139.763198852539,35.56066513061521],[139.77110290527304,35.56886672973631],[139.78550720214804,35.57046508789058],[139.80870056152304,35.53839874267581],[139.79460144043003,35.53186416625984],[139.78979492187503,35.52666854858401],[139.757507324219,35.54420089721681],[139.74679565429702,35.543731689453054],[139.740905761719,35.54546737670902],[139.735000610352,35.541267395019474],[139.727401733398,35.54353332519533],[139.71789550781298,35.53813171386723],[139.70339965820298,35.53653335571287],[139.701797485352,35.53720092773444],[139.697799682617,35.54346466064448],[139.703598022461,35.549331665039055],[139.70249938964798,35.55386734008793],[139.68110656738304,35.5613327026367],[139.67829895019497,35.56340026855473],[139.66780090331997,35.58653259277344],[139.66529846191398,35.58893203735353],[139.65510559081997,35.590133666992166],[139.61920166015602,35.613464355468786],[139.596603393555,35.61846542358397],[139.59019470214804,35.61840057373048],[139.578506469727,35.6218643188477],[139.565902709961,35.627197265625036],[139.56599426269503,35.629066467285156],[139.561996459961,35.632534027099645],[139.551803588867,35.63406753540043],[139.548599243164,35.63579940795904],[139.52540588378898,35.642665863037074],[139.52369689941398,35.63953399658201],[139.52070617675798,35.63779830932622],[139.523498535156,35.633132934570284],[139.51840209960898,35.630599975585945],[139.51460266113298,35.624801635742216],[139.50430297851597,35.623065948486335],[139.49510192871097,35.617465972900426],[139.49679565429696,35.611267089843786],[139.49980163574196,35.60626602172851],[139.49679565429696,35.60480117797848],[139.49040222167994,35.6045341491699],[139.48800659179696,35.60746765136724],[139.48339843749997,35.60853195190427],[139.47999572753898,35.6129989624023],[139.47709655761696,35.6129989624023],[139.47619628906304,35.61893463134773],[139.46899414062497,35.62026596069342],[139.46299743652304,35.62493133544919],[139.46099853515597,35.62233352661128],[139.45420837402304,35.6181983947754],[139.44929504394494,35.611797332763665],[139.45320129394503,35.60493469238281],[139.46530151367196,35.609134674072266],[139.47090148925804,35.60173416137699],[139.47590637206997,35.59966659545896],[139.48019409179696,35.59486770629878],[139.48269653320295,35.594932556152266],[139.48730468749997,35.590198516845746],[139.49279785156304,35.58906555175778],[139.49429321289097,35.58653259277344],[139.49310302734403,35.584197998046925],[139.50509643554696,35.57506561279304],[139.50720214843804,35.575733184814524],[139.50650024414097,35.57146453857422],[139.50239562988298,35.57113265991207],[139.49679565429696,35.56566619873049],[139.48959350585898,35.56153106689452],[139.48599243164097,35.56786727905267],[139.48289489746097,35.5712661743164],[139.48620605468804,35.578399658203104],[139.48770141601597,35.578330993652344],[139.49000549316395,35.58406448364259],[139.48669433593804,35.5846672058105],[139.47900390624994,35.581130981445256],[139.47709655761696,35.58160018920901],[139.47320556640597,35.576267242431584],[139.46969604492196,35.569664001464766],[139.46899414062497,35.564598083496094],[139.47019958496097,35.56066513061521],[139.47380065918003,35.55986404418949],[139.47590637206997,35.56193161010743],[139.48040771484403,35.55766677856448],[139.48199462890597,35.55020141601563],[139.48019409179696,35.54406738281248],[139.48669433593804,35.53553390502932],[139.48620605468804,35.520801544189524],[139.47770690918003,35.51213455200203],[139.47880554199196,35.50880050659179],[139.48500061035196,35.50386428833009],[139.47700500488304,35.50159835815433],[139.46780395507804,35.50220108032233],[139.46859741210898,35.50493240356449],[139.46600341796903,35.50893402099612],[139.46400451660202,35.5157318115234],[139.46159362793003,35.51966476440428],[139.45530700683602,35.51993179321286],[139.456008911133,35.52399826049798],[139.45800781250003,35.528064727783196],[139.44799804687503,35.53673171997069],[139.44329833984403,35.54273223876951],[139.440795898438,35.54259872436518],[139.432495117188,35.54779815673827],[139.427200317383,35.552333831787145],[139.42359924316403,35.55826568603521],[139.41729736328102,35.5617980957031],[139.407608032227,35.57579803466801],[139.40289306640602,35.57533264160161],[139.39860534668,35.58440017700201],[139.39469909668,35.58426666259768],[139.390701293945,35.58539962768547],[139.389495849609,35.587600708007834],[139.379501342773,35.58993148803708],[139.375305175781,35.59413146972663],[139.371795654297,35.594200134277294],[139.36320495605497,35.59893417358399],[139.356002807617,35.59913253784181],[139.34669494628898,35.60193252563481],[139.34140014648398,35.60480117797848],[139.33070373535196,35.603534698486264],[139.32150268554696,35.60580062866212],[139.31210327148398,35.604331970214815],[139.30459594726597,35.605201721191385],[139.30029296874997,35.60606765747069],[139.29249572753903,35.611198425293026],[139.28219604492196,35.6129989624023],[139.26890563964804,35.60926437377933],[139.26730346679702,35.60820007324221],[139.26480102539102,35.60233306884772],[139.25869750976602,35.603534698486264],[139.25289916992202,35.60186767578132],[139.24679565429702,35.605201721191385],[139.240600585938,35.60626602172851],[139.23289489746102,35.61266708374024],[139.226196289063,35.6225318908691],[139.220397949219,35.62566757202152],[139.221405029297,35.628532409668004],[139.215805053711,35.636798858642585],[139.21569824218798,35.6460647583008],[139.206604003906,35.65073394775393],[139.200897216797,35.652465820312536],[139.194793701172,35.6514663696289],[139.192398071289,35.648464202880895],[139.18420410156298,35.644931793212926],[139.179901123047,35.64553451538092],[139.17570495605497,35.64899826049796],[139.16799926757798,35.65113449096683],[139.16740417480497,35.66166687011717],[139.16169738769497,35.667865753173814],[139.15710449218804,35.666332244873026],[139.14860534667994,35.66673278808594],[139.13690185546903,35.67213439941412],[139.13099670410196,35.671798706054695],[139.12950134277295,35.67419815063479],[139.12179565429696,35.67873382568358],[139.10850524902304,35.68959808349607],[139.10000610351602,35.69206619262701],[139.092407226563,35.69073104858404],[139.08290100097702,35.69473266601559],[139.074096679688,35.69566726684574],[139.066101074219,35.69820022583007],[139.05450439453102,35.70399856567381],[139.049896240234,35.70766830444338],[139.044204711914,35.70933151245123],[139.025604248047,35.7193336486816],[139.00529479980497,35.74946594238277],[138.996795654297,35.75226593017577],[138.99449157714798,35.7543334960938],[138.98370361328097,35.769466400146506],[138.98599243164097,35.778999328613295],[138.98460388183597,35.78459930419921],[138.97880554199196,35.78786468505861],[138.97590637206997,35.79213333129882],[138.97090148925804,35.80379867553713],[138.97189331054696,35.81073379516601],[138.96969604492196,35.81573104858401],[138.96969604492196,35.83133316040038],[138.96379089355497,35.8293342590332],[138.95329284667994,35.83653259277339],[138.94810485839804,35.841667175293],[138.94830322265597,35.84933471679694],[138.94400024414102,35.85466766357418]]],[[[139.82119750976594,35.63413238525392],[139.82040405273395,35.639133453369105],[139.82299804687497,35.64179992675777],[139.82609558105494,35.64273452758792],[139.82479858398398,35.63973236083983],[139.83290100097696,35.6404647827148],[139.83279418945298,35.6382675170898],[139.82519531249997,35.63753128051756],[139.82560729980503,35.634532928466825],[139.82119750976594,35.63413238525392]]],[[[139.85780334472696,35.63579940795904],[139.85029602050798,35.63766479492189],[139.849899291992,35.63926696777344],[139.85049438476597,35.63999938964841],[139.85839843749997,35.63813400268547],[139.85780334472696,35.63579940795904]]],[[[139.86759948730497,35.63420104980467],[139.86669921874997,35.63380050659177],[139.86100769042997,35.63600158691413],[139.86219787597696,35.6371994018555],[139.86370849609398,35.63713455200201],[139.86759948730497,35.63420104980467]]],[[[139.76765441894497,35.62589263916022],[139.77748107910202,35.631641387939545],[139.77488708496102,35.63486099243162],[139.77267456054696,35.63253784179691],[139.77084350585898,35.63305282592772],[139.77139282226602,35.634334564209006],[139.777008056641,35.636043548584],[139.784927368164,35.62636947631842],[139.78106689453097,35.62393951416018],[139.792602539063,35.609531402587905],[139.78704833984398,35.6020851135254],[139.77326965331997,35.61848068237296],[139.77438354492193,35.61932754516601],[139.77360534668,35.62026596069342],[139.77084350585898,35.61852264404301],[139.76765441894497,35.62213134765628],[139.76765441894497,35.62589263916022]]],[[[139.753204345703,35.61893463134773],[139.75399780273403,35.630939483642635],[139.75520324707003,35.633598327636676],[139.759201049805,35.633598327636676],[139.759399414063,35.619331359863274],[139.753204345703,35.61893463134773]]],[[[139.83549499511696,35.61246490478524],[139.83230590820304,35.6162643432617],[139.83160400390597,35.62106704711906],[139.82740783691403,35.61980056762703],[139.82659912109403,35.63019943237304],[139.83929443359398,35.63126754760743],[139.83860778808597,35.61420059204103],[139.83549499511696,35.61246490478524]]],[[[139.79490661621102,35.61380004882812],[139.78520202636702,35.62506484985352],[139.78990173339804,35.62760162353521],[139.79789733886696,35.617801666259844],[139.79490661621102,35.61380004882812]]],[[[139.74949645996102,35.58886718750004],[139.74909973144503,35.600734710693445],[139.751800537109,35.60473251342772],[139.753005981445,35.617733001709],[139.757507324219,35.61700057983403],[139.761001586914,35.61513137817382],[139.76350402832003,35.60986709594733],[139.761901855469,35.60906600952151],[139.77639770507804,35.59066772460941],[139.76910400390602,35.58333206176762],[139.77040100097702,35.5811996459961],[139.77859497070304,35.586399078369105],[139.78700256347702,35.580398559570284],[139.78329467773403,35.57719802856447],[139.76672363281298,35.57709884643547],[139.76637268066403,35.578487396240206],[139.76918029785202,35.57993698120116],[139.76753234863298,35.58129501342774],[139.76248168945304,35.57710266113283],[139.75590515136702,35.57719802856447],[139.74949645996102,35.58886718750004]]],[[[139.79150390625003,35.59385299682624],[139.79010009765602,35.595554351806605],[139.79096984863304,35.59719467163093],[139.79895019531298,35.60684967041016],[139.81057739257798,35.61315155029298],[139.819152832031,35.6087417602539],[139.79150390625003,35.59385299682624]]],[[[139.81320190429696,35.58953475952153],[139.80560302734403,35.59946441650387],[139.82020568847702,35.607334136962905],[139.82679748535196,35.59693145751954],[139.81320190429696,35.58953475952153]]],[[[139.805953979492,35.585582733154304],[139.794799804688,35.59209060668948],[139.79397583007795,35.5915489196777],[139.79348754882804,35.592849731445334],[139.80380249023403,35.59846496582033],[139.81179809570304,35.58872604370117],[139.805953979492,35.585582733154304]]],[[[139.76559448242202,35.56486511230467],[139.758499145508,35.5684661865234],[139.757705688477,35.57426452636722],[139.77369689941403,35.574531555175795],[139.76559448242202,35.56486511230467]]],[[[139.43879699707003,34.67860031127927],[139.43130493164102,34.67860031127927],[139.42599487304702,34.68193435668951],[139.410903930664,34.680667877197294],[139.39669799804702,34.683265686035206],[139.394805908203,34.68613433837888],[139.391998291016,34.6867332458496],[139.383804321289,34.693000793457],[139.375793457031,34.69639968872073],[139.371795654297,34.69913482666024],[139.35949707031298,34.701732635497976],[139.36109924316398,34.708934783935526],[139.35290527343795,34.71799850463874],[139.35290527343795,34.72740173339838],[139.35540771484398,34.73300170898438],[139.35639953613298,34.7407989501953],[139.354293823242,34.74426651000979],[139.35319519042997,34.74980163574221],[139.349899291992,34.751800537109396],[139.35200500488298,34.751598358154304],[139.34880065917997,34.7645988464355],[139.35119628906298,34.767066955566435],[139.34980773925798,34.77393341064447],[139.350692749023,34.783931732177656],[139.357498168945,34.792201995849595],[139.36030578613298,34.798801422119055],[139.366104125977,34.79673385620121],[139.371795654297,34.798267364501996],[139.377105712891,34.794067382812536],[139.37980651855497,34.79413223266602],[139.381896972656,34.79166793823244],[139.388900756836,34.7887344360352],[139.391204833984,34.78933334350593],[139.407608032227,34.78633499145511],[139.411895751953,34.786998748779325],[139.42030334472702,34.78106689453126],[139.42170715332003,34.78139877319341],[139.43449401855503,34.77033233642583],[139.438903808594,34.76166534423834],[139.44070434570304,34.75320053100594],[139.44410705566403,34.74713134765627],[139.44709777832003,34.74560165405266],[139.44839477539102,34.73853302001954],[139.44490051269503,34.73473358154299],[139.44549560546903,34.72753524780271],[139.44960021972702,34.715332031249986],[139.44639587402304,34.71133422851562],[139.44349670410202,34.70393371582034],[139.44920349121102,34.698532104492244],[139.44859313964804,34.694667816162124],[139.44549560546903,34.68946456909176],[139.445007324219,34.68473434448242],[139.43989562988304,34.685199737548814],[139.43930053710903,34.686866760253935],[139.436706542969,34.6882019042969],[139.44020080566403,34.682800292968814],[139.43879699707003,34.67860031127927]]],[[[139.27529907226602,34.511135101318416],[139.26849365234403,34.51653289794924],[139.26849365234403,34.52706527709958],[139.27529907226602,34.53213500976561],[139.27969360351602,34.532066345214766],[139.28080749511693,34.53440093994137],[139.28059387206997,34.532066345214766],[139.28410339355503,34.53200149536128],[139.288208007813,34.53053283691407],[139.29310607910202,34.5242004394531],[139.28199768066403,34.51246643066412],[139.27529907226602,34.511135101318416]]],[[[139.29319763183597,34.46966552734382],[139.29029846191403,34.47320175170898],[139.28739929199196,34.47740173339843],[139.296508789063,34.47333526611331],[139.29890441894497,34.47046661376946],[139.29319763183597,34.46966552734382]]],[[[139.27250671386702,34.32993316650387],[139.254104614258,34.338600158691364],[139.24470520019503,34.347599029541],[139.24510192871102,34.35373306274407],[139.242599487305,34.362266540527315],[139.243804931641,34.36800003051756],[139.24679565429702,34.36873245239262],[139.25529479980503,34.383533477783175],[139.255401611328,34.3998680114746],[139.26559448242202,34.4072647094727],[139.268005371094,34.41460037231449],[139.27189636230503,34.41666793823243],[139.27400207519503,34.416599273681584],[139.27479553222702,34.41526794433589],[139.28059387206997,34.41986465454098],[139.28129577636696,34.42306900024407],[139.27850341796903,34.43093490600592],[139.28520202636696,34.42879867553714],[139.29020690918003,34.42440032958977],[139.29119873046903,34.4193344116211],[139.28640747070304,34.413135528564545],[139.29100036621094,34.408332824707],[139.28990173339804,34.40266799926761],[139.28520202636696,34.39993286132809],[139.27769470214804,34.388801574707024],[139.27650451660202,34.3495330810547],[139.27270507812503,34.33653259277342],[139.27250671386702,34.32993316650387]]],[[[139.227005004883,34.36719894409183],[139.227493286133,34.369598388671925],[139.223403930664,34.375068664550774],[139.228500366211,34.373134613037074],[139.228698730469,34.367733001708984],[139.227005004883,34.36719894409183]]],[[[139.210693359375,34.33673477172851],[139.209701538086,34.3376655578613],[139.211898803711,34.337535858154325],[139.210693359375,34.33673477172851]]],[[[139.213394165039,34.31626892089838],[139.210891723633,34.31753158569341],[139.20849609375,34.317333221435504],[139.20719909668,34.32053375244141],[139.204803466797,34.3212013244629],[139.201507568359,34.31626892089838],[139.19709777832,34.31700134277344],[139.195693969727,34.31793212890632],[139.194900512695,34.32113265991214],[139.20060729980497,34.3253326416016],[139.200408935547,34.32886886596684],[139.204193115234,34.326866149902294],[139.205001831055,34.328731536865234],[139.20539855957,34.32806777954102],[139.206405639648,34.32979965209963],[139.207794189453,34.32973480224614],[139.20730590820298,34.33566665649412],[139.208801269531,34.334800720214815],[139.21040344238298,34.33639907836909],[139.212799072266,34.33653259277342],[139.21440124511702,34.33486557006839],[139.21440124511702,34.332931518554695],[139.221405029297,34.33179855346681],[139.222595214844,34.33039855957027],[139.22579956054702,34.33039855957027],[139.226501464844,34.326866149902294],[139.224502563477,34.32366561889648],[139.223205566406,34.32353210449223],[139.222793579102,34.32180023193362],[139.221206665039,34.32260131835944],[139.217498779297,34.317333221435504],[139.214904785156,34.31779861450199],[139.213394165039,34.31626892089838]]],[[[139.27830505371102,34.32433319091796],[139.27529907226602,34.3253326416016],[139.27700805664102,34.32746887207029],[139.28010559082003,34.32546615600593],[139.27830505371102,34.32433319091796]]],[[[139.12899780273398,34.185066223144496],[139.12510681152304,34.18906784057622],[139.12179565429696,34.18853378295898],[139.12040710449196,34.18973159790043],[139.11999511718804,34.192134857177706],[139.12179565429696,34.19906616210941],[139.13139343261696,34.20133209228517],[139.13310241699196,34.20353317260744],[139.13040161132804,34.21533203124999],[139.13380432128903,34.21693420410163],[139.12840270996097,34.2220001220703],[139.13630676269497,34.224933624267635],[139.13490295410196,34.23379898071294],[139.13690185546903,34.240734100341825],[139.14160156249997,34.24346542358398],[139.15179443359398,34.2395324707031],[139.15499877929696,34.2395324707031],[139.16940307617196,34.23199844360349],[139.17230224609398,34.22046661376951],[139.17500305175798,34.21686553955078],[139.17419433593798,34.21513366699217],[139.17539978027298,34.205001831054744],[139.171600341797,34.20460128784183],[139.16889953613298,34.20833206176763],[139.16140747070298,34.20600128173829],[139.15390014648398,34.201801300048835],[139.15600585937497,34.19546890258786],[139.15249633789097,34.1930656433105],[139.147994995117,34.19660186767583],[139.14599609374997,34.187999725341825],[139.14390563964798,34.18793487548834],[139.14270019531304,34.18619918823237],[139.14140319824196,34.187068939209034],[139.13859558105497,34.1854667663574],[139.13369750976597,34.18626785278322],[139.12899780273398,34.185066223144496]]],[[[139.192108154297,34.206531524658175],[139.18940734863298,34.20786666870123],[139.19140624999997,34.20893478393553],[139.19299316406298,34.208198547363295],[139.192108154297,34.206531524658175]]],[[[139.072906494141,34.18306732177731],[139.073501586914,34.18533325195307],[139.07600402832003,34.18373489379879],[139.07550048828102,34.18366622924804],[139.072906494141,34.18306732177731]]],[[[139.50210571289097,34.04539871215821],[139.49380493164097,34.04833221435554],[139.48870849609403,34.051666259765604],[139.48260498046903,34.05120086669921],[139.47790527343804,34.063133239746094],[139.48019409179696,34.06620025634767],[139.48019409179696,34.06740188598631],[139.47920227050804,34.066333770752],[139.47900390624994,34.068065643310526],[139.47990417480503,34.06840133666994],[139.47309875488304,34.07653427124019],[139.48190307617196,34.08313369750983],[139.48109436035196,34.08653259277338],[139.48820495605503,34.09673309326166],[139.48970031738304,34.10026550292972],[139.49389648437497,34.10313415527339],[139.49000549316395,34.111267089843814],[139.49139404296898,34.11719894409179],[139.49819946289097,34.121398925781335],[139.50559997558597,34.12213134765631],[139.51190185546898,34.12013244628913],[139.52029418945298,34.12446594238283],[139.538803100586,34.123668670654276],[139.558502197266,34.111267089843814],[139.564895629883,34.102134704589844],[139.56559753418,34.092533111572294],[139.561798095703,34.08653259277338],[139.561508178711,34.08259963989259],[139.564804077148,34.079864501953075],[139.56379699707,34.079200744628864],[139.562408447266,34.06846618652343],[139.553802490234,34.06046676635743],[139.53559875488298,34.05279922485349],[139.53190612792997,34.04826736450197],[139.532196044922,34.047466278076236],[139.52940368652298,34.04633331298827],[139.525695800781,34.048999786377024],[139.52229309082,34.04706573486333],[139.51470947265597,34.04813385009772],[139.50210571289097,34.04539871215821]]],[[[139.620803833008,33.85200119018547],[139.59420776367202,33.854335784912074],[139.58219909668,33.85793304443362],[139.57780456543,33.862468719482415],[139.577301025391,33.880466461181605],[139.59049987793,33.89680099487304],[139.60020446777304,33.90073394775392],[139.60560607910202,33.900665283203075],[139.61669921875003,33.89253234863283],[139.62179565429693,33.887599945068395],[139.63209533691403,33.869800567627024],[139.620803833008,33.85200119018547]]],[[[139.83219909667994,33.046066284179716],[139.81750488281304,33.05879974365233],[139.81469726562494,33.057933807373026],[139.81019592285193,33.0582008361816],[139.80549621581997,33.059932708740206],[139.80270385742202,33.06299972534178],[139.79789733886696,33.06213378906248],[139.786499023438,33.06826782226563],[139.78109741210903,33.07246780395509],[139.779907226563,33.087200164794886],[139.77720642089804,33.09726715087892],[139.77749633789102,33.09953308105468],[139.77340698242202,33.097934722900405],[139.77130126953102,33.09846878051756],[139.77130126953102,33.09966659545901],[139.77030944824202,33.09906768798829],[139.768905639648,33.1003341674805],[139.759796142578,33.102066040039105],[139.754806518555,33.104400634765625],[139.752304077148,33.111934661865234],[139.746505737305,33.11933135986333],[139.740097045898,33.13053131103524],[139.739105224609,33.14546585083013],[139.743499755859,33.15299987792974],[139.74679565429702,33.15593338012698],[139.757598876953,33.15879821777338],[139.77139282226602,33.15800094604492],[139.79510498046903,33.14193344116207],[139.79820251464804,33.133865356445305],[139.80459594726602,33.13180160522464],[139.80520629882804,33.13053131103524],[139.80259704589804,33.131866455078125],[139.80560302734403,33.12926864624021],[139.80639648437503,33.13133239746088],[139.81329345703097,33.12793350219733],[139.81750488281304,33.122467041015575],[139.81959533691395,33.122665405273395],[139.81790161132804,33.121734619140604],[139.81770324706997,33.1195983886719],[139.82760620117196,33.117134094238324],[139.84640502929696,33.11640167236327],[139.84939575195298,33.10926818847656],[139.85670471191398,33.09939956665044],[139.85450744628898,33.09353256225586],[139.85879516601597,33.08526611328128],[139.85810852050804,33.07846450805664],[139.84040832519497,33.075267791748004],[139.83970642089798,33.07300186157233],[139.83349609374997,33.06560134887697],[139.83390808105503,33.05686569213872],[139.83680725097696,33.0506019592285],[139.83509826660196,33.047401428222685],[139.83219909667994,33.046066284179716]]],[[[139.69940185546898,33.11573410034178],[139.69769287109398,33.11653137207033],[139.68600463867196,33.11673355102542],[139.67669677734398,33.129333496093786],[139.67570495605497,33.132465362548764],[139.67610168456997,33.135601043701186],[139.67829895019497,33.1344680786133],[139.68539428710898,33.13619995117191],[139.688293457031,33.13273239135743],[139.69599914550798,33.12846755981448],[139.699996948242,33.11800003051763],[139.69940185546898,33.11573410034178]]],[[[139.76919555664102,32.442001342773366],[139.76139831543,32.445068359375036],[139.755706787109,32.44853210449216],[139.754608154297,32.46893310546881],[139.757705688477,32.472335815429716],[139.76969909668,32.46786880493159],[139.77980041503903,32.45759963989256],[139.78050231933602,32.44806671142577],[139.76919555664102,32.442001342773366]]],[[[140.05171961897773,31.43783834431019],[140.05031581038372,31.438103465770176],[140.0500258933917,31.440037517283784],[140.0509261619468,31.440171031688116],[140.05171961897773,31.43783834431019]]],[[[140.29859924316403,30.472333908081076],[140.286499023438,30.482667922973597],[140.292007446289,30.491601943969663],[140.30450439453102,30.495466232299787],[140.31150817871102,30.490400314331115],[140.31419372558602,30.485534667968764],[140.30999755859403,30.475133895873988],[140.29859924316403,30.472333908081076]]],[[[140.34274182145802,29.79318853424832],[140.34124834007002,29.793040245316075],[140.34252998012704,29.793919386842585],[140.34274182145802,29.79318853424832]]],[[[142.10270690917994,27.7152004241943],[142.09770202636696,27.71780014038089],[142.09739685058597,27.71933364868159],[142.10119628906304,27.717399597167983],[142.10270690917994,27.7152004241943]]],[[[142.10949707031304,27.715333938598633],[142.10800170898398,27.71560096740721],[142.10710144042997,27.71693229675291],[142.10910034179696,27.71693229675291],[142.10949707031304,27.715333938598633]]],[[[142.146102905273,27.66986656188958],[142.140197753906,27.6715335845947],[142.13909912109398,27.672733306884837],[142.13870239257798,27.676799774169872],[142.135101318359,27.68020057678219],[142.13150024414097,27.677999496460007],[142.12680053710898,27.682733535766616],[142.12460327148398,27.68246650695804],[142.12510681152298,27.685132980346708],[142.129699707031,27.68773269653321],[142.131896972656,27.68773269653321],[142.13250732421898,27.685333251953118],[142.13540649414097,27.685934066772525],[142.138397216797,27.684865951538132],[142.139999389648,27.687599182128878],[142.14250183105497,27.687133789062482],[142.147201538086,27.683666229247997],[142.148406982422,27.673933029174794],[142.146102905273,27.66986656188958]]],[[[142.12660217285196,27.67779922485351],[142.124099731445,27.67793273925784],[142.125701904297,27.68020057678219],[142.12660217285196,27.67779922485351]]],[[[142.158996582031,27.6544666290283],[142.156600952148,27.658666610717756],[142.156799316406,27.66273307800288],[142.158706665039,27.662200927734407],[142.158996582031,27.6544666290283]]],[[[142.185699462891,27.618999481201204],[142.178405761719,27.625],[142.17599487304702,27.621465682983374],[142.172302246094,27.62639999389648],[142.169692993164,27.633266448974606],[142.17199707031298,27.6326007843018],[142.17399597168,27.634466171264563],[142.178604125977,27.630599975585938],[142.18319702148403,27.62926673889156],[142.186798095703,27.621665954589783],[142.185699462891,27.618999481201204]]],[[[142.21279907226602,27.488866806030302],[142.21189880371102,27.49286651611326],[142.20610046386702,27.495199203491186],[142.205001831055,27.499200820922912],[142.20800781250003,27.498933792114336],[142.21080017089804,27.500999450683597],[142.21310424804702,27.49760055541987],[142.213500976563,27.49360084533691],[142.21609497070304,27.49020004272459],[142.21279907226602,27.488866806030302]]],[[[142.20669555664102,27.486000061035224],[142.20579528808602,27.486865997314528],[142.20669555664102,27.48853302001947],[142.20880126953102,27.486932754516605],[142.20669555664102,27.486000061035224]]],[[[140.87669372558597,27.243534088134794],[140.87260437011696,27.244667053222678],[140.87460327148398,27.2489337921143],[140.87910461425804,27.246332168579116],[140.87669372558597,27.243534088134794]]],[[[142.195098876953,27.191932678222678],[142.194000244141,27.194866180419922],[142.19760131835903,27.19453239440918],[142.19700622558602,27.193201065063484],[142.195098876953,27.191932678222678]]],[[[142.18879699707003,27.144001007080135],[142.180297851563,27.146133422851562],[142.18119812011702,27.149133682250977],[142.184097290039,27.148799896240234],[142.186294555664,27.153999328613324],[142.181594848633,27.15620040893551],[142.182800292969,27.156999588012738],[142.18420410156298,27.160999298095696],[142.18479919433602,27.16986656188959],[142.18389892578102,27.17060089111333],[142.187698364258,27.171133041381808],[142.185302734375,27.17873382568358],[142.18730163574202,27.183399200439524],[142.184707641602,27.18646621704101],[142.188400268555,27.188266754150376],[142.188995361328,27.18700027465816],[142.194702148438,27.183866500854506],[142.194702148438,27.18213272094731],[142.19999694824202,27.181865692138736],[142.196304321289,27.178533554077084],[142.195495605469,27.173866271972727],[142.19799804687503,27.16986656188959],[142.19799804687503,27.168266296386726],[142.200805664063,27.168333053588896],[142.20150756835903,27.16519927978524],[142.19839477539102,27.1577339172363],[142.192398071289,27.14999961853028],[142.188400268555,27.14946556091313],[142.18879699707003,27.144001007080135]]],[[[142.22000122070304,27.108133316040046],[142.201599121094,27.108867645263693],[142.20219421386702,27.11293220520023],[142.205001831055,27.114667892456104],[142.205200195313,27.117599487304673],[142.202102661133,27.11986541748052],[142.19560241699202,27.1222667694092],[142.19129943847702,27.120532989502003],[142.18759155273403,27.12026786804202],[142.19000244140602,27.12473487853996],[142.187408447266,27.129932403564467],[142.192306518555,27.13213348388674],[142.19030761718798,27.135000228881815],[142.18969726562503,27.13786697387698],[142.19039916992202,27.14266777038567],[142.192794799805,27.142532348632834],[142.195205688477,27.137399673461907],[142.20030212402304,27.132400512695312],[142.20579528808602,27.133399963378864],[142.205001831055,27.127666473388707],[142.216506958008,27.13226699829098],[142.21839904785202,27.13213348388674],[142.21859741210903,27.128667831420934],[142.22050476074202,27.125999450683587],[142.22390747070304,27.12266540527343],[142.22579956054702,27.123199462890582],[142.22659301757804,27.116067886352475],[142.22900390625003,27.113399505615213],[142.23489379882804,27.113267898559563],[142.23489379882804,27.10939979553217],[142.234008789063,27.108533859252866],[142.22120666503903,27.109733581542997],[142.22000122070304,27.108133316040046]]],[[[142.18200683593798,27.12633323669433],[142.177597045898,27.127132415771463],[142.17829895019503,27.12820053100586],[142.179595947266,27.12820053100586],[142.18200683593798,27.12633323669433]]],[[[142.163803100586,27.11213493347168],[142.161697387695,27.11306762695306],[142.164993286133,27.11459922790526],[142.163299560547,27.120199203491175],[142.16760253906298,27.120332717895508],[142.17219543457003,27.115734100341818],[142.163803100586,27.11213493347168]]],[[[142.22070312500003,27.03526687622066],[142.21890258789102,27.040599822997997],[142.21499633789102,27.03866767883298],[142.212600708008,27.039066314697294],[142.21159362793003,27.037799835205085],[142.21029663085903,27.037933349609418],[142.20709228515602,27.041866302490206],[142.19920349121102,27.044534683227468],[142.19459533691403,27.04073333740233],[142.187896728516,27.043666839599574],[142.18620300293,27.040199279785178],[142.184707641602,27.04199981689454],[142.185501098633,27.04693222045897],[142.187408447266,27.04693222045897],[142.189392089844,27.053333282470696],[142.1875,27.055067062377894],[142.18820190429702,27.060533523559563],[142.192306518555,27.058267593383803],[142.19389343261702,27.05833244323729],[142.194107055664,27.061000823974638],[142.19219970703102,27.063533782958977],[142.19309997558602,27.0658664703369],[142.18919372558602,27.067399978637688],[142.18759155273403,27.06979942321778],[142.182998657227,27.06960105895996],[142.18290710449202,27.07399940490724],[142.186798095703,27.071800231933643],[142.191802978516,27.074266433715813],[142.19839477539102,27.074333190917983],[142.20190429687503,27.072467803955128],[142.20399475097702,27.072599411010692],[142.20680236816403,27.079866409301815],[142.207305908203,27.084733963012667],[142.20359802246102,27.084135055542028],[142.20199584960903,27.086532592773445],[142.20350646972702,27.097867965698192],[142.20089721679702,27.098333358764584],[142.198196411133,27.09706687927246],[142.19459533691403,27.092866897583008],[142.192306518555,27.09233474731453],[142.192306518555,27.089532852172944],[142.188003540039,27.08713340759276],[142.18620300293,27.087999343872063],[142.18200683593798,27.094400405883796],[142.18170166015602,27.09900093078607],[142.18620300293,27.104267120361328],[142.192398071289,27.104400634765575],[142.193206787109,27.10333251953127],[142.20359802246102,27.104532241821317],[142.20689392089804,27.102199554443388],[142.21080017089804,27.10253334045413],[142.21459960937503,27.099666595458963],[142.217895507813,27.099866867065373],[142.22000122070304,27.09499931335452],[142.22259521484403,27.092267990112276],[142.22500610351602,27.080333709716804],[142.22799682617193,27.080467224121136],[142.232299804688,27.07733345031739],[142.23210144043003,27.06293296813957],[142.23089599609403,27.06006622314449],[142.23159790039102,27.057466506957986],[142.23730468750003,27.052999496460046],[142.23649597168003,27.049999237060547],[142.23699951171903,27.04853248596192],[142.23350524902304,27.049400329589815],[142.22920227050804,27.055532455444293],[142.22560119628903,27.053199768066364],[142.22239685058602,27.052867889404304],[142.22450256347702,27.050867080688526],[142.22610473632804,27.04486656188962],[142.22349548339804,27.045133590698192],[142.22410583496102,27.04253387451169],[142.22630310058602,27.040466308593842],[142.22529602050804,27.038333892822322],[142.22669982910202,27.0384006500244],[142.22990417480503,27.035533905029325],[142.22070312500003,27.03526687622066]]],[[[142.24679565429696,27.08946800231928],[142.24079895019497,27.094133377075217],[142.24679565429696,27.094133377075217],[142.24789428710898,27.090999603271477],[142.24679565429696,27.08946800231928]]],[[[142.18389892578102,27.0853328704834],[142.182601928711,27.086532592773445],[142.183807373047,27.086532592773445],[142.18389892578102,27.0853328704834]]],[[[142.17682170288796,27.043157046945794],[142.17717918513497,27.044057372605415],[142.17897983645403,27.044732616850204],[142.178238391793,27.04354100935948],[142.17682170288796,27.043157046945794]]],[[[142.176406860352,27.03066635131838],[142.172500610352,27.042734146118192],[142.173294067383,27.0442657470703],[142.177597045898,27.033933639526367],[142.176300048828,27.035867691039975],[142.176406860352,27.03066635131838]]],[[[142.121795654297,26.71473312377934],[142.121795654297,26.715600967407234],[142.12219238281298,26.716066360473626],[142.121795654297,26.71473312377934]]],[[[142.17890930175798,26.606933593750007],[142.176605224609,26.6082668304443],[142.17379760742202,26.607000350952084],[142.177703857422,26.614332199096694],[142.1748046875,26.62193298339838],[142.175399780273,26.62346649169917],[142.169998168945,26.63080024719237],[142.162200927734,26.628999710083008],[142.16119384765602,26.638267517089815],[142.158798217773,26.637666702270494],[142.155197143555,26.634599685668917],[142.15100097656298,26.64653396606448],[142.14700317382798,26.650533676147532],[142.14729309082,26.65506553649896],[142.14489746093798,26.655132293701215],[142.148895263672,26.661199569702113],[142.147506713867,26.666467666625962],[142.14250183105497,26.665065765380916],[142.142196655273,26.667732238769496],[142.144195556641,26.669866561889606],[142.14480590820298,26.67366790771483],[142.13200378417997,26.686599731445263],[142.128494262695,26.69720077514654],[142.121795654297,26.709867477416985],[142.124496459961,26.71339988708496],[142.12840270996097,26.70966720581049],[142.13369750976597,26.698801040649407],[142.13909912109398,26.698801040649407],[142.14179992675798,26.69740104675286],[142.142593383789,26.698066711425845],[142.14129638671898,26.70733261108397],[142.143402099609,26.7055339813232],[142.147506713867,26.706533432006836],[142.15010070800798,26.704799652099638],[142.152694702148,26.70526695251462],[142.154296875,26.70753288269038],[142.158706665039,26.702667236328118],[142.16369628906298,26.70193290710447],[142.164001464844,26.69939994812013],[142.16119384765602,26.700132369995103],[142.15310668945298,26.69740104675286],[142.15100097656298,26.693933486938462],[142.14640808105497,26.693132400512738],[142.146499633789,26.68533325195314],[142.149398803711,26.682666778564474],[142.160293579102,26.68586730957029],[142.163604736328,26.68593406677246],[142.16760253906298,26.688800811767628],[142.166595458984,26.68146705627443],[142.162002563477,26.67386627197274],[142.163497924805,26.66200065612793],[142.16679382324202,26.657333374023402],[142.173095703125,26.655200958251974],[142.18119812011702,26.65600013732911],[142.18180847168,26.6583995819092],[142.18780517578102,26.65859985351561],[142.18830871582,26.655000686645472],[142.18609619140602,26.654933929443395],[142.184097290039,26.6529998779297],[142.18200683593798,26.65240097045897],[142.175704956055,26.654066085815415],[142.172103881836,26.642932891845668],[142.173004150391,26.636066436767628],[142.177597045898,26.632066726684585],[142.180801391602,26.62700080871582],[142.18209838867202,26.621332168579066],[142.182403564453,26.61100006103522],[142.17890930175798,26.606933593750007]]],[[[142.128707885742,26.59426689147947],[142.12809753417997,26.596866607665973],[142.12519836425798,26.594533920288136],[142.12640380859398,26.599199295043903],[142.123992919922,26.602865219116204],[142.122604370117,26.60273361206046],[142.125701904297,26.608200073242223],[142.129699707031,26.608333587646463],[142.13200378417997,26.609399795532177],[142.135101318359,26.59906578063957],[142.131408691406,26.594999313354535],[142.128707885742,26.59426689147947]]],[[[142.14790344238298,26.581066131591783],[142.14909362793,26.58473396301268],[142.154296875,26.586532592773366],[142.161895751953,26.586532592773366],[142.158905029297,26.582933425903313],[142.14790344238298,26.581066131591783]]],[[[142.22799682617193,26.562734603881758],[142.22659301757804,26.56453323364262],[142.22740173339804,26.56726646423337],[142.22689819335903,26.5691337585449],[142.230102539063,26.573932647705085],[142.23820495605503,26.569334030151396],[142.23939514160193,26.566865921020458],[142.23280334472702,26.565200805664105],[142.22799682617193,26.562734603881758]]],[[[142.15629577636702,26.542333602905295],[142.150894165039,26.54733276367189],[142.152496337891,26.546932220458977],[142.153900146484,26.547933578491204],[142.154205322266,26.55459976196292],[142.151901245117,26.560934066772482],[142.154800415039,26.563800811767564],[142.156005859375,26.56213378906253],[142.160293579102,26.56040000915533],[142.159393310547,26.553400039672873],[142.160995483398,26.548133850097706],[142.157806396484,26.545265197753857],[142.15629577636702,26.542333602905295]]],[[[142.20190429687503,26.552000045776417],[142.203002929688,26.560934066772482],[142.209106445313,26.562799453735423],[142.21780395507804,26.562265396118185],[142.213806152344,26.555265426635728],[142.20190429687503,26.552000045776417]]],[[[141.27819824218798,25.41773223876948],[141.274703979492,25.419866561889588],[141.272796630859,25.42486763000486],[141.272796630859,25.43973350524899],[141.281600952148,25.447734832763675],[141.287002563477,25.446599960327116],[141.291305541992,25.438667297363278],[141.293106079102,25.42620086669924],[141.287200927734,25.419866561889588],[141.27819824218798,25.41773223876948]]],[[[141.2862036412622,24.74515370975407],[141.28550173696522,24.749954506263023],[141.2921087926294,24.765154167517807],[141.29371096548138,24.780220314368435],[141.2895147984892,24.78688649784015],[141.28701235708238,24.785620018348027],[141.28591372427027,24.78635434757159],[141.2868983363052,24.78951921962686],[141.29761458946382,24.79604378638893],[141.3203070348172,24.80708722721012],[141.3221991246613,24.811620994910406],[141.3289129918482,24.811687752112483],[141.3385107701683,24.80268697391434],[141.34751345571522,24.782219215735708],[141.34371401723922,24.775354668006173],[141.33750369009033,24.771019264563705],[141.3259070104034,24.770220085486656],[141.3194067662622,24.76695470462726],[141.29770876821522,24.75395421634598],[141.2901098912623,24.746887489661447],[141.2862036412622,24.74515370975407]]],[[[153.9855011171322,24.280878540740787],[153.98246815471649,24.281031442317165],[153.9705603524918,24.284743706799823],[153.97804199321794,24.290883221136035],[153.98409730853828,24.297678467498436],[153.9851809633768,24.297222626637023],[153.98526663101848,24.290083656478174],[153.98686576033427,24.282316456945736],[153.9855011171322,24.280878540740787]]],[[[141.4600988339342,24.225159011042336],[141.4543004940904,24.226160369074208],[141.4534500770942,24.22908816605826],[141.4535927794412,24.235923275731714],[141.4552736166714,24.242283961545503],[141.4588933895984,24.245025954401385],[141.46190466968014,24.24506900380898],[141.4714971493635,24.241827330744243],[141.4728799989555,24.240606051234188],[141.4727941464345,24.237961135065618],[141.47188440445817,24.232702089948006],[141.46939143647342,24.227894148981584],[141.4600988339342,24.225159011042336]]],[[[136.06952692854304,20.42528596531696],[136.06997763431832,20.425140232376933],[136.06967221811053,20.42502379194488],[136.06952692854304,20.42528596531696]]],[[[136.08091569932512,20.42565009644923],[136.08136950984158,20.425526799424194],[136.08105136693436,20.4253875104998],[136.08091569932512,20.42565009644923]]],[[[139.38315235516197,34.04926147435383],[139.38427565587645,34.04943340813659],[139.3850550890254,34.04887175777944],[139.38435589164177,34.0477828438215],[139.38315235516197,34.04926147435383]]],[[[138.8379197468609,33.96298101045858],[138.8381189884977,33.96312213995138],[138.83812610427057,33.96292171235242],[138.8379197468609,33.96298101045858]]],[[[138.83575398268775,33.96315427492535],[138.83586501815898,33.96319938308558],[138.83581586183038,33.963109166764944],[138.83575398268775,33.96315427492535]]],[[[139.29879553259204,33.652336279129464],[139.29957043575698,33.65143667890351],[139.29885788112264,33.65063505493968],[139.29828783741496,33.65176623542194],[139.29879553259204,33.652336279129464]]],[[[142.1567755207556,27.692520451996142],[142.1582003717477,27.691625353295915],[142.15788982730075,27.691223472246765],[142.1567755207556,27.692520451996142]]],[[[142.11552848475108,27.741303823124777],[142.11558001814,27.741575661750876],[142.1157436366495,27.74137725820395],[142.11552848475108,27.741303823124777]]],[[[142.1167759409781,27.73714751093436],[142.11700293597264,27.737305669901527],[142.1169849074894,27.737058187994204],[142.1167759409781,27.73714751093436]]],[[[142.21840283040282,27.496233812182528],[142.2192728504533,27.495278680214167],[142.2191507095046,27.492795147588748],[142.21817358191436,27.4925915793408],[142.21840283040282,27.496233812182528]]],[[[141.28539023638152,24.807253519736],[141.2874487615194,24.80663596219454],[141.2858019414091,24.79716674656018],[141.28415512129877,24.79757845158776],[141.28539023638152,24.807253519736]]],[[[138.8156478379693,33.94635752298225],[138.8156633185001,33.94685289996737],[138.815841344604,33.94648136722857],[138.8156478379693,33.94635752298225]]],[[[138.8165147476932,33.94640396457451],[138.81695594282039,33.946473626963076],[138.81694046228958,33.946318821655304],[138.8165147476932,33.94640396457451]]],[[[138.81727329370162,33.9435091053182],[138.81757516405185,33.94373357301454],[138.81764482644041,33.9434162221335],[138.81727329370162,33.9435091053182]]],[[[138.81738165741695,33.942882143821436],[138.81766804723654,33.94330011815267],[138.81770674856355,33.942858923025305],[138.81738165741695,33.942882143821436]]],[[[139.91731602069493,31.886738135355156],[139.91782804789807,31.886530356200208],[139.91772415832077,31.88631515636128],[139.91731602069493,31.886738135355156]]],[[[142.11212823696357,27.745018443717942],[142.11248506011592,27.744912718339446],[142.11223396234206,27.744727698927033],[142.11212823696357,27.745018443717942]]],[[[136.07374350194107,20.422780157252078],[136.074026867268,20.423205971094774],[136.07409732567362,20.422841425430875],[136.07374350194107,20.422780157252078]]]]}},{"type":"Feature","properties":{"name":"埼玉県"},"geometry":{"type":"Polygon","coordinates":[[[139.12930297851602,36.283401489257834],[139.13600158691395,36.27853393554689],[139.16389465332,36.27899932861329],[139.17140197753898,36.27386856079104],[139.197998046875,36.262332916259794],[139.208602905273,36.262332916259794],[139.211898803711,36.26026535034176],[139.21159362793,36.25633239746088],[139.223892211914,36.258468627929666],[139.23809814453102,36.24606704711912],[139.24369812011702,36.244533538818416],[139.25669860839804,36.24546432495121],[139.26480102539102,36.242668151855476],[139.26699829101602,36.24366760253911],[139.268005371094,36.250400543212905],[139.29699707031304,36.24340057373054],[139.30369567871097,36.24553298950197],[139.30540466308597,36.244400024414084],[139.30540466308597,36.24020004272463],[139.30999755859403,36.23326873779302],[139.32350158691398,36.229732513427685],[139.32910156249997,36.23346710205084],[139.32780456542997,36.239933013915966],[139.33990478515597,36.2445983886719],[139.34040832519497,36.246467590332024],[139.345993041992,36.24919891357418],[139.34710693359398,36.25320053100591],[139.35099792480497,36.25439834594727],[139.35459899902298,36.25193405151369],[139.35949707031298,36.25320053100591],[139.370193481445,36.24606704711912],[139.377105712891,36.24413299560551],[139.389892578125,36.229732513427685],[139.407897949219,36.22306442260738],[139.41909790039102,36.2167320251465],[139.420806884766,36.21093368530268],[139.42509460449202,36.21046829223628],[139.44419860839804,36.196865081787095],[139.45719909668003,36.19060134887697],[139.47329711914094,36.189334869384844],[139.49679565429696,36.19279861450197],[139.513000488281,36.19279861450197],[139.52580261230497,36.191333770752024],[139.541900634766,36.19553375244139],[139.55830383300798,36.20140075683588],[139.57470703125,36.20479965209961],[139.587905883789,36.210399627685526],[139.60099792480503,36.20553207397458],[139.60989379882804,36.196865081787095],[139.62489318847702,36.18659973144533],[139.62809753418003,36.194599151611335],[139.64059448242196,36.19739913940433],[139.65029907226594,36.19693374633794],[139.65100097656304,36.20133209228521],[139.65000915527304,36.21126556396483],[139.66059875488304,36.214668273925824],[139.66369628906304,36.21120071411134],[139.66200256347696,36.207866668701186],[139.66999816894497,36.2076644897461],[139.67430114746097,36.2091331481934],[139.67770385742196,36.20140075683588],[139.68280029296898,36.201465606689545],[139.686096191406,36.203735351562486],[139.68960571289097,36.194534301757756],[139.694396972656,36.19033432006839],[139.69119262695298,36.172599792480504],[139.69860839843804,36.15206527709962],[139.710098266602,36.135932922363274],[139.715408325195,36.12433242797854],[139.726806640625,36.11140060424802],[139.729797363281,36.087932586669886],[139.731903076172,36.08653259277343],[139.74679565429702,36.08706665039058],[139.761001586914,36.08126831054694],[139.77030944824202,36.081199645996094],[139.77250671386702,36.084865570068395],[139.772003173828,36.08653259277343],[139.77619934082003,36.090866088867216],[139.78250122070304,36.0710639953613],[139.78959655761696,36.06186676025393],[139.79069519043003,36.05920028686517],[139.80690002441403,36.04320144653316],[139.81210327148403,36.03953170776368],[139.81739807128903,36.03253555297849],[139.81420898437503,36.02533340454103],[139.81689453124997,36.003868103027266],[139.81420898437503,35.99793243408202],[139.82589721679696,35.9847984313965],[139.82560729980503,35.97293472290037],[139.83340454101594,35.96893310546882],[139.83549499511696,35.95899963378912],[139.84939575195298,35.93826675415041],[139.86169433593798,35.9320640563965],[139.87010192871097,35.91986465454104],[139.871795654297,35.915798187255916],[139.887298583984,35.89653396606451],[139.899993896484,35.86533355712886],[139.896896362305,35.855400085449155],[139.8916015625,35.84673309326167],[139.88850402832,35.83020019531251],[139.888198852539,35.8250007629395],[139.891098022461,35.819999694824226],[139.889297485352,35.80866622924798],[139.890594482422,35.80193328857419],[139.888595581055,35.79639816284176],[139.893798828125,35.78273391723627],[139.88909912109398,35.78373336791991],[139.876693725586,35.780864715576236],[139.871795654297,35.78446578979488],[139.871795654297,35.78833389282227],[139.87739562988298,35.79380035400394],[139.871795654297,35.79706573486334],[139.85879516601597,35.79446411132807],[139.85639953613298,35.790931701660185],[139.84680175781304,35.796531677246094],[139.84500122070298,35.798465728759794],[139.83880615234403,35.80080032348631],[139.82719421386696,35.793598175048764],[139.82159423828097,35.79646682739261],[139.82020568847702,35.80206680297852],[139.82510375976602,35.81153106689447],[139.82110595703097,35.8150672912598],[139.82099914550804,35.81153106689447],[139.81559753418003,35.80906677246089],[139.80459594726602,35.808799743652315],[139.79609680175804,35.80559921264649],[139.78239440918003,35.80719757080077],[139.77279663085903,35.815666198730526],[139.767700195313,35.81753158569338],[139.76119995117202,35.81280136108404],[139.75559997558602,35.812732696533196],[139.750503540039,35.8092651367188],[139.75080871582,35.80773162841801],[139.76049804687503,35.79786682128906],[139.75349426269503,35.78646469116206],[139.74679565429702,35.78686523437497],[139.74639892578102,35.78413391113281],[139.737808227539,35.780532836914084],[139.73840332031298,35.78659820556639],[139.73530578613298,35.78966522216797],[139.725006103516,35.78733444213872],[139.722305297852,35.790664672851605],[139.70950317382798,35.792068481445334],[139.69689941406298,35.7988662719727],[139.691696166992,35.800666809081974],[139.67590332031304,35.798931121826186],[139.65710449218804,35.800533294677734],[139.64720153808597,35.79753112792973],[139.64160156250003,35.79806518554688],[139.63980102539102,35.794334411621094],[139.62980651855503,35.78553390502927],[139.62469482421903,35.77946853637696],[139.62489318847702,35.773200988769474],[139.62179565429693,35.76673126220699],[139.617797851563,35.7666664123535],[139.61729431152304,35.77046585083014],[139.61199951171903,35.76966857910159],[139.61140441894503,35.770534515380895],[139.609008789063,35.76953125],[139.60299682617202,35.77106475830078],[139.59939575195304,35.76953125],[139.59739685058602,35.77113342285163],[139.604202270508,35.77433395385744],[139.597106933594,35.7765998840332],[139.59689331054702,35.77840042114257],[139.59410095214804,35.77873229980472],[139.59379577636702,35.777332305908175],[139.58869934082003,35.77859878540039],[139.58209228515602,35.77180099487302],[139.57820129394503,35.770931243896534],[139.57699584960903,35.76806640624996],[139.574905395508,35.76813125610354],[139.574493408203,35.76699829101557],[139.57080078125,35.76546478271478],[139.570999145508,35.76419830322274],[139.562805175781,35.76173400878908],[139.56170654296898,35.759666442871136],[139.557800292969,35.759666442871136],[139.553207397461,35.755664825439496],[139.547897338867,35.753665924072315],[139.54460144042997,35.75479888916019],[139.54780578613298,35.773799896240206],[139.51609802246097,35.76546478271478],[139.523895263672,35.7718658447266],[139.536102294922,35.775264739990234],[139.543594360352,35.78166580200197],[139.542495727539,35.78906631469733],[139.537200927734,35.79159927368158],[139.546295166016,35.79946517944343],[139.546401977539,35.80393218994137],[139.541595458984,35.807399749755945],[139.525192260742,35.79186630249024],[139.52340698242196,35.79186630249024],[139.52200317382798,35.78900146484384],[139.51370239257798,35.78799819946294],[139.51159667968795,35.785068511962876],[139.49780273437497,35.781131744384815],[139.49699401855497,35.778667449951236],[139.49510192871097,35.781467437744055],[139.48959350585898,35.77959823608403],[139.48159790039097,35.780666351318416],[139.47529602050804,35.777000427246115],[139.47479248046903,35.77560043334957],[139.47360229492196,35.77593231201172],[139.47030639648403,35.77373123168954],[139.46450805664102,35.77373123168954],[139.45880126953097,35.77166748046878],[139.45730590820304,35.769466400146506],[139.45060729980503,35.769199371337926],[139.44270324707003,35.766799926757834],[139.440795898438,35.76693344116208],[139.43800354003903,35.769397735595746],[139.43580627441403,35.767333984374986],[139.421401977539,35.76746749877932],[139.41650390625,35.76620101928711],[139.404006958008,35.76926422119141],[139.39630126953102,35.76426696777341],[139.391906738281,35.76326751708977],[139.391693115234,35.76686477661132],[139.381195068359,35.76599884033202],[139.37919616699202,35.77106475830078],[139.381500244141,35.7742652893066],[139.38000488281298,35.77773284912109],[139.376892089844,35.78013229370118],[139.371398925781,35.778266906738324],[139.371795654297,35.78026580810551],[139.36810302734398,35.78393173217773],[139.369003295898,35.789264678955064],[139.370193481445,35.79119873046876],[139.35180664062497,35.79346466064452],[139.34759521484398,35.79586791992188],[139.33970642089798,35.79446411132807],[139.333297729492,35.79219818115231],[139.32569885253898,35.794998168945305],[139.31599426269497,35.81340026855468],[139.31599426269497,35.82299804687496],[139.31359863281304,35.82519912719732],[139.30540466308597,35.82260131835941],[139.30360412597693,35.82433319091802],[139.30149841308597,35.83406448364263],[139.29809570312497,35.835266113281264],[139.29600524902304,35.83413314819339],[139.29119873046903,35.837799072265604],[139.28340148925804,35.83653259277339],[139.28080749511693,35.840534210205114],[139.28010559082003,35.839466094970724],[139.27499389648403,35.839599609374964],[139.26139831543003,35.83653259277339],[139.25880432128903,35.83653259277339],[139.256301879883,35.837799072265604],[139.244094848633,35.83679962158197],[139.23939514160202,35.840534210205114],[139.233306884766,35.83713150024412],[139.229507446289,35.837333679199205],[139.21549987793,35.84533309936521],[139.20910644531298,35.8464012145996],[139.204895019531,35.84453201293948],[139.203903198242,35.84226608276372],[139.196395874023,35.84013366699221],[139.18580627441398,35.842800140380874],[139.17550659179696,35.84719848632806],[139.16340637206997,35.85086441040037],[139.16009521484398,35.85573196411131],[139.15110778808597,35.860866546630916],[139.13839721679696,35.86426544189447],[139.10179138183594,35.86619949340816],[139.09919738769503,35.868534088134766],[139.092407226563,35.868999481201165],[139.08610534668,35.87260055541989],[139.07859802246102,35.87540054321289],[139.07260131835903,35.87179946899408],[139.062408447266,35.87340164184571],[139.05810546875,35.87733459472659],[139.051696777344,35.878200531005895],[139.03619384765602,35.889801025390625],[139.023895263672,35.897399902343814],[139.019393920898,35.898132324218786],[139.010299682617,35.897132873535234],[139.00149536132798,35.884399414062536],[138.996795654297,35.884399414062536],[138.98669433593795,35.88126754760738],[138.97990417480497,35.88460159301762],[138.97599792480497,35.88313293457032],[138.96820068359403,35.88213348388668],[138.96600341796903,35.878398895263715],[138.95689392089798,35.87566757202147],[138.95030212402304,35.869934082031314],[138.94630432128903,35.8686676025391],[138.94409179687497,35.86153411865231],[138.94400024414102,35.85466766357418],[138.92819213867196,35.84933471679694],[138.91499328613304,35.85253143310549],[138.90989685058602,35.85193252563476],[138.89970397949202,35.846866607666],[138.89289855957003,35.83986663818363],[138.886505126953,35.8464012145996],[138.88000488281298,35.84679794311524],[138.87179565429702,35.85493469238276],[138.86590576171898,35.85853195190431],[138.862701416016,35.85886764526373],[138.858993530273,35.85746765136719],[138.856704711914,35.86406707763673],[138.846298217773,35.8671989440918],[138.83250427246097,35.86240005493161],[138.829895019531,35.86520004272462],[138.82040405273398,35.865264892578104],[138.81359863281304,35.862331390380945],[138.80859374999997,35.86959838867189],[138.80290222167997,35.870265960693374],[138.79299926757795,35.87506866455083],[138.79110717773398,35.89133453369141],[138.77819824218804,35.90013122558588],[138.76750183105503,35.89933395385742],[138.75819396972702,35.902267456054666],[138.75030517578102,35.901733398437514],[138.739700317383,35.905601501464815],[138.734802246094,35.90393447875979],[138.72880554199202,35.909267425537124],[138.729904174805,35.913932800292976],[138.728302001953,35.917465209960945],[138.732604980469,35.91986465454104],[138.73710632324202,35.92693328857416],[138.738708496094,35.938400268554744],[138.73239135742202,35.94446563720696],[138.72810363769503,35.954730987548814],[138.71640014648403,35.96440124511721],[138.71229553222702,35.96966552734379],[138.71269226074202,35.98526763916016],[138.717300415039,35.99319839477541],[138.72769165039102,35.99586486816408],[138.73570251464804,36.00193405151374],[138.73789978027304,36.00686645507808],[138.74389648437503,36.01106643676763],[138.74859619140594,36.01833343505857],[138.755004882813,36.03459930419916],[138.77040100097702,36.03826522827146],[138.77540588378903,36.03779983520507],[138.78059387206997,36.03680038452152],[138.78359985351594,36.033535003662124],[138.79080200195304,36.02946472167973],[138.80700683593804,36.03393173217768],[138.81410217285196,36.03379821777343],[138.82020568847696,36.03626632690428],[138.82850646972696,36.03733444213867],[138.828994750977,36.04133224487304],[138.83499145507798,36.05013275146477],[138.837997436523,36.05039978027344],[138.84539794921898,36.06179809570308],[138.847396850586,36.06713104248051],[138.858993530273,36.069866180419936],[138.866104125977,36.07766723632812],[138.87179565429702,36.079467773437486],[138.877197265625,36.0824661254883],[138.88830566406298,36.08559799194337],[138.90399169921903,36.09180068969728],[138.90969848632804,36.09120178222664],[138.91709899902304,36.09353256225589],[138.93119812011696,36.088268280029304],[138.94580078125003,36.09626770019531],[138.95779418945295,36.10793304443362],[138.95669555664097,36.116134643554716],[138.95840454101602,36.124267578124964],[138.96510314941395,36.12580108642584],[138.97329711914097,36.12186813354487],[138.97639465331997,36.11733245849608],[138.98599243164097,36.11600112915038],[138.995193481445,36.12559890747066],[139.00219726562497,36.12559890747066],[139.006195068359,36.13059997558594],[139.00430297851597,36.13313293457027],[139.012191772461,36.13280105590821],[139.01600646972696,36.133800506591754],[139.020401000977,36.13119888305658],[139.024993896484,36.134201049804666],[139.026596069336,36.130065917968786],[139.037002563477,36.12633514404299],[139.04280090332,36.1296005249023],[139.041305541992,36.140933990478544],[139.043106079102,36.14846801757807],[139.047409057617,36.14986801147461],[139.04850769043,36.152400970459034],[139.062103271484,36.15306854248052],[139.062698364258,36.15800094604486],[139.063705444336,36.159000396728494],[139.059692382813,36.16400146484377],[139.057403564453,36.16986465454099],[139.057601928711,36.183666229248],[139.06449890136702,36.18786621093754],[139.06320190429702,36.195865631103544],[139.082702636719,36.21686553955083],[139.09640502929702,36.23833465576169],[139.10780334472702,36.25320053100591],[139.11019897460903,36.258865356445305],[139.10749816894494,36.26153182983398],[139.12179565429696,36.27306747436522],[139.12930297851602,36.283401489257834]]]}},{"type":"Feature","properties":{"name":"神奈川県"},"geometry":{"type":"MultiPolygon","coordinates":[[[[139.13099670410196,35.671798706054695],[139.13690185546903,35.67213439941412],[139.14860534667994,35.66673278808594],[139.15710449218804,35.666332244873026],[139.16169738769497,35.667865753173814],[139.16740417480497,35.66166687011717],[139.16799926757798,35.65113449096683],[139.17570495605497,35.64899826049796],[139.179901123047,35.64553451538092],[139.18420410156298,35.644931793212926],[139.192398071289,35.648464202880895],[139.194793701172,35.6514663696289],[139.200897216797,35.652465820312536],[139.206604003906,35.65073394775393],[139.21569824218798,35.6460647583008],[139.215805053711,35.636798858642585],[139.221405029297,35.628532409668004],[139.220397949219,35.62566757202152],[139.226196289063,35.6225318908691],[139.23289489746102,35.61266708374024],[139.240600585938,35.60626602172851],[139.24679565429702,35.605201721191385],[139.25289916992202,35.60186767578132],[139.25869750976602,35.603534698486264],[139.26480102539102,35.60233306884772],[139.26730346679702,35.60820007324221],[139.26890563964804,35.60926437377933],[139.28219604492196,35.6129989624023],[139.29249572753903,35.611198425293026],[139.30029296874997,35.60606765747069],[139.30459594726597,35.605201721191385],[139.31210327148398,35.604331970214815],[139.32150268554696,35.60580062866212],[139.33070373535196,35.603534698486264],[139.34140014648398,35.60480117797848],[139.34669494628898,35.60193252563481],[139.356002807617,35.59913253784181],[139.36320495605497,35.59893417358399],[139.371795654297,35.594200134277294],[139.375305175781,35.59413146972663],[139.379501342773,35.58993148803708],[139.389495849609,35.587600708007834],[139.390701293945,35.58539962768547],[139.39469909668,35.58426666259768],[139.39860534668,35.58440017700201],[139.40289306640602,35.57533264160161],[139.407608032227,35.57579803466801],[139.41729736328102,35.5617980957031],[139.42359924316403,35.55826568603521],[139.427200317383,35.552333831787145],[139.432495117188,35.54779815673827],[139.440795898438,35.54259872436518],[139.44329833984403,35.54273223876951],[139.44799804687503,35.53673171997069],[139.45800781250003,35.528064727783196],[139.456008911133,35.52399826049798],[139.45530700683602,35.51993179321286],[139.46159362793003,35.51966476440428],[139.46400451660202,35.5157318115234],[139.46600341796903,35.50893402099612],[139.46859741210898,35.50493240356449],[139.46780395507804,35.50220108032233],[139.47700500488304,35.50159835815433],[139.48500061035196,35.50386428833009],[139.47880554199196,35.50880050659179],[139.47770690918003,35.51213455200203],[139.48620605468804,35.520801544189524],[139.48669433593804,35.53553390502932],[139.48019409179696,35.54406738281248],[139.48199462890597,35.55020141601563],[139.48040771484403,35.55766677856448],[139.47590637206997,35.56193161010743],[139.47380065918003,35.55986404418949],[139.47019958496097,35.56066513061521],[139.46899414062497,35.564598083496094],[139.46969604492196,35.569664001464766],[139.47320556640597,35.576267242431584],[139.47709655761696,35.58160018920901],[139.47900390624994,35.581130981445256],[139.48669433593804,35.5846672058105],[139.49000549316395,35.58406448364259],[139.48770141601597,35.578330993652344],[139.48620605468804,35.578399658203104],[139.48289489746097,35.5712661743164],[139.48599243164097,35.56786727905267],[139.48959350585898,35.56153106689452],[139.49679565429696,35.56566619873049],[139.50239562988298,35.57113265991207],[139.50650024414097,35.57146453857422],[139.50720214843804,35.575733184814524],[139.50509643554696,35.57506561279304],[139.49310302734403,35.584197998046925],[139.49429321289097,35.58653259277344],[139.49279785156304,35.58906555175778],[139.48730468749997,35.590198516845746],[139.48269653320295,35.594932556152266],[139.48019409179696,35.59486770629878],[139.47590637206997,35.59966659545896],[139.47090148925804,35.60173416137699],[139.46530151367196,35.609134674072266],[139.45320129394503,35.60493469238281],[139.44929504394494,35.611797332763665],[139.45420837402304,35.6181983947754],[139.46099853515597,35.62233352661128],[139.46299743652304,35.62493133544919],[139.46899414062497,35.62026596069342],[139.47619628906304,35.61893463134773],[139.47709655761696,35.6129989624023],[139.47999572753898,35.6129989624023],[139.48339843749997,35.60853195190427],[139.48800659179696,35.60746765136724],[139.49040222167994,35.6045341491699],[139.49679565429696,35.60480117797848],[139.49980163574196,35.60626602172851],[139.49679565429696,35.611267089843786],[139.49510192871097,35.617465972900426],[139.50430297851597,35.623065948486335],[139.51460266113298,35.624801635742216],[139.51840209960898,35.630599975585945],[139.523498535156,35.633132934570284],[139.52070617675798,35.63779830932622],[139.52369689941398,35.63953399658201],[139.52540588378898,35.642665863037074],[139.548599243164,35.63579940795904],[139.551803588867,35.63406753540043],[139.561996459961,35.632534027099645],[139.56599426269503,35.629066467285156],[139.565902709961,35.627197265625036],[139.578506469727,35.6218643188477],[139.59019470214804,35.61840057373048],[139.596603393555,35.61846542358397],[139.61920166015602,35.613464355468786],[139.65510559081997,35.590133666992166],[139.66529846191398,35.58893203735353],[139.66780090331997,35.58653259277344],[139.67829895019497,35.56340026855473],[139.68110656738304,35.5613327026367],[139.70249938964798,35.55386734008793],[139.703598022461,35.549331665039055],[139.697799682617,35.54346466064448],[139.701797485352,35.53720092773444],[139.70339965820298,35.53653335571287],[139.71789550781298,35.53813171386723],[139.727401733398,35.54353332519533],[139.735000610352,35.541267395019474],[139.740905761719,35.54546737670902],[139.74679565429702,35.543731689453054],[139.757507324219,35.54420089721681],[139.78979492187503,35.52666854858401],[139.78759765625003,35.524398803710895],[139.78849792480503,35.521266937255916],[139.79629516601602,35.51860046386716],[139.79162597656298,35.51340103149407],[139.79423522949202,35.511779785156264],[139.79077148437497,35.50775909423828],[139.78010559082003,35.51313400268549],[139.776306152344,35.50953292846676],[139.77230834960903,35.51226806640628],[139.77470397949202,35.51466751098628],[139.77349853515602,35.51553344726558],[139.77099609375003,35.51319885253907],[139.76640319824202,35.520534515380945],[139.768997192383,35.52286529541019],[139.76780700683602,35.52379989624016],[139.76559448242202,35.52199935913089],[139.761001586914,35.53020095825198],[139.75639343261702,35.530334472656314],[139.75199890136702,35.53306579589838],[139.751098632813,35.53079986572271],[139.753799438477,35.53133392333977],[139.755798339844,35.52780151367189],[139.752197265625,35.52453231811523],[139.75309753418,35.523399353027344],[139.75700378418,35.52659988403317],[139.75889587402304,35.52633285522459],[139.766006469727,35.513465881347734],[139.764907836914,35.511600494384794],[139.75390625,35.50853347778322],[139.751800537109,35.509468078613274],[139.748504638672,35.51826477050783],[139.751007080078,35.521533966064496],[139.751403808594,35.52366638183592],[139.74589538574202,35.51893234252931],[139.744003295898,35.520801544189524],[139.745300292969,35.51873397827149],[139.738006591797,35.51466751098628],[139.738800048828,35.51340103149407],[139.745101928711,35.51599884033198],[139.74679565429702,35.51466751098628],[139.749298095703,35.50846481323237],[139.74679565429702,35.50593185424803],[139.733901977539,35.500465393066364],[139.732696533203,35.511798858642614],[139.73750305175798,35.51326751708982],[139.73750305175798,35.51393127441413],[139.732696533203,35.51306533813482],[139.731903076172,35.51553344726558],[139.725006103516,35.51693344116213],[139.730392456055,35.5148658752441],[139.730392456055,35.51219940185552],[139.723205566406,35.509666442871094],[139.723495483398,35.508331298828125],[139.72900390625,35.510864257812464],[139.731796264648,35.49953460693357],[139.720306396484,35.494266510009815],[139.714202880859,35.50320053100588],[139.722793579102,35.50826644897464],[139.71160888671898,35.50320053100588],[139.718109130859,35.493534088134844],[139.69630432128898,35.483867645263715],[139.69500732421898,35.48686599731454],[139.69799804687497,35.49079895019533],[139.69450378417997,35.4893341064453],[139.69309997558597,35.492332458496115],[139.690002441406,35.49133300781248],[139.68850708007798,35.49520111083979],[139.688293457031,35.49119949340824],[139.69290161132798,35.48246765136717],[139.68969726562497,35.478801727294865],[139.686492919922,35.479732513427656],[139.68179321289097,35.478199005127045],[139.68190002441398,35.47319793701168],[139.66839599609398,35.46780014038086],[139.66799926757798,35.473598480224595],[139.67309570312497,35.474998474121136],[139.67080688476597,35.47800064086914],[139.64480590820304,35.47579956054687],[139.64149475097696,35.472801208496136],[139.638153076172,35.465255737304716],[139.63215637207,35.465950012206996],[139.63362121582003,35.46303176879883],[139.638473510742,35.46377563476561],[139.63885498046898,35.462898254394496],[139.63809204101594,35.45729827880859],[139.635147094727,35.45592498779301],[139.63270568847702,35.451999664306584],[139.63609313964795,35.452133178710916],[139.64219665527295,35.449665069580064],[139.645843505859,35.45008468627932],[139.64881896972702,35.45375061035163],[139.64979553222696,35.45322418212892],[139.64559936523398,35.448131561279276],[139.65179443359403,35.445133209228544],[139.65719604492196,35.451198577880945],[139.65859985351597,35.45053100585937],[139.65730285644497,35.44886398315434],[139.66169738769497,35.447200775146484],[139.66439819335898,35.450065612792976],[139.66590881347696,35.449333190918004],[139.66360473632804,35.44659805297849],[139.65699768066398,35.444198608398395],[139.66029357910196,35.44120025634766],[139.66418457031295,35.44275665283198],[139.67039489746097,35.45126724243161],[139.67430114746097,35.44960021972658],[139.66854858398403,35.44009780883794],[139.66900634765597,35.43923950195308],[139.671188354492,35.438831329345724],[139.67529296874997,35.44559860229494],[139.67730712890597,35.44473266601564],[139.676376342773,35.443305969238295],[139.68130493164097,35.44113159179691],[139.67550659179696,35.43146514892578],[139.67820739746097,35.430332183837905],[139.68550109863298,35.44193267822273],[139.69070434570298,35.43920135498048],[139.68560791015597,35.42660140991211],[139.68093872070304,35.42620849609383],[139.681564331055,35.42269515991212],[139.68069458007798,35.421867370605504],[139.67689514160196,35.42402648925781],[139.67610168456997,35.42333221435553],[139.67993164062503,35.41865921020514],[139.67810058593804,35.4160652160645],[139.68040466308597,35.4154014587402],[139.67950439453097,35.41066741943359],[139.66970825195304,35.40273284912107],[139.66699218749997,35.404266357421946],[139.66889953613304,35.406398773193374],[139.66590881347696,35.408466339111314],[139.66320800781304,35.406398773193374],[139.65260314941403,35.41279983520511],[139.64250183105503,35.41153335571289],[139.63349914550804,35.408264160156314],[139.63180541992202,35.410533905029254],[139.62779235839804,35.409000396728466],[139.63079833984403,35.404865264892585],[139.64179992675804,35.40688705444339],[139.64489746093804,35.40539932250983],[139.64549255371097,35.402866363525405],[139.643432617188,35.40175247192378],[139.63208007812497,35.4003295898438],[139.626098632813,35.401531219482436],[139.62210083007804,35.39599990844728],[139.624526977539,35.391681671142564],[139.629943847656,35.39395523071286],[139.63551330566403,35.39220046997073],[139.63659667968804,35.390201568603544],[139.62750244140594,35.386131286621065],[139.63200378418003,35.38226699829103],[139.63990783691403,35.385398864746094],[139.64570617675804,35.39039993286128],[139.65339660644497,35.3872680664063],[139.64930725097702,35.38373184204097],[139.65119934081997,35.382667541503935],[139.64549255371097,35.377799987793],[139.65049743652298,35.37293243408197],[139.65350341796903,35.3745346069336],[139.65650939941403,35.37266540527339],[139.65660095214798,35.36633300781251],[139.65089416503898,35.36626434326166],[139.65100097656304,35.359733581542955],[139.65480041503895,35.353534698486314],[139.65669250488304,35.3535995483398],[139.65699768066398,35.34159851074216],[139.64379882812494,35.33953475952149],[139.63940429687503,35.34046554565428],[139.63429260253903,35.3365325927734],[139.63510131835903,35.33266830444337],[139.62950134277304,35.32960128784179],[139.62249755859403,35.33200073242188],[139.63180541992202,35.32533264160158],[139.63180541992202,35.32320022583006],[139.63400268554693,35.32193374633793],[139.638305664063,35.326599121093786],[139.63369750976602,35.32299804687497],[139.63020324707003,35.32826614379882],[139.63389587402304,35.33100128173833],[139.638305664063,35.32673263549803],[139.64089965820304,35.330398559570334],[139.64920043945304,35.327465057373004],[139.66079711914097,35.32813262939449],[139.66130065917994,35.32220077514651],[139.65190124511696,35.321598052978516],[139.64900207519497,35.31826782226563],[139.65130615234403,35.31560134887696],[139.64830017089795,35.312667846679716],[139.64689636230503,35.31340026855469],[139.64500427246094,35.31140136718751],[139.64360046386696,35.30773162841802],[139.63710021972702,35.31166839599608],[139.64129638671903,35.30599975585941],[139.64089965820304,35.30306625366208],[139.64010620117193,35.30339813232423],[139.63740539550804,35.30039978027341],[139.63670349121102,35.3019332885742],[139.63639831543003,35.30106735229489],[139.63340759277304,35.30186843872071],[139.63130187988304,35.30013275146484],[139.63479614257804,35.29826736450198],[139.63400268554693,35.29506683349607],[139.63949584960898,35.29499816894532],[139.64250183105503,35.299133300781286],[139.64860534668003,35.29306793212889],[139.64720153808597,35.29240036010741],[139.64869689941395,35.291267395019524],[139.64970397949196,35.28799819946286],[139.65170288085898,35.28806686401371],[139.65470886230503,35.284732818603466],[139.66059875488304,35.28313446044919],[139.66230773925804,35.28413391113283],[139.66079711914097,35.28706741333007],[139.65760803222693,35.29006576538089],[139.66009521484395,35.29140090942377],[139.65960693359403,35.29266738891598],[139.66400146484403,35.28986740112298],[139.66479492187497,35.29299926757813],[139.66140747070304,35.299800872802685],[139.66459655761696,35.30099868774414],[139.67179870605497,35.30093383789056],[139.68020629882798,35.29473495483401],[139.67730712890597,35.293800354003864],[139.68049621581997,35.29019927978522],[139.67230224609395,35.28833389282228],[139.67210388183597,35.286598205566406],[139.67419433593804,35.28686523437498],[139.67430114746097,35.28426742553707],[139.67810058593804,35.28533172607419],[139.67730712890597,35.279998779296946],[139.67939758300798,35.27853393554691],[139.68040466308597,35.27933502197273],[139.68580627441398,35.275333404541],[139.68569946289097,35.27293395996091],[139.68690490722696,35.27053451538091],[139.68910217285196,35.27086639404297],[139.690994262695,35.26726531982424],[139.69680786132798,35.264732360839815],[139.72160339355497,35.26319885253912],[139.728103637695,35.2653999328613],[139.732498168945,35.26559829711912],[139.731201171875,35.264068603515604],[139.732498168945,35.26200103759766],[139.738204956055,35.26179885864257],[139.740707397461,35.25880050659184],[139.74369812011702,35.25906753540042],[139.746597290039,35.25320053100593],[139.737701416016,35.24846649169923],[139.735198974609,35.248535156249986],[139.73320007324202,35.240932464599624],[139.727203369141,35.239532470703075],[139.72709655761702,35.24193191528317],[139.723693847656,35.24000167846683],[139.71760559082,35.247131347656264],[139.719696044922,35.240867614746136],[139.723602294922,35.23479843139647],[139.72529602050798,35.23479843139647],[139.729400634766,35.23253250122071],[139.729507446289,35.22919845581047],[139.728607177734,35.2236671447754],[139.726806640625,35.224468231201215],[139.722595214844,35.2241325378418],[139.72180175781298,35.22626876831049],[139.719100952148,35.227664947509766],[139.715301513672,35.226600646972734],[139.71380615234398,35.221534729003885],[139.71470642089798,35.219799041748004],[139.717498779297,35.2208671569824],[139.715408325195,35.217601776123004],[139.722793579102,35.218132019042976],[139.725006103516,35.211868286132756],[139.69920349121097,35.209865570068395],[139.68519592285196,35.20653533935551],[139.66499328613295,35.19279861450199],[139.65650939941403,35.18500137329099],[139.65510559081997,35.17473220825204],[139.65969848632795,35.16986846923828],[139.66430664062497,35.15840148925779],[139.66690063476597,35.16040039062497],[139.66690063476597,35.15786743164064],[139.66830444335898,35.15746688842773],[139.677795410156,35.15753173828131],[139.68099975585898,35.151535034179666],[139.67990112304696,35.14920043945306],[139.68139648437497,35.14619827270506],[139.67720031738295,35.145465850830085],[139.67799377441398,35.139331817627024],[139.67199707031304,35.141334533691385],[139.67149353027298,35.13873291015629],[139.66879272460898,35.14166641235354],[139.66709899902298,35.146400451660234],[139.66450500488304,35.144733428955114],[139.66189575195298,35.14493179321293],[139.66450500488304,35.14306640624999],[139.66329956054696,35.139667510986264],[139.66070556640597,35.139732360839844],[139.65760803222693,35.13786697387699],[139.64959716796903,35.14193344116212],[139.65029907226594,35.139732360839844],[139.64399719238304,35.13819885253914],[139.64059448242196,35.13840103149414],[139.64039611816403,35.140068054199176],[139.63749694824196,35.14146804809572],[139.62969970703097,35.13886642456054],[139.63079833984403,35.13646697998053],[139.62179565429693,35.13899993896478],[139.62309265136696,35.14206695556636],[139.619995117188,35.139331817627024],[139.617797851563,35.13886642456054],[139.61790466308602,35.140735626220746],[139.61509704589804,35.13893508911129],[139.61529541015594,35.14099884033197],[139.61380004882804,35.139999389648416],[139.613403320313,35.141532897949205],[139.61090087890602,35.14099884033197],[139.61180114746102,35.14360046386724],[139.614700317383,35.145332336425845],[139.61419677734403,35.146068572998],[139.61579895019503,35.147533416748026],[139.61450195312503,35.14839935302733],[139.615509033203,35.15033340454103],[139.613403320313,35.15140151977542],[139.61210632324202,35.151065826416],[139.60699462890602,35.15433502197266],[139.60920715332003,35.155868530273366],[139.60969543457003,35.15453338623048],[139.61019897460903,35.155467987060455],[139.61770629882804,35.154666900634815],[139.61959838867202,35.1553344726563],[139.615509033203,35.156867980957],[139.61529541015594,35.15800094604488],[139.61819458007804,35.15840148925779],[139.615509033203,35.15993118286131],[139.61219787597702,35.15786743164064],[139.61070251464804,35.162933349609396],[139.61709594726602,35.161731719970675],[139.62179565429693,35.16326522827146],[139.625,35.16186523437501],[139.62680053710903,35.162799835205064],[139.62550354003903,35.16439819335943],[139.61819458007804,35.1659355163574],[139.61659240722702,35.16986846923828],[139.61659240722702,35.17173385620122],[139.61849975585903,35.17160034179689],[139.619995117188,35.174800872802706],[139.61410522460903,35.1832656860352],[139.619506835938,35.183334350585866],[139.61689758300804,35.185535430908224],[139.615905761719,35.189865112304744],[139.61050415039102,35.19020080566408],[139.60890197753903,35.19113540649414],[139.609405517578,35.19379806518554],[139.60589599609403,35.194465637207024],[139.60040283203102,35.19359970092772],[139.59979248046903,35.19480133056644],[139.600708007813,35.19726562500002],[139.60560607910202,35.19939804077154],[139.604507446289,35.20313262939451],[139.60699462890602,35.205734252929695],[139.609497070313,35.20560073852536],[139.61149597168003,35.20786666870121],[139.60910034179702,35.2102661132813],[139.62030029296903,35.20726776123048],[139.62300109863304,35.2074661254883],[139.62750244140594,35.215465545654304],[139.62370300293003,35.21686553955076],[139.62159729003903,35.22100067138673],[139.62019348144494,35.220531463622976],[139.61299133300804,35.222801208496094],[139.60499572753903,35.222934722900426],[139.603698730469,35.22426605224613],[139.60350036621102,35.23026657104486],[139.60020446777304,35.234668731689496],[139.60009765625003,35.23799896240229],[139.59640502929702,35.24033355712889],[139.59689331054702,35.241001129150376],[139.592895507813,35.244667053222685],[139.592300415039,35.24633407592771],[139.58110046386702,35.25320053100593],[139.576400756836,35.25320053100593],[139.579696655273,35.25540161132811],[139.57589721679702,35.260398864746115],[139.575698852539,35.26426696777342],[139.56759643554702,35.2668685913086],[139.570495605469,35.26913452148436],[139.568801879883,35.272132873535185],[139.570693969727,35.27353286743164],[139.56759643554702,35.284732818603466],[139.570007324219,35.28480148315431],[139.57089233398403,35.28699874877931],[139.57249450683602,35.28686523437498],[139.573501586914,35.289001464843764],[139.569305419922,35.29366683959962],[139.558807373047,35.29166412353516],[139.556900024414,35.29600143432622],[139.552108764648,35.29446792602543],[139.552307128906,35.30160140991214],[139.544906616211,35.30813217163093],[139.53550720214798,35.30879974365232],[139.532302856445,35.30453491210938],[139.52529907226597,35.301666259765625],[139.49679565429696,35.30640029907232],[139.49249267578097,35.30580139160159],[139.48860168456997,35.307865142822266],[139.48680114746097,35.307468414306626],[139.48179626464798,35.3027992248535],[139.48550415039094,35.298400878906314],[139.47770690918003,35.297531127929744],[139.47419738769497,35.2989311218262],[139.47880554199196,35.30133438110347],[139.48129272460898,35.304866790771534],[139.47650146484403,35.31153488159184],[139.46730041503903,35.31520080566414],[139.43800354003903,35.31886672973627],[139.41960144043,35.317268371581996],[139.40809631347702,35.31766510009772],[139.395401000977,35.31613540649411],[139.371795654297,35.31453323364257],[139.361404418945,35.31473159790039],[139.33009338378898,35.31213378906248],[139.31939697265597,35.30879974365232],[139.31800842285196,35.30606842041017],[139.31840515136696,35.305198669433594],[139.31419372558597,35.30580139160159],[139.26930236816403,35.29726791381844],[139.24679565429702,35.291534423828104],[139.210800170898,35.278064727783246],[139.189697265625,35.26353454589836],[139.17089843749997,35.25320053100593],[139.14990234374997,35.23906707763668],[139.14770507812497,35.240665435791044],[139.14759826660196,35.238933563232436],[139.14349365234398,35.232734680175795],[139.14289855956997,35.21013259887697],[139.13780212402298,35.192600250244084],[139.14010620117196,35.189933776855504],[139.13699340820298,35.18486785888674],[139.13729858398398,35.178798675537074],[139.14129638671895,35.17466735839837],[139.14520263671903,35.168666839599645],[139.14019775390597,35.16226577758791],[139.14309692382798,35.1601333618164],[139.14509582519497,35.15340042114261],[139.14329528808597,35.153732299804666],[139.14190673828097,35.15273284912112],[139.14520263671903,35.151466369628906],[139.14959716796898,35.146999359130874],[139.15620422363304,35.14726638793954],[139.158996582031,35.144733428955114],[139.16099548339798,35.14099884033197],[139.15699768066398,35.141799926757784],[139.15510559081997,35.14033126831048],[139.15229797363295,35.14139938354487],[139.15139770507798,35.14046859741208],[139.14939880371097,35.143199920654325],[139.14529418945298,35.14426803588872],[139.13870239257804,35.148265838623],[139.13259887695304,35.150264739990185],[139.12179565429696,35.14986801147463],[139.11610412597702,35.14599990844733],[139.11149597168003,35.141334533691385],[139.10240173339804,35.140735626220746],[139.08599853515602,35.14093399047848],[139.07679748535202,35.14453125000003],[139.06719970703102,35.14446640014654],[139.059906005859,35.14633178710939],[139.053405761719,35.14680099487297],[139.050399780273,35.14853286743158],[139.043701171875,35.14986801147463],[139.030502319336,35.1497344970703],[139.028701782227,35.1506004333496],[139.03059387207,35.157798767089794],[139.02729797363298,35.15973281860349],[139.028594970703,35.16986846923828],[139.026107788086,35.17553329467768],[139.023406982422,35.178001403808615],[139.021499633789,35.18173217773441],[139.011795043945,35.18220138549798],[138.987594604492,35.2011985778809],[138.98719787597696,35.21306610107421],[138.981994628906,35.219467163085945],[138.98300170898398,35.223533630371065],[138.97889709472696,35.23120117187501],[138.97819519042997,35.234668731689496],[138.97599792480497,35.23559951782229],[138.97799682617196,35.24000167846683],[138.97590637206997,35.24493408203126],[138.97470092773398,35.25320053100593],[138.97520446777298,35.261734008789084],[138.98210144042997,35.27259826660158],[138.99310302734398,35.2848663330078],[138.996795654297,35.28799819946286],[139.00480651855497,35.28966522216798],[139.010101318359,35.31133270263666],[139.01260375976597,35.31840133666987],[139.01460266113298,35.32046508789063],[139.018692016602,35.32979965209961],[139.011795043945,35.33733367919922],[139.008605957031,35.349800109863345],[139.01319885253898,35.358398437499986],[139.00849914550798,35.35953140258787],[139.00569152832,35.37433242797851],[138.99940490722696,35.38180160522463],[139.00170898437497,35.39879989624019],[138.99539184570298,35.40313339233398],[138.98530578613304,35.401668548584034],[138.98260498046895,35.40346527099613],[138.96969604492196,35.404865264892585],[138.96690368652298,35.40193176269534],[138.95239257812497,35.40146636962886],[138.94599914550804,35.399665832519496],[138.93989562988304,35.39953231811516],[138.93139648437503,35.401000976562464],[138.91619873046903,35.4005317687988],[138.91740417480503,35.4099998474121],[138.92430114746102,35.414333343505895],[138.92680358886693,35.41986465454096],[138.92939758300804,35.420864105224595],[138.93049621581994,35.42553329467772],[138.92720031738304,35.43026733398442],[138.92799377441403,35.43679809570312],[138.93550109863304,35.44499969482421],[138.93719482421903,35.44886398315434],[138.95429992675804,35.4599342346191],[138.96600341796903,35.463932037353466],[138.96809387206997,35.46373367309574],[138.97349548339798,35.46673202514647],[138.97869873046898,35.46386718749998],[138.99060058593804,35.47413253784183],[138.996795654297,35.47420120239259],[138.99749755859398,35.474933624267564],[139.00700378417997,35.4746017456055],[139.01359558105497,35.47933197021484],[139.020492553711,35.47906875610353],[139.02360534667997,35.48106765747072],[139.026596069336,35.48080062866214],[139.02949523925798,35.48699951171878],[139.03649902343798,35.49079895019533],[139.041900634766,35.497264862060455],[139.04460144043,35.50320053100588],[139.046096801758,35.50973129272458],[139.052398681641,35.50973129272458],[139.059692382813,35.50746536254882],[139.067993164063,35.51046752929691],[139.07260131835903,35.51020050048834],[139.07949829101602,35.51226806640628],[139.08520507812503,35.512065887451186],[139.09089660644503,35.518867492675824],[139.10270690918003,35.52600097656253],[139.10690307617202,35.53246688842774],[139.10879516601602,35.53226470947274],[139.11299133300804,35.53739929199217],[139.11189270019497,35.54980087280272],[139.11500549316403,35.553665161132756],[139.12179565429696,35.55659866333009],[139.12910461425804,35.56373214721679],[139.12779235839798,35.580398559570284],[139.12469482421903,35.58179855346683],[139.12489318847696,35.58319854736329],[139.12309265136696,35.58406448364259],[139.12159729003903,35.58653259277344],[139.12179565429696,35.58839797973629],[139.12390136718804,35.591533660888715],[139.12820434570304,35.59360122680656],[139.13310241699196,35.60680007934566],[139.12789916992196,35.61246490478524],[139.13429260253898,35.6162643432617],[139.12390136718804,35.62386703491207],[139.12429809570304,35.63240051269531],[139.12710571289102,35.63980102539059],[139.12620544433594,35.64273452758792],[139.11779785156304,35.65313339233402],[139.11959838867196,35.658531188964844],[139.12870788574196,35.66726684570309],[139.13099670410196,35.671798706054695]]],[[[139.74560546875,35.48493194580084],[139.740509033203,35.488197326660234],[139.736297607422,35.494400024414055],[139.758804321289,35.50466537475591],[139.759201049805,35.503601074218786],[139.759902954102,35.50493240356449],[139.76910400390602,35.506134033203125],[139.778503417969,35.50439834594734],[139.776306152344,35.50320053100588],[139.77870178222702,35.499267578125],[139.76220703125,35.49200057983396],[139.75900268554702,35.49520111083979],[139.757202148438,35.494464874267635],[139.758499145508,35.490467071533175],[139.74560546875,35.48493194580084]]],[[[139.7001953125,35.47859954833978],[139.73449707031298,35.49473190307621],[139.739105224609,35.48899841308587],[139.735198974609,35.487266540527266],[139.741882324219,35.47700500488277],[139.73934936523398,35.47492980957029],[139.73863220214798,35.47558975219733],[139.712707519531,35.4640655517578],[139.70599365234398,35.47439956665041],[139.7001953125,35.47859954833978]]],[[[139.65299987793003,35.463466644287074],[139.64520263671903,35.46933364868156],[139.64219665527295,35.468265533447344],[139.64181518554702,35.47186279296881],[139.64570617675804,35.4746017456055],[139.65040588378903,35.47439956665041],[139.65353393554702,35.47203063964838],[139.65238952636696,35.470821380615206],[139.65469360351597,35.46910858154303],[139.65231323242193,35.466884613037145],[139.654144287109,35.46455383300781],[139.65299987793003,35.463466644287074]]],[[[139.695602416992,35.44960021972658],[139.67309570312497,35.46046447753907],[139.67269897460898,35.46519851684568],[139.69250488281304,35.47200012207032],[139.694900512695,35.46366500854489],[139.68479919433597,35.458866119384794],[139.68760681152298,35.45726776123052],[139.697799682617,35.4618682861328],[139.702697753906,35.45513153076173],[139.695602416992,35.44960021972658]]],[[[139.644943237305,35.450958251953075],[139.64128112792997,35.451049804687536],[139.63511657714804,35.45458984375004],[139.638641357422,35.45679855346677],[139.642547607422,35.45776367187498],[139.64199829101602,35.455097198486314],[139.643051147461,35.45452499389647],[139.64453125000003,35.456130981445284],[139.644943237305,35.450958251953075]]],[[[139.67471313476594,35.39967346191412],[139.67132568359403,35.401679992675845],[139.671249389648,35.402854919433594],[139.68011474609403,35.40997695922849],[139.68421936035196,35.408912658691364],[139.688980102539,35.412712097168004],[139.692169189453,35.410003662109375],[139.683868408203,35.40331268310554],[139.682250976563,35.40447998046884],[139.67631530761696,35.39973068237298],[139.67471313476594,35.39967346191412]]],[[[139.69140624999997,35.40087890625003],[139.69131469726597,35.400928497314524],[139.69511413574196,35.40748596191411],[139.69140624999997,35.40087890625003]]],[[[139.64349365234403,35.334335327148395],[139.64239501953097,35.3365325927734],[139.64300537109403,35.33839797973634],[139.64750671386696,35.33853149414058],[139.64799499511696,35.336997985839794],[139.64599609374997,35.336997985839794],[139.64610290527304,35.334800720214794],[139.64889526367196,35.33466720581046],[139.64349365234403,35.334335327148395]]],[[[139.65010070800804,35.29420089721677],[139.64390563964804,35.30006790161126],[139.65199279785196,35.30739974975587],[139.65669250488304,35.30253219604493],[139.65220642089804,35.2986679077148],[139.65290832519497,35.29666519165044],[139.65010070800804,35.29420089721677]]],[[[139.62950134277304,35.12866592407226],[139.62179565429693,35.132198333740234],[139.618606567383,35.13079833984378],[139.61050415039102,35.13259887695314],[139.611206054688,35.133800506591776],[139.61000061035202,35.13373184204102],[139.61010742187503,35.137001037597685],[139.61689758300804,35.135665893554716],[139.62179565429693,35.13660049438478],[139.62649536132804,35.13339996337887],[139.62629699706994,35.13186645507808],[139.62879943847702,35.1305313110352],[139.62950134277304,35.12866592407226]]]]}}]}