{"type":"FeatureCollection","name":"tokyo_metro_area_operating_systems","crs":{"type":"name","properties":{"name":"urn:ogc:def:crs:OGC:1.3:CRS84"}},"features":[{"type":"Feature","properties":{"line_name":"山手線"},"geometry":{"type":"LineString","coordinates":[[139.76716,35.68228],[139.76764,35.68359],[139.76849,35.68586],[139.76933,35.6881],[139.77054,35.69096],[139.77121,35.69258],[139.77159,35.69345],[139.77185,35.69403],[139.77229,35.69494],[139.77268,35.69586],[139.7728,35.69635],[139.77309,35.69725],[139.77313,35.69743],[139.77335,35.69872],[139.77346,35.69952],[139.77371,35.70156],[139.77375,35.70167],[139.77386,35.70199],[139.77413,35.70261],[139.77422,35.70296],[139.77458,35.70496],[139.77482,35.70608],[139.77494,35.70689],[139.77517,35.70827],[139.77518,35.70886],[139.77503,35.70992],[139.77496,35.71049],[139.775,35.71091],[139.77513,35.71135],[139.77524,35.71164],[139.77531,35.71175],[139.77542,35.71192],[139.77573,35.71239],[139.77664,35.71439],[139.77764,35.71551],[139.77847,35.71646],[139.77936,35.71756],[139.77962,35.71797],[139.7797,35.71829],[139.77976,35.71871],[139.77972,35.71905],[139.77958,35.71951],[139.77936,35.71998],[139.77916,35.72034],[139.77865,35.72085],[139.77741,35.72206],[139.77564,35.7237],[139.77543,35.72391],[139.77509,35.72423],[139.77477,35.72454],[139.77399,35.72524],[139.77347,35.72566],[139.77309,35.72595],[139.77274,35.7262],[139.77227,35.72647],[139.77188,35.72667],[139.77145,35.72691],[139.7712,35.7271],[139.77093,35.7273],[139.77037,35.7278],[139.77016,35.72798],[139.77015,35.72799],[139.76956,35.72853],[139.76898,35.72917],[139.76818,35.73012],[139.76744,35.73108],[139.76729,35.73127],[139.76675,35.73213],[139.76656,35.73241],[139.76626,35.73289],[139.76619,35.73301],[139.76602,35.7332],[139.76551,35.73384],[139.76514,35.73426],[139.76477,35.73462],[139.76439,35.73497],[139.76419,35.73515],[139.76342,35.73584],[139.76257,35.73661],[139.76248,35.73669],[139.76067,35.73826],[139.76023,35.73863],[139.76009,35.73875],[139.75992,35.7389],[139.759,35.73967],[139.7585,35.74006],[139.75683,35.74048],[139.75622,35.74053],[139.75598,35.74052],[139.7558,35.7405],[139.75559,35.74046],[139.75516,35.74033],[139.75491,35.74024],[139.75475,35.74017],[139.75459,35.7401],[139.75228,35.73896],[139.75035,35.73799],[139.75007,35.73785],[139.74937,35.73749],[139.74914,35.73738],[139.74909,35.73736],[139.74697,35.73634],[139.74677,35.73622],[139.74648,35.73618],[139.74531,35.73572],[139.74435,35.73534],[139.74144,35.73419],[139.73926,35.73325],[139.73863,35.73298],[139.73686,35.7322],[139.73539,35.73157],[139.73449,35.7312],[139.73372,35.731],[139.73296,35.73088],[139.73229,35.73087],[139.73173,35.7309],[139.73113,35.731],[139.7304,35.73117],[139.72996,35.73128],[139.72971,35.73135],[139.72906,35.73151],[139.72893,35.73154],[139.72695,35.73203],[139.72422,35.73276],[139.72087,35.73365],[139.71958,35.73399],[139.71811,35.73433],[139.71732,35.7345],[139.71692,35.73453],[139.71626,35.73455],[139.7157,35.7345],[139.71515,35.73439],[139.7146,35.73423],[139.71398,35.73401],[139.71363,35.73381],[139.7133,35.73362],[139.71308,35.73349],[139.71258,35.73304],[139.71236,35.73273],[139.71167,35.73152],[139.7105,35.72903],[139.70915,35.72618],[139.70802,35.72406],[139.7068,35.72181],[139.7066,35.72145],[139.70596,35.71933],[139.70582,35.71889],[139.70578,35.71875],[139.70495,35.71621],[139.70492,35.7161],[139.70485,35.7159],[139.70473,35.71557],[139.70466,35.71535],[139.70461,35.71521],[139.70448,35.71482],[139.70438,35.71454],[139.70423,35.7141],[139.70418,35.71395],[139.70403,35.71349],[139.70342,35.71171],[139.70298,35.71048],[139.7027,35.70967],[139.70258,35.70933],[139.70099,35.70486],[139.70065,35.70389],[139.70054,35.70322],[139.70038,35.70221],[139.70032,35.70175],[139.70019,35.70011],[139.70006,35.6989],[139.69999,35.69828],[139.69986,35.69775],[139.69952,35.69644],[139.69943,35.69595],[139.69942,35.69572],[139.6994,35.69531],[139.69947,35.6948],[139.69967,35.69392],[139.69994,35.69286],[139.69999,35.69264],[139.70002,35.69228],[139.70003,35.69201],[139.70004,35.69167],[139.7006,35.68995],[139.70078,35.68935],[139.70089,35.68902],[139.70091,35.68894],[139.70125,35.6879],[139.70148,35.68712],[139.70171,35.68665],[139.70222,35.68555],[139.70272,35.68355],[139.70302,35.68239],[139.70325,35.68148],[139.70348,35.68058],[139.70353,35.68039],[139.70377,35.67936],[139.70384,35.67842],[139.70398,35.67771],[139.70413,35.67667],[139.70412,35.67583],[139.70412,35.67552],[139.70399,35.67489],[139.70345,35.67338],[139.70295,35.6722],[139.70275,35.67156],[139.70264,35.6711],[139.70251,35.67042],[139.70243,35.6699],[139.7024,35.66976],[139.70239,35.66961],[139.70239,35.66954],[139.70237,35.66934],[139.70235,35.66914],[139.70232,35.66891],[139.70205,35.66678],[139.70201,35.6665],[139.70164,35.66349],[139.7016,35.66319],[139.70147,35.66213],[139.70143,35.66181],[139.70123,35.66023],[139.70118,35.65978],[139.70117,35.65965],[139.70118,35.65956],[139.70122,35.65937],[139.70124,35.6593],[139.70129,35.65907],[139.70137,35.6588],[139.70174,35.65785],[139.70201,35.65746],[139.70221,35.65723],[139.70334,35.65595],[139.70427,35.6549],[139.70538,35.65366],[139.70543,35.6536],[139.70548,35.65355],[139.70555,35.65346],[139.70597,35.65298],[139.70643,35.65241],[139.70658,35.65224],[139.70691,35.65193],[139.70742,35.65134],[139.70773,35.65097],[139.70776,35.65092],[139.70791,35.65065],[139.70856,35.64947],[139.7087,35.64923],[139.70937,35.64804],[139.70956,35.6477],[139.70971,35.64743],[139.71054,35.64593],[139.71079,35.64546],[139.7111,35.6449],[139.71145,35.64426],[139.7118,35.64361],[139.71202,35.64323],[139.7122,35.64297],[139.71261,35.64224],[139.71334,35.64093],[139.71343,35.64049],[139.71354,35.64012],[139.7139,35.63935],[139.71404,35.63908],[139.71408,35.63901],[139.71427,35.63878],[139.71438,35.63865],[139.71447,35.63855],[139.71453,35.63849],[139.71465,35.63833],[139.71472,35.63822],[139.71497,35.6375],[139.71503,35.63721],[139.71499,35.63644],[139.71502,35.63627],[139.71505,35.6361],[139.71529,35.63513],[139.7154,35.63467],[139.71544,35.63452],[139.71551,35.63421],[139.71557,35.63395],[139.71562,35.63369],[139.71574,35.63327],[139.71585,35.63284],[139.71636,35.63136],[139.71667,35.63084],[139.71713,35.63027],[139.71773,35.62975],[139.71829,35.62944],[139.71957,35.62888],[139.72015,35.62862],[139.7214,35.62806],[139.72186,35.6278],[139.72231,35.62749],[139.72262,35.62727],[139.72321,35.62672],[139.72407,35.62562],[139.72422,35.62543],[139.72436,35.62526],[139.72496,35.62446],[139.72519,35.62415],[139.72628,35.62262],[139.72761,35.62077],[139.72888,35.61912],[139.7295,35.6183],[139.72964,35.61816],[139.73002,35.61777],[139.73023,35.6176],[139.7304,35.61748],[139.73068,35.61732],[139.73081,35.61725],[139.73099,35.61717],[139.73119,35.61709],[139.73149,35.617],[139.73227,35.61682],[139.7328,35.61677],[139.73342,35.61684],[139.73399,35.61691],[139.73444,35.61704],[139.73454,35.61708],[139.73508,35.61729],[139.73527,35.61741],[139.7356,35.61761],[139.73634,35.61828],[139.73668,35.61869],[139.73695,35.61901],[139.73753,35.62031],[139.73762,35.62049],[139.73764,35.6206],[139.73812,35.6226],[139.73824,35.62318],[139.73829,35.6234],[139.73855,35.62452],[139.73855,35.62455],[139.73866,35.62501],[139.73881,35.62549],[139.73883,35.62608],[139.73876,35.62638],[139.7387,35.62669],[139.73863,35.627]]}},{"type":"Feature","properties":{"line_name":"中央線快速"},"geometry":{"type":"LineString","coordinates":[[139.76716,35.68228],[139.76764,35.68359],[139.76849,35.68586],[139.76933,35.6881],[139.77054,35.69096],[139.77121,35.69258],[139.77159,35.69345],[139.77162,35.69376],[139.77164,35.69422],[139.77167,35.69448],[139.77165,35.6951],[139.77161,35.69552],[139.77149,35.6958],[139.7712,35.69624],[139.77052,35.69696],[139.76953,35.69769],[139.76889,35.69815],[139.76863,35.6983],[139.76817,35.69852],[139.76755,35.69883],[139.76634,35.69926],[139.76372,35.69995],[139.76327,35.70014],[139.76242,35.70065],[139.76174,35.7011],[139.7614,35.70122],[139.76104,35.70132],[139.76056,35.7014],[139.75915,35.70141],[139.75796,35.70135],[139.75762,35.70136],[139.75719,35.70144],[139.75607,35.70172],[139.75503,35.7019],[139.75494,35.70191],[139.75255,35.70209],[139.75245,35.7021],[139.75057,35.70223],[139.74779,35.70244],[139.74723,35.70245],[139.74677,35.70246],[139.74617,35.70233],[139.74574,35.70219],[139.74565,35.70214],[139.74525,35.70192],[139.74503,35.70177],[139.74471,35.70149],[139.74438,35.70114],[139.74421,35.70091],[139.7437,35.70019],[139.74303,35.6994],[139.74295,35.69931],[139.74231,35.69855],[139.74131,35.69727],[139.74074,35.69651],[139.74,35.69555],[139.7394,35.69465],[139.73891,35.69401],[139.73857,35.69358],[139.73814,35.69309],[139.73765,35.69267],[139.73705,35.69221],[139.73667,35.69194],[139.7363,35.69175],[139.73593,35.69152],[139.73471,35.69079],[139.73348,35.69011],[139.73255,35.68956],[139.73207,35.68919],[139.73179,35.6889],[139.73161,35.68864],[139.73149,35.68841],[139.73135,35.68807],[139.73087,35.68661],[139.73078,35.68637],[139.73063,35.68594],[139.73032,35.68505],[139.73021,35.68469],[139.73019,35.68466],[139.72981,35.68406],[139.72971,35.68396],[139.72908,35.68336],[139.72863,35.68296],[139.72846,35.68282],[139.72845,35.68281],[139.72786,35.68232],[139.72738,35.68189],[139.72701,35.68169],[139.72408,35.68044],[139.72309,35.68004],[139.72258,35.6799],[139.72241,35.67987],[139.72185,35.67988],[139.72112,35.67994],[139.71979,35.68006],[139.71889,35.68021],[139.71476,35.68077],[139.71408,35.68086],[139.71355,35.68092],[139.71279,35.68101],[139.7113,35.68123],[139.71027,35.68138],[139.70951,35.68153],[139.70845,35.6815],[139.70801,35.68148],[139.70709,35.68144],[139.70664,35.68142],[139.70584,35.68136],[139.70538,35.68138],[139.70521,35.68141],[139.70486,35.68147],[139.70429,35.68164],[139.70394,35.68179],[139.70342,35.68207],[139.70318,35.68225],[139.70294,35.68245],[139.70275,35.68262],[139.70257,35.68331],[139.70243,35.68387],[139.7022,35.68474],[139.70209,35.68514],[139.70184,35.68575],[139.70146,35.6865],[139.7011,35.68735],[139.70087,35.688],[139.70068,35.68871],[139.70064,35.68888],[139.70063,35.68895],[139.70055,35.68931],[139.7006,35.68995],[139.70068,35.69107],[139.70049,35.69197],[139.70035,35.69236],[139.70019,35.69273],[139.7001,35.69304],[139.69996,35.69349],[139.69986,35.69391],[139.69982,35.69435],[139.69981,35.69508],[139.69976,35.69546],[139.6996,35.69584],[139.69947,35.69618],[139.69933,35.69655],[139.69897,35.6978],[139.69886,35.69822],[139.69881,35.69838],[139.69836,35.6992],[139.69801,35.69978],[139.69688,35.70149],[139.6966,35.70187],[139.6961,35.70247],[139.69553,35.703],[139.69517,35.70331],[139.69473,35.70368],[139.6944,35.70396],[139.69387,35.70433],[139.69332,35.70466],[139.69272,35.70495],[139.69223,35.70516],[139.69073,35.70563],[139.69044,35.70569],[139.68944,35.70591],[139.68834,35.7061],[139.68808,35.70614],[139.68787,35.70617],[139.6869,35.70628],[139.68665,35.70628],[139.6865,35.70629],[139.68626,35.70628],[139.6839,35.70622],[139.68296,35.70621],[139.68248,35.70621],[139.67698,35.70604],[139.67565,35.70601],[139.67538,35.706],[139.67496,35.70597],[139.67323,35.70595],[139.67294,35.70595],[139.67258,35.70595],[139.67229,35.70594],[139.67096,35.70593],[139.6684,35.70597],[139.66686,35.70598],[139.66431,35.70593],[139.66207,35.70577],[139.66101,35.70569],[139.66015,35.70558],[139.65958,35.70557],[139.65816,35.70554],[139.65718,35.70552],[139.65236,35.70541],[139.65078,35.70536],[139.64992,35.70533],[139.64955,35.70532],[139.64862,35.70529],[139.6483,35.70528],[139.63722,35.70491],[139.6369,35.7049],[139.63642,35.70489],[139.63449,35.70485],[139.62663,35.70462],[139.62428,35.70451],[139.62178,35.70448],[139.62151,35.70446],[139.61898,35.7044],[139.61781,35.70436],[139.61636,35.70429],[139.61627,35.70429],[139.61571,35.70427],[139.61508,35.70426],[139.61403,35.70422],[139.61367,35.7042],[139.61225,35.70415],[139.61086,35.70411],[139.60943,35.70407],[139.60853,35.70403],[139.60782,35.70402],[139.60661,35.70399],[139.6052,35.70396],[139.6039,35.70392],[139.60296,35.70388],[139.60252,35.70387],[139.60057,35.70384],[139.60029,35.70383],[139.59963,35.70379],[139.59833,35.70373],[139.59738,35.70371],[139.59638,35.70368],[139.59506,35.70364],[139.59435,35.70362],[139.59394,35.70361],[139.59256,35.70356],[139.59124,35.70353],[139.58979,35.70349],[139.58846,35.70344],[139.58706,35.70342],[139.58577,35.70338],[139.58488,35.70335],[139.5841,35.70332],[139.58327,35.70329],[139.58297,35.70328],[139.58147,35.70323],[139.58101,35.70317],[139.58035,35.70316],[139.57861,35.70311],[139.57701,35.70308],[139.57584,35.70307],[139.57453,35.70304],[139.57259,35.70299],[139.57158,35.70297],[139.57083,35.70294],[139.5697,35.70291],[139.56858,35.70288],[139.56757,35.70284],[139.56753,35.70284],[139.56602,35.70282],[139.56586,35.70282],[139.5649,35.70278],[139.56325,35.70274],[139.56169,35.70271],[139.56101,35.7027],[139.56067,35.70269],[139.56058,35.70269],[139.55959,35.70268],[139.55815,35.70263],[139.55733,35.7026],[139.55601,35.70256],[139.55448,35.70248],[139.55269,35.70243],[139.55124,35.70238],[139.55045,35.70235],[139.55042,35.70235],[139.54996,35.70232],[139.54835,35.70227],[139.54712,35.70223],[139.54661,35.70219],[139.54624,35.7022],[139.54483,35.70214],[139.54228,35.70204],[139.54133,35.70202],[139.54026,35.70201],[139.53917,35.70196],[139.53854,35.70196],[139.53762,35.70193],[139.53679,35.7019],[139.53579,35.70189],[139.53509,35.70187],[139.53406,35.70187],[139.53321,35.70184],[139.53256,35.70182],[139.53091,35.70179],[139.52812,35.70169],[139.52505,35.7016],[139.52247,35.70152],[139.52043,35.70149],[139.51904,35.70146],[139.51771,35.70143],[139.51676,35.70141],[139.51532,35.70136],[139.5139,35.70131],[139.51247,35.70127],[139.51143,35.70124],[139.51139,35.70124],[139.51003,35.7012],[139.50859,35.70118],[139.50729,35.70111],[139.50705,35.7011],[139.50481,35.70097],[139.50413,35.70097],[139.50333,35.70094],[139.50232,35.70092],[139.5015,35.7009],[139.50013,35.70086],[139.49958,35.70085],[139.49901,35.70081],[139.49801,35.70077],[139.49765,35.70075],[139.49679,35.70072],[139.49254,35.70059],[139.4911,35.70054],[139.49103,35.70054],[139.48824,35.70047],[139.48551,35.70038],[139.48445,35.70035],[139.48403,35.70033],[139.48377,35.70033],[139.48235,35.70018],[139.48141,35.70015],[139.48002,35.70011],[139.47965,35.70011],[139.47936,35.70011],[139.47858,35.70011],[139.47817,35.7001],[139.4779,35.7001],[139.47674,35.7001],[139.47603,35.7001],[139.47525,35.70007],[139.47444,35.70003],[139.47156,35.69993],[139.4671,35.69978],[139.46577,35.69972],[139.46546,35.69971],[139.46475,35.69968],[139.46309,35.69969],[139.46278,35.6997],[139.46175,35.69964],[139.46058,35.69961],[139.4602,35.6996],[139.45897,35.69955],[139.45777,35.69951],[139.45715,35.69949],[139.4519,35.69936],[139.45073,35.69936],[139.45052,35.69934],[139.4499,35.69929],[139.44926,35.69929],[139.44773,35.69923],[139.4451,35.69916],[139.43973,35.699],[139.43402,35.69882],[139.43392,35.69882],[139.43053,35.69873],[139.4279,35.69864],[139.42739,35.69862],[139.42699,35.6986],[139.4259,35.69857],[139.42489,35.69852],[139.42388,35.69848],[139.42255,35.69837],[139.42079,35.69824],[139.42014,35.6982],[139.41927,35.69816],[139.41869,35.69813],[139.4181,35.69812],[139.41757,35.69811],[139.41708,35.69808],[139.41581,35.69788],[139.41516,35.69778],[139.41505,35.69778],[139.41256,35.69775],[139.41237,35.69775],[139.41206,35.69777],[139.41166,35.69782],[139.41119,35.69789],[139.41053,35.698],[139.40935,35.69805],[139.4085,35.69801],[139.40793,35.69796],[139.40717,35.69781],[139.40656,35.69763],[139.40592,35.6974],[139.40492,35.69693],[139.40453,35.6967],[139.40372,35.6962],[139.40319,35.69579],[139.40294,35.69555],[139.40247,35.69505],[139.40205,35.69454],[139.40176,35.69412],[139.40156,35.69379],[139.40137,35.69347],[139.40095,35.69273],[139.40047,35.69184],[139.4002,35.6913],[139.39974,35.69044],[139.39948,35.68996],[139.39874,35.68855],[139.39849,35.68806],[139.39672,35.68475],[139.39487,35.68123],[139.3941,35.67981],[139.39383,35.67931],[139.39365,35.67896],[139.39348,35.67865],[139.39303,35.67778],[139.39281,35.67737],[139.39265,35.677],[139.39245,35.67641],[139.39218,35.67542],[139.39092,35.6709],[139.39067,35.6699],[139.39044,35.66909],[139.39013,35.66802],[139.38983,35.66715],[139.38958,35.6666],[139.3892,35.66592],[139.38891,35.66545],[139.38847,35.66483],[139.38815,35.66443],[139.38767,35.66388],[139.38734,35.66355],[139.38691,35.66313],[139.38642,35.6627],[139.38594,35.66233],[139.3856,35.6621],[139.38499,35.66169],[139.38405,35.66111],[139.38242,35.66008],[139.38164,35.65957],[139.3814,35.65942],[139.38049,35.65882],[139.37947,35.65815],[139.37862,35.65763],[139.37757,35.65698],[139.37718,35.65674],[139.37619,35.65611],[139.37405,35.65478],[139.3718,35.65339],[139.37166,35.6533],[139.37149,35.6532],[139.37107,35.65297],[139.37056,35.6527],[139.37023,35.65255],[139.37009,35.65248],[139.36965,35.65232],[139.36935,35.65222],[139.36874,35.65209],[139.36803,35.65198],[139.36762,35.65194],[139.36696,35.65194],[139.36632,35.65198],[139.36593,35.65203],[139.36536,35.65209],[139.36495,35.65216],[139.36418,35.65221],[139.36361,35.65219],[139.36332,35.65217],[139.36292,35.65211],[139.36259,35.65205],[139.36224,35.65196],[139.36192,35.65185],[139.36153,35.65168],[139.36099,35.65143],[139.36088,35.65137],[139.3596,35.65073],[139.35893,35.65044],[139.35865,35.65034],[139.35834,35.65025],[139.35816,35.65021],[139.35755,35.65009],[139.3574,35.65007],[139.35711,35.65005],[139.3567,35.65006],[139.35631,35.6501],[139.35591,35.65016],[139.35535,35.6503],[139.35498,35.65042],[139.35469,35.65054],[139.35428,35.65072],[139.3534,35.65115],[139.35247,35.65159],[139.35203,35.65179],[139.35192,35.65184],[139.35104,35.65229],[139.35002,35.65281],[139.34948,35.65311],[139.34904,35.65333],[139.34867,35.65349],[139.34809,35.6537],[139.34767,35.65384],[139.3472,35.65397],[139.34683,35.65405],[139.34678,35.65407],[139.34624,35.65418],[139.34577,35.65428],[139.34456,35.65451],[139.34409,35.65459],[139.34377,35.65464],[139.34316,35.65474],[139.3427,35.65482],[139.34134,35.65505],[139.3401,35.65527],[139.339,35.65547],[139.33754,35.65574],[139.33663,35.6559],[139.33625,35.65596],[139.33592,35.65601],[139.33572,35.65605],[139.33495,35.65617],[139.33418,35.65631],[139.33383,35.65638],[139.33328,35.65647],[139.33223,35.65661],[139.33143,35.6567],[139.33011,35.65684],[139.32956,35.65689],[139.32922,35.65694],[139.32887,35.657],[139.32852,35.65708],[139.32799,35.6572],[139.32718,35.6574],[139.32508,35.65791],[139.32384,35.65824],[139.32307,35.65843],[139.32222,35.65863],[139.3205,35.65906],[139.31956,35.65928],[139.31918,35.65931],[139.31885,35.65931],[139.31849,35.6593],[139.31784,35.65921],[139.3175,35.65912],[139.31719,35.65902],[139.31694,35.65892],[139.31666,35.65877],[139.31555,35.65817],[139.31436,35.65754],[139.31299,35.65681],[139.31102,35.65574],[139.30812,35.65419],[139.305,35.65254],[139.30494,35.6525],[139.30373,35.65187],[139.3007,35.65025],[139.29933,35.64952],[139.29821,35.64893],[139.29672,35.64812],[139.29573,35.6476],[139.29526,35.64735],[139.29417,35.64677],[139.29315,35.64622],[139.29231,35.64584],[139.29112,35.6454],[139.28953,35.64483],[139.28588,35.64352],[139.28549,35.64339],[139.28394,35.64283]]}},{"type":"Feature","properties":{"line_name":"京浜東北線"},"geometry":{"type":"LineString","coordinates":[[139.62491,35.90505],[139.62535,35.90402],[139.62577,35.90318],[139.62601,35.90273],[139.62668,35.90163],[139.62711,35.90105],[139.62768,35.90037],[139.62785,35.9002],[139.62814,35.89993],[139.62883,35.8993],[139.63006,35.8982],[139.63063,35.89766],[139.63094,35.89732],[139.63143,35.89684],[139.63143,35.89683],[139.63177,35.89646],[139.63259,35.89546],[139.63308,35.89478],[139.63472,35.89241],[139.63516,35.89175],[139.63546,35.89128],[139.63591,35.89049],[139.63618,35.89002],[139.63652,35.88937],[139.63679,35.88883],[139.63713,35.88809],[139.63745,35.88731],[139.63757,35.88706],[139.63805,35.88623],[139.63847,35.88546],[139.63864,35.88514],[139.63934,35.88361],[139.63971,35.88269],[139.64005,35.88185],[139.64068,35.88036],[139.64108,35.87941],[139.64167,35.87801],[139.64201,35.87714],[139.64247,35.87611],[139.64263,35.87575],[139.64286,35.8753],[139.64307,35.87494],[139.64327,35.87463],[139.64371,35.87409],[139.64423,35.87356],[139.64498,35.8729],[139.64652,35.8715],[139.64852,35.86971],[139.64947,35.86888],[139.65002,35.8684],[139.65072,35.86775],[139.65116,35.86734],[139.65158,35.86691],[139.65188,35.86664],[139.65214,35.86629],[139.65231,35.86603],[139.65267,35.8655],[139.65336,35.86448],[139.65392,35.86365],[139.65487,35.86222],[139.65532,35.86155],[139.65551,35.86123],[139.65575,35.86084],[139.65617,35.86017],[139.65666,35.85936],[139.65763,35.85777],[139.65775,35.8576],[139.6579,35.85736],[139.6581,35.85709],[139.65845,35.85665],[139.6588,35.85624],[139.65917,35.85581],[139.65945,35.85555],[139.66043,35.85475],[139.66174,35.85376],[139.662,35.85358],[139.66322,35.85267],[139.66356,35.85245],[139.66391,35.85222],[139.66454,35.8518],[139.66483,35.8516],[139.66512,35.85139],[139.66555,35.85101],[139.66635,35.85033],[139.66701,35.84974],[139.6676,35.84922],[139.66963,35.84745],[139.66987094,35.84723657],[139.67064,35.84647],[139.67092,35.84623],[139.67228,35.84508],[139.67326,35.84424],[139.67518,35.84262],[139.67552,35.84232],[139.67593,35.84193],[139.67641,35.84149],[139.67728,35.84067],[139.67815,35.83985],[139.67817,35.83984],[139.67899,35.83905],[139.68004,35.83803],[139.68073,35.83737],[139.68166,35.83655],[139.68233,35.83594],[139.68335,35.8349],[139.68489,35.83334],[139.68621,35.83199],[139.68769,35.83059],[139.6893,35.82901],[139.68967,35.82865],[139.69116,35.82721],[139.69191,35.82643],[139.69254,35.82577],[139.69307,35.82525],[139.69356,35.82481],[139.69402,35.82445],[139.69481,35.82385],[139.69564,35.82325],[139.69653,35.8226],[139.69735,35.82202],[139.6982,35.8214],[139.69895,35.82083],[139.69911,35.82071],[139.69933,35.8205],[139.6998,35.82007],[139.7005,35.81936],[139.7014,35.81847],[139.70227,35.81759],[139.70272,35.81714],[139.70375,35.81613],[139.70497,35.8149],[139.70685,35.81297],[139.70769,35.81208],[139.70849,35.81127],[139.70934,35.81042],[139.71016,35.8096],[139.71178,35.80799],[139.7119,35.80787],[139.71366,35.80612],[139.71464,35.80519],[139.71504,35.80476],[139.71588,35.80393],[139.71633,35.80347],[139.71659,35.80313],[139.71698,35.80267],[139.71716,35.80237],[139.71735,35.80207],[139.71758,35.80169],[139.71788,35.80104],[139.71793,35.80093],[139.7181,35.80041],[139.71817,35.80016],[139.71824,35.79971],[139.71832,35.799],[139.71833,35.79849],[139.71828,35.79804],[139.71805,35.79654],[139.718,35.79624],[139.71799,35.79618],[139.71794,35.7951],[139.71789,35.79469],[139.71758,35.79191],[139.71721,35.78851],[139.7172,35.78835],[139.71709,35.78734],[139.71708,35.78719],[139.71702,35.7866],[139.71701,35.78653],[139.71699,35.78622],[139.71699,35.78615],[139.71701,35.78585],[139.71711,35.7854],[139.71723,35.78499],[139.71743,35.78445],[139.71763,35.784],[139.71791,35.78334],[139.71817,35.78277],[139.7187,35.78175],[139.71895,35.78125],[139.71919,35.78075],[139.71947,35.78026],[139.71978,35.77977],[139.72015,35.77916],[139.72046,35.77867],[139.72072,35.77833],[139.72111,35.77783],[139.72135,35.77748],[139.72158,35.77707],[139.72173,35.77679],[139.72187,35.7765],[139.72203,35.77612],[139.72215,35.7757],[139.72222,35.77501],[139.72226,35.77443],[139.72228,35.77366],[139.72232,35.77299],[139.72234,35.77265],[139.72228,35.77219],[139.72228,35.77192],[139.72239,35.7715],[139.72272,35.77076],[139.72308,35.7701],[139.72342,35.76952],[139.72383,35.7688],[139.72442,35.76774],[139.725,35.76677],[139.72539,35.76602],[139.72603,35.76487],[139.72663,35.76395],[139.72684,35.76366],[139.72748,35.76284],[139.72786,35.76246],[139.72829,35.76207],[139.72906,35.76152],[139.72963,35.76113],[139.73,35.76086],[139.73053,35.76049],[139.73119,35.76001],[139.73186,35.75955],[139.73236,35.75918],[139.73276,35.75886],[139.73325,35.75844],[139.73349,35.75828],[139.73378,35.75803],[139.73401,35.75781],[139.73426,35.75746],[139.73471,35.75684],[139.73537,35.75589],[139.73595,35.75511],[139.73639,35.75454],[139.73685,35.75388],[139.73736,35.75323],[139.73751,35.75302],[139.73891,35.75163],[139.73928,35.75135],[139.73983,35.75094],[139.74037,35.75057],[139.7408,35.75018],[139.74096,35.75002],[139.74143,35.74954],[139.74178,35.74921],[139.74196,35.74906],[139.7422,35.74894],[139.74297,35.74859],[139.74392,35.74815],[139.74475,35.74773],[139.74614,35.74696],[139.74666,35.74668],[139.74677,35.74662],[139.74711,35.74645],[139.74755,35.74627],[139.74827,35.74593],[139.74865,35.74574],[139.74934,35.74526],[139.75007,35.74483],[139.75067,35.7445],[139.75165,35.74401],[139.75264,35.74354],[139.75371,35.74304],[139.75415,35.74282],[139.75461,35.74255],[139.75467,35.74251],[139.75487,35.74238],[139.75522,35.74217],[139.75658,35.74131],[139.75791,35.74047],[139.7585,35.74006],[139.759,35.73967],[139.75992,35.7389],[139.76009,35.73875],[139.76023,35.73863],[139.76067,35.73826],[139.76248,35.73669],[139.76257,35.73661],[139.76342,35.73584],[139.76419,35.73515],[139.76439,35.73497],[139.76477,35.73462],[139.76514,35.73426],[139.76551,35.73384],[139.76602,35.7332],[139.76619,35.73301],[139.76626,35.73289],[139.76656,35.73241],[139.76675,35.73213],[139.76729,35.73127],[139.76744,35.73108],[139.76818,35.73012],[139.76898,35.72917],[139.76956,35.72853],[139.77015,35.72799],[139.77016,35.72798],[139.77037,35.7278],[139.77093,35.7273],[139.7712,35.7271],[139.77145,35.72691],[139.77188,35.72667],[139.77227,35.72647],[139.77274,35.7262],[139.77309,35.72595],[139.77347,35.72566],[139.77399,35.72524],[139.77477,35.72454],[139.77509,35.72423],[139.77543,35.72391],[139.77564,35.7237],[139.77741,35.72206],[139.77865,35.72085],[139.77916,35.72034],[139.77936,35.71998],[139.77958,35.71951],[139.77972,35.71905],[139.77976,35.71871],[139.7797,35.71829],[139.77962,35.71797],[139.77936,35.71756],[139.77847,35.71646],[139.77764,35.71551],[139.77664,35.71439],[139.77573,35.71239],[139.77542,35.71192],[139.77531,35.71175],[139.77524,35.71164],[139.77513,35.71135],[139.775,35.71091],[139.77496,35.71049],[139.77503,35.70992],[139.77518,35.70886],[139.77517,35.70827],[139.77494,35.70689],[139.77482,35.70608],[139.77458,35.70496],[139.77422,35.70296],[139.77413,35.70261],[139.77386,35.70199],[139.77375,35.70167],[139.77371,35.70156],[139.77346,35.69952],[139.77335,35.69872],[139.77313,35.69743],[139.77309,35.69725],[139.7728,35.69635],[139.77268,35.69586],[139.77229,35.69494],[139.77185,35.69403],[139.77159,35.69345],[139.77121,35.69258],[139.77054,35.69096],[139.76933,35.6881],[139.76849,35.68586],[139.76764,35.68359],[139.76716,35.68228],[139.76621,35.67965],[139.76552,35.6778],[139.76523,35.67711],[139.76499,35.67662],[139.76471,35.67626],[139.76444,35.67597],[139.76398,35.6756],[139.76254,35.67448],[139.76206,35.6741],[139.7616,35.67372],[139.76116,35.67336],[139.76074,35.67299],[139.76054,35.67274],[139.76034,35.67244],[139.75991,35.67163],[139.7598,35.67143],[139.75899,35.66991],[139.75851,35.66913],[139.75836,35.66886],[139.75826,35.66863],[139.7582,35.66841],[139.75817,35.66821],[139.75814,35.6672],[139.75826,35.66558],[139.75842,35.66432],[139.7586,35.66291],[139.7586,35.66209],[139.75857,35.66147],[139.75847,35.66084],[139.75824,35.65987],[139.75817,35.65958],[139.75745,35.65678],[139.75734,35.65638],[139.75728,35.65614],[139.75697,35.65468],[139.75666,35.65357],[139.75642,35.6527],[139.75609,35.65196],[139.75551,35.65073],[139.75514,35.65021],[139.7547,35.64968],[139.75371,35.64888],[139.75294,35.64834],[139.75153,35.64766],[139.74824,35.64611],[139.74697,35.64537],[139.74677,35.64528],[139.74504,35.64431],[139.74418,35.64373],[139.74376,35.64332],[139.74348967,35.6429081],[139.74330883,35.64250835],[139.74327551,35.64212764],[139.74320413,35.64161367],[139.74310895,35.64109019],[139.74285197,35.63995757],[139.74207627,35.6376019],[139.74162252,35.63667994],[139.74087702,35.63486076],[139.73997758,35.6327478],[139.73957783,35.63159138],[139.73904959,35.63030647],[139.73898,35.62986],[139.7391,35.62713],[139.73903,35.6265],[139.73892,35.62589],[139.73881,35.62549],[139.73866,35.62501],[139.73855,35.62455],[139.73855,35.62452],[139.73829,35.6234],[139.73824,35.62318],[139.73812,35.6226],[139.73764,35.6206],[139.73762,35.62049],[139.7374,35.61956],[139.73701,35.61827],[139.73648,35.61626],[139.73632,35.61564],[139.73606,35.61469],[139.73604,35.61453],[139.736,35.61428],[139.73566,35.61202],[139.73507,35.60772],[139.73506,35.60759],[139.73491,35.6059],[139.73445,35.60219],[139.7342,35.60027],[139.73408,35.59943],[139.73389,35.59833],[139.73377,35.598],[139.7337,35.59782],[139.73365,35.5977],[139.73346,35.59724],[139.73315,35.59666],[139.73275,35.59606],[139.7325,35.59567],[139.7324,35.59552],[139.73108,35.59346],[139.73043,35.59245],[139.7303,35.59225],[139.72938,35.59082],[139.7286,35.5896],[139.72802,35.58872],[139.7277,35.58823],[139.72664,35.58658],[139.72616,35.58584],[139.7256,35.58496],[139.72531,35.58446],[139.72505,35.58398],[139.72492,35.58368],[139.72472,35.58323],[139.72347,35.58018],[139.7225,35.57789],[139.72136,35.57514],[139.72127,35.57495],[139.72075,35.5737],[139.72038,35.57282],[139.71934,35.57035],[139.71713,35.56518],[139.71697,35.56482],[139.71637,35.56335],[139.71569,35.56162],[139.71482,35.55959],[139.71445,35.55872],[139.71325,35.55588],[139.71225,35.55341],[139.71116,35.55076],[139.70999,35.54801],[139.7091,35.54584],[139.70869,35.54488],[139.70837,35.54412],[139.70812,35.54324],[139.708,35.54286],[139.70789,35.54264],[139.7076,35.54219],[139.70714,35.5415],[139.7065,35.54069],[139.70539,35.53936],[139.70351,35.53714],[139.70314,35.53671],[139.70257,35.53603],[139.70228,35.53573],[139.70212,35.53557],[139.70182,35.53535],[139.7016,35.53518],[139.70121,35.53481],[139.7007,35.5344],[139.69988,35.53374],[139.69942,35.53338],[139.69939,35.53336],[139.69869,35.53285],[139.69819,35.53248],[139.69758,35.532],[139.69604,35.53073],[139.6958,35.53052],[139.69564,35.53038],[139.69446,35.52935],[139.69357,35.52857],[139.69331,35.52834],[139.69315,35.52819],[139.693,35.52806],[139.69284,35.52791],[139.69246,35.52757],[139.69199,35.52715],[139.69077,35.52612],[139.68956,35.52513],[139.68827,35.52406],[139.68791,35.52375],[139.6872,35.52314],[139.68636,35.52248],[139.68565,35.52186],[139.6848,35.52113],[139.68404,35.52049],[139.68324,35.51982],[139.68256,35.51925],[139.68155,35.51829],[139.68049,35.51734],[139.68009,35.51696],[139.67971,35.51653],[139.6795,35.51629],[139.67932,35.51603],[139.67896,35.51545],[139.67837,35.51448],[139.67827,35.51432],[139.67785,35.51353],[139.67748,35.51275],[139.6771,35.51197],[139.67699,35.5116],[139.67692,35.5113],[139.67649,35.50958],[139.67645,35.50939],[139.67609,35.50779],[139.676,35.5074],[139.67578,35.50637],[139.6754,35.5049],[139.67512,35.50387],[139.6749,35.50326],[139.67449,35.50265],[139.67385,35.50182],[139.67347,35.5014],[139.67291,35.50082],[139.6724,35.50041],[139.67193,35.50002],[139.66801,35.49674],[139.66768,35.49647],[139.66764,35.49643],[139.66723,35.49607],[139.66573,35.49485],[139.66503,35.49427],[139.66463,35.4939],[139.66429,35.49359],[139.66408,35.49346],[139.66393,35.49338],[139.66376,35.4933],[139.66364,35.49327],[139.66353,35.49326],[139.66322,35.49289],[139.66254,35.4921],[139.66204,35.49158],[139.6617,35.49127],[139.66112,35.49077],[139.66096,35.49065],[139.66044,35.49029],[139.65986,35.48994],[139.65856,35.48924],[139.65828,35.48908],[139.65687,35.48835],[139.65625,35.488],[139.65574,35.48771],[139.65507,35.48734],[139.65491,35.48726],[139.6544,35.48695],[139.65388,35.48669],[139.6533,35.48643],[139.65298,35.48629],[139.65288,35.48624],[139.65226,35.48603],[139.65188,35.48589],[139.65129,35.48574],[139.65049,35.48558],[139.65009,35.48554],[139.6497,35.48552],[139.64927,35.4855],[139.64913,35.48549],[139.64874,35.48548],[139.64819,35.48546],[139.64798,35.48544],[139.647,35.48532],[139.6462,35.48521],[139.64568,35.48515],[139.64524,35.48509],[139.64493,35.48501],[139.64416,35.48479],[139.64342,35.48457],[139.64317,35.48449],[139.64234,35.48424],[139.64035,35.48362],[139.63932,35.4833],[139.6389,35.48317],[139.63834,35.48294],[139.63795,35.48274],[139.63715,35.48229],[139.63682,35.48201],[139.63602,35.48124],[139.63585,35.48107],[139.63575,35.48097],[139.63436,35.47947],[139.633749,35.478809],[139.63223,35.477164],[139.63159,35.47647],[139.63046,35.47525],[139.62991,35.47466],[139.6292,35.47388],[139.62845,35.47305],[139.62775,35.47223],[139.62678,35.47108],[139.62567,35.46976],[139.62503,35.46906],[139.62387,35.46769],[139.62344,35.46719],[139.6232,35.46692],[139.62179,35.46533],[139.62133,35.46475],[139.62073,35.46421],[139.62055,35.46401],[139.6201,35.46352],[139.61986,35.46325],[139.61841,35.46164],[139.61829,35.46153],[139.61752,35.46068],[139.6159,35.45893],[139.61479,35.45771],[139.61374,35.45657],[139.61298,35.45587],[139.61213,35.45515],[139.61129,35.45462],[139.61092,35.45444],[139.6096,35.45374],[139.60766,35.45264],[139.60516,35.45124],[139.60473,35.45099],[139.60425,35.45071],[139.6033,35.45],[139.60286,35.4496],[139.60167,35.44846],[139.59907,35.44598],[139.59884,35.4458],[139.59856,35.44565],[139.59825,35.44551],[139.59787,35.44531],[139.59752,35.44516],[139.59724,35.44507],[139.59692,35.44498],[139.59605,35.44483],[139.595,35.44485],[139.59281,35.44516],[139.59115,35.44536],[139.58853,35.44576],[139.58824,35.44579],[139.58346,35.44648],[139.57961,35.44699],[139.57852,35.44695],[139.57746,35.44673],[139.57668,35.4464],[139.57557,35.44582],[139.57451,35.44528],[139.56987,35.44295],[139.5693,35.44266],[139.56587,35.44101],[139.56242,35.43921],[139.56211,35.43901],[139.56187,35.43878],[139.56128,35.4382],[139.56012,35.43693],[139.5598,35.43659],[139.55943,35.43612],[139.55821,35.43477],[139.55786,35.43431],[139.55741,35.4335],[139.55708,35.43256],[139.5569,35.43158],[139.55689,35.43049],[139.5569,35.43039],[139.5569,35.4302],[139.55689,35.42942],[139.55688,35.42926],[139.55688,35.4289],[139.55687,35.42874],[139.55686,35.42859],[139.55684,35.4284],[139.55665,35.42762],[139.55621,35.42668],[139.55531,35.42482],[139.55507,35.42425],[139.55485,35.42384],[139.55441,35.42323],[139.55407,35.42283],[139.55369,35.42246],[139.55309,35.42193],[139.55262,35.42162],[139.55199,35.42123],[139.55186,35.42116],[139.5508,35.42055],[139.54953,35.41994],[139.54736,35.41875],[139.54331,35.41662],[139.54026,35.415],[139.53981,35.41476],[139.53807,35.41366],[139.53764,35.41339],[139.53684,35.41284],[139.53631,35.4124],[139.53605,35.41219],[139.53568,35.41168],[139.53534,35.4111],[139.53506,35.41059],[139.53499,35.41048],[139.53477,35.41002],[139.53459,35.40956],[139.5345,35.40907],[139.53433,35.40812],[139.5341,35.40639],[139.53383,35.40452],[139.53373,35.40375],[139.53372,35.40344],[139.53379,35.40252],[139.53392,35.4017],[139.5342,35.40076],[139.53433,35.40034],[139.53448,35.3999],[139.53458,35.39956],[139.53468,35.39926],[139.5347,35.39917],[139.53473,35.39908],[139.53511,35.39793],[139.53536,35.3971],[139.53552,35.39659],[139.53567,35.39597],[139.53572,35.39519],[139.53574,35.39447],[139.53564,35.39349],[139.53548,35.39179],[139.53545,35.39148],[139.53524,35.38921],[139.535,35.38661],[139.53476,35.38394],[139.53463,35.3828],[139.53458,35.38238],[139.53444,35.38134],[139.53433,35.3808],[139.5342,35.38026],[139.53406,35.37982],[139.53362,35.37875],[139.53296,35.37736],[139.5321,35.3758],[139.53199,35.3756],[139.53176,35.37521],[139.5316,35.37492],[139.5313,35.37438],[139.53113,35.37405],[139.53083,35.37354],[139.5306,35.37313],[139.52997,35.37173],[139.52971,35.37118],[139.52956,35.37072],[139.52952,35.37034],[139.52957,35.36993],[139.52971,35.36915],[139.53001,35.3679],[139.53025,35.36704],[139.5304,35.3665],[139.53045,35.3662],[139.53045,35.36602],[139.53043,35.36576],[139.53039,35.36545],[139.53021,35.36478],[139.53007,35.36445],[139.52995,35.36415],[139.52984,35.36386],[139.52959,35.36325],[139.52936,35.36266],[139.52923,35.362],[139.52918,35.36156],[139.52922,35.36091],[139.52938,35.36036],[139.52965,35.35979],[139.53002,35.35926],[139.53077,35.35829],[139.53133,35.35755],[139.53156,35.3571],[139.5317,35.35671],[139.53175,35.35627],[139.53173,35.35591],[139.53164,35.35542]]}},{"type":"Feature","properties":{"line_name":"上野東京ライン"},"geometry":{"type":"MultiLineString","coordinates":[[[139.07912,35.10445],[139.07978,35.10492],[139.08055,35.10546],[139.08107,35.10584],[139.0816,35.10623],[139.08176,35.10636],[139.08192,35.10649],[139.0824,35.10701],[139.08251,35.10715],[139.0831,35.1078],[139.08324,35.10798],[139.08359,35.10864],[139.08367,35.10877],[139.08379,35.10903],[139.08385,35.1092],[139.08387,35.10935],[139.08394,35.11022],[139.08403,35.11133],[139.08407,35.11148],[139.08412,35.11161],[139.0842,35.11175],[139.08422,35.1118],[139.08428,35.11192],[139.08448,35.11234],[139.08456,35.11242],[139.08462,35.11248],[139.08512,35.11299],[139.08548,35.11331],[139.08588,35.11367],[139.0861,35.11381],[139.08622,35.11386],[139.08651,35.11399],[139.08688,35.1142],[139.08703,35.11426],[139.08743,35.11444],[139.08791,35.1147],[139.08843,35.115],[139.08858,35.1151],[139.08901,35.11544],[139.08936,35.11584],[139.08953,35.116],[139.08991,35.11636],[139.09002,35.11656],[139.09028,35.11727],[139.09036,35.11768],[139.09057,35.11851],[139.09069,35.11904],[139.09081,35.11956],[139.09101,35.12041],[139.09122,35.12124],[139.09134,35.12174],[139.09145,35.12218],[139.09165,35.12306],[139.09177,35.12353],[139.09188,35.12394],[139.09208,35.12475],[139.0922,35.12526],[139.0923,35.12569],[139.09241,35.12612],[139.09251,35.12655],[139.09265,35.12712],[139.09285,35.12793],[139.09296,35.12836],[139.09317,35.12927],[139.09337,35.13011],[139.0935,35.13057],[139.09359,35.13097],[139.0938,35.13184],[139.09399,35.13266],[139.09417,35.13345],[139.09433,35.1341],[139.09454,35.13496],[139.09455,35.13498],[139.0948,35.13612],[139.09502,35.137],[139.09517,35.13761],[139.09538,35.13854],[139.09548,35.13892],[139.09553,35.1391],[139.09558,35.13933],[139.09575,35.13998],[139.09584,35.14033],[139.09588,35.14051],[139.0959,35.14058],[139.096,35.141],[139.09601,35.14105],[139.09623,35.14184],[139.09644,35.14248],[139.09646,35.14251],[139.09655,35.14273],[139.09657,35.14277],[139.09668,35.14294],[139.09685,35.14325],[139.09711,35.14344],[139.09758,35.14379],[139.09788,35.144],[139.09828,35.14427],[139.09866,35.14448],[139.09905,35.14469],[139.09935,35.14484],[139.09978,35.14503],[139.10054,35.14535],[139.10386,35.1469],[139.10392,35.14694],[139.10417,35.14707],[139.10451,35.14725],[139.10549,35.14778],[139.10581,35.14797],[139.10641,35.14834],[139.10692,35.14875],[139.10729,35.14908],[139.1075,35.14934],[139.10792,35.14998],[139.10826,35.15058],[139.10884,35.15156],[139.1093,35.15234],[139.10947,35.15263],[139.10958,35.15279],[139.10972,35.15298],[139.10988,35.15318],[139.11005,35.15336],[139.1102,35.15351],[139.11033,35.15361],[139.11044,35.15369],[139.1105,35.15372],[139.11063,35.1538],[139.11075,35.15387],[139.11096,35.15397],[139.11115,35.15406],[139.11143,35.15416],[139.11157,35.15421],[139.1118,35.15428],[139.11204,35.15436],[139.11227,35.15441],[139.11254,35.15445],[139.11292,35.15448],[139.113,35.15448],[139.11314,35.15449],[139.11345,35.15449],[139.11377,35.15445],[139.11484,35.15428],[139.1152,35.15417],[139.11606,35.15382],[139.11672,35.15356],[139.11691,35.15349],[139.11718,35.15341],[139.11734,35.15337],[139.11753,35.15333],[139.11772,35.15331],[139.11793,35.15327],[139.11829,35.15324],[139.11854,35.15321],[139.11884,35.15318],[139.11908,35.15317],[139.11949,35.15317],[139.11982,35.15316],[139.12011,35.15317],[139.12035,35.15318],[139.12056,35.1532],[139.12086,35.15324],[139.12122,35.15329],[139.12151,35.15335],[139.12184,35.15342],[139.12192,35.15348],[139.12215,35.15354],[139.1224,35.15361],[139.12261,35.15368],[139.12349,35.15391],[139.12384,35.15398],[139.12437,35.15412],[139.1257,35.15448],[139.12695,35.15482],[139.12741,35.15494],[139.12818,35.15515],[139.12925,35.15545],[139.12943,35.15549],[139.12982,35.15559],[139.13034,35.15573],[139.13044,35.15575],[139.13065,35.15584],[139.13085,35.15593],[139.13102,35.15599],[139.13128,35.15612],[139.13148,35.15624],[139.13182,35.15645],[139.13214,35.15667],[139.13275,35.15719],[139.13309,35.15751],[139.13348,35.15786],[139.13355,35.15794],[139.13385,35.15828],[139.13426,35.15873],[139.13471,35.15922],[139.13504,35.1596],[139.13542,35.16002],[139.13569,35.16032],[139.13572,35.16035],[139.13594,35.16062],[139.13624,35.16101],[139.13638,35.16124],[139.13655,35.16153],[139.1367,35.16187],[139.13674,35.16203],[139.13678,35.16225],[139.13683,35.1626],[139.13689,35.16309],[139.13691,35.16332],[139.13693,35.16353],[139.13699,35.16396],[139.13704,35.16423],[139.13708,35.1644],[139.13713,35.16461],[139.13719,35.16482],[139.13728,35.16503],[139.13738,35.16522],[139.13746,35.16542],[139.13755,35.16564],[139.13764,35.16586],[139.13771,35.1661],[139.13777,35.16634],[139.13782,35.16655],[139.13788,35.1669],[139.13792,35.16715],[139.13794,35.16747],[139.13794,35.16764],[139.13794,35.1679],[139.13794,35.16807],[139.13793,35.16819],[139.13789,35.1685],[139.13786,35.16869],[139.13781,35.16889],[139.13776,35.16903],[139.13767,35.16927],[139.13759,35.16943],[139.13747,35.16965],[139.13742,35.16975],[139.13735,35.16996],[139.13729,35.1701],[139.13693,35.17073],[139.13682,35.17089],[139.13676,35.17099],[139.13662,35.17119],[139.13611,35.17192],[139.13555,35.17267],[139.13474,35.17374],[139.13407,35.17462],[139.13362,35.17536],[139.13322,35.17615],[139.133,35.17667],[139.13289,35.17703],[139.1328,35.17754],[139.13274,35.17789],[139.13273,35.178],[139.13272,35.17823],[139.13272,35.17836],[139.13275,35.17879],[139.1328,35.17937],[139.13287,35.17982],[139.13297,35.18019],[139.13302,35.18035],[139.13314,35.18066],[139.13326,35.18094],[139.13346,35.18135],[139.13391,35.18223],[139.13415,35.18268],[139.1343,35.18298],[139.13507,35.18439],[139.13573,35.18554],[139.13576,35.1856],[139.13581,35.18568],[139.13589,35.1859],[139.13595,35.18607],[139.13601,35.18645],[139.13604,35.18684],[139.1361,35.1878],[139.13616,35.18879],[139.13623,35.19024],[139.13623,35.19128],[139.13624,35.19149],[139.1363,35.19246],[139.13631,35.19319],[139.13635,35.19363],[139.13636,35.1938],[139.13638,35.19406],[139.13637,35.19424],[139.13614,35.19544],[139.13607,35.19563],[139.13576,35.19647],[139.1356,35.19695],[139.13556,35.19737],[139.13557,35.19753],[139.1356,35.19766],[139.13562,35.19775],[139.13566,35.19786],[139.13572,35.19802],[139.13591,35.19843],[139.13602,35.19863],[139.13665,35.19963],[139.13732,35.20059],[139.13771,35.20118],[139.13779,35.20129],[139.1381,35.20178],[139.13852,35.2024],[139.13923,35.20344],[139.13947,35.20386],[139.1396,35.20408],[139.13984,35.20442],[139.14004,35.20476],[139.14019,35.20503],[139.14031,35.20527],[139.14037,35.20544],[139.14048,35.20584],[139.14059,35.2063],[139.14068,35.20668],[139.14074,35.20715],[139.1408,35.20753],[139.14083,35.2078],[139.14085,35.20817],[139.14085,35.20892],[139.14082,35.20914],[139.14076,35.20941],[139.1407,35.2096],[139.14049,35.20999],[139.14033,35.21024],[139.14017,35.21046],[139.13976,35.21098],[139.13952,35.21132],[139.13905,35.21197],[139.13887,35.21249],[139.1387,35.21321],[139.13861,35.21348],[139.13856,35.21376],[139.13856,35.21405],[139.13865,35.21444],[139.13879,35.21476],[139.13899,35.21516],[139.13927,35.21567],[139.1395,35.2159],[139.13988,35.21622],[139.14043,35.21665],[139.14075,35.21696],[139.14116,35.21733],[139.14147,35.21772],[139.14165,35.21797],[139.14178,35.21826],[139.14186,35.21858],[139.14191,35.21902],[139.14192,35.21926],[139.14191,35.2195],[139.14187,35.21978],[139.14174,35.22021],[139.14148,35.22097],[139.14139,35.22124],[139.14138,35.22133],[139.14136,35.22138],[139.14133,35.22156],[139.14131,35.22163],[139.1413,35.2217],[139.14109,35.22254],[139.14074,35.22392],[139.14066,35.22413],[139.14062,35.22432],[139.14061,35.22455],[139.14061,35.2247],[139.14063,35.22495],[139.14066,35.22523],[139.14071,35.22549],[139.14079,35.22576],[139.14086,35.22603],[139.14101,35.22625],[139.1412,35.22652],[139.14138,35.22684],[139.1416,35.22724],[139.14175,35.22754],[139.14185,35.22779],[139.14189,35.22807],[139.14194,35.22877],[139.14198,35.22927],[139.14201,35.22974],[139.14209,35.23032],[139.14218,35.23103],[139.14221,35.2314],[139.14223,35.23169],[139.14224,35.23198],[139.14221,35.23279],[139.14218,35.23309],[139.14219,35.23352],[139.14223,35.23377],[139.14229,35.23401],[139.14248,35.23439],[139.14272,35.2347],[139.14296,35.23502],[139.14318,35.2353],[139.14345,35.23567],[139.14363,35.23595],[139.14379,35.23619],[139.14387,35.23631],[139.14395,35.23645],[139.14403,35.23658],[139.14409,35.23668],[139.14426,35.23703],[139.14442,35.23738],[139.14477,35.23817],[139.14512,35.23897],[139.14531,35.23942],[139.14558,35.24005],[139.1458,35.2406],[139.14599,35.24099],[139.1461,35.24122],[139.14625,35.2415],[139.14645,35.24186],[139.14672,35.24229],[139.14695,35.24267],[139.14725,35.24317],[139.14754,35.24365],[139.1478,35.24411],[139.14812,35.24467],[139.14837,35.24508],[139.14853,35.24535],[139.14884,35.2458],[139.14907,35.24615],[139.14915,35.24629],[139.1494,35.24666],[139.14962,35.24701],[139.14986,35.24738],[139.15046,35.24824],[139.15124,35.2495],[139.15183,35.25048],[139.15292,35.25206],[139.15332,35.25265],[139.15378,35.25328],[139.15489,35.25486],[139.155,35.25506],[139.15653,35.25717],[139.15665,35.25733],[139.1582,35.25929],[139.15849,35.25966],[139.15855,35.25972],[139.15868,35.25984],[139.15927,35.26042],[139.15959,35.26072],[139.15995,35.26108],[139.16043,35.26155],[139.16137,35.26246],[139.1617,35.26279],[139.16291,35.26397],[139.16316,35.2642],[139.16648,35.26745],[139.16664,35.2676],[139.16812,35.26904],[139.17104,35.27189],[139.17147,35.27231],[139.17236,35.27311],[139.17299,35.27358],[139.17341,35.27388],[139.17392,35.27418],[139.17449,35.27449],[139.17552,35.27488],[139.17636,35.2751],[139.17701,35.27521],[139.17786,35.27535],[139.17803,35.27538],[139.1782,35.27541],[139.17833,35.27543],[139.17941,35.2756],[139.182,35.27603],[139.18377,35.27632],[139.1841,35.27637],[139.18676,35.27681],[139.18741,35.27692],[139.1885,35.2771],[139.1987,35.27878],[139.19903,35.27882],[139.19913,35.27883],[139.20415,35.27966],[139.20432,35.27969],[139.20465,35.27974],[139.20487,35.27978],[139.20822,35.28033],[139.21078,35.28084],[139.21092,35.28084],[139.21123,35.28087],[139.21198,35.28094],[139.21271,35.28101],[139.2129,35.28106],[139.21701,35.28173],[139.21735,35.28179],[139.21792,35.28195],[139.21924,35.28248],[139.22346,35.28422],[139.22497,35.28508],[139.22611,35.28588],[139.22735,35.28675],[139.22933,35.28812],[139.23119,35.28943],[139.23252,35.29022],[139.23379,35.29082],[139.23494,35.29127],[139.23509,35.29132],[139.23515,35.29135],[139.23575,35.29159],[139.23714,35.29212],[139.23715,35.29212],[139.24136,35.29374],[139.2429,35.29434],[139.24373,35.29462],[139.24452,35.29486],[139.24682,35.29546],[139.24781,35.29575],[139.24906,35.29612],[139.25043,35.29652],[139.25177,35.29691],[139.25209,35.297],[139.25359,35.29741],[139.25429,35.29767],[139.2555,35.29817],[139.258,35.29917],[139.25948,35.29977],[139.25964,35.29983],[139.25979,35.29989],[139.26026,35.30007],[139.26065,35.30024],[139.2617,35.30065],[139.26288,35.30111],[139.26546,35.30214],[139.26733,35.30288],[139.26806,35.30318],[139.26954,35.30377],[139.27093,35.30428],[139.27144,35.30447],[139.27207,35.30467],[139.27259,35.3048],[139.27337,35.30497],[139.27439,35.30512],[139.27549,35.30527],[139.27674,35.30542],[139.27765,35.30554],[139.27863,35.30566],[139.27959,35.30578],[139.2811,35.30598],[139.28129,35.30601],[139.28273,35.30619],[139.2843,35.30638],[139.28459,35.30642],[139.28657,35.30666],[139.28824,35.30687],[139.28845,35.30689],[139.28869,35.30692],[139.28927,35.30699],[139.2918,35.30731],[139.29327,35.30748],[139.29502,35.3077],[139.29729,35.30797],[139.29936,35.30823],[139.30023,35.30833],[139.30158,35.3085],[139.30379,35.30878],[139.30612,35.30909],[139.30785,35.30932],[139.30872,35.30942],[139.30915,35.30949],[139.30964,35.30961],[139.31014,35.30977],[139.31057,35.30992],[139.31104,35.31013],[139.31131,35.31025],[139.31184,35.31055],[139.31347,35.31158],[139.31471,35.31237],[139.31644,35.31351],[139.31779,35.31438],[139.31866,35.31494],[139.31949,35.31548],[139.32066,35.31624],[139.32161,35.31685],[139.32248,35.3174],[139.32294,35.31769],[139.32407,35.31848],[139.32523,35.31926],[139.32594,35.31974],[139.32663,35.3202],[139.32683,35.32031],[139.3275,35.32063],[139.32962,35.32154],[139.33008,35.32174],[139.33084,35.32205],[139.33225,35.32264],[139.33399,35.32336],[139.33414,35.32342],[139.33463,35.32362],[139.33528,35.32389],[139.33744,35.32479],[139.33854,35.32526],[139.33919,35.32553],[139.3396,35.32566],[139.34058,35.32591],[139.34125,35.32601],[139.3424,35.32622],[139.34387,35.32649],[139.34599,35.32689],[139.34611,35.32691],[139.34724,35.32713],[139.35043,35.32769],[139.35076,35.32775],[139.35199,35.32798],[139.35337,35.32824],[139.35402,35.32841],[139.35462,35.32856],[139.35489,35.32862],[139.35588,35.32883],[139.35714,35.32905],[139.35849,35.32927],[139.35925,35.32941],[139.35983,35.32951],[139.36021,35.32958],[139.3616,35.32979],[139.36332,35.33005],[139.36387,35.33015],[139.3656,35.33045],[139.36747,35.33078],[139.36928,35.33109],[139.37085,35.33138],[139.37095,35.33139],[139.37152,35.33147],[139.37154,35.33147],[139.37181,35.3315],[139.37193,35.33152],[139.37231,35.33156],[139.37251,35.33158],[139.37272,35.3316],[139.37296,35.33161],[139.37314,35.33162],[139.37341,35.33162],[139.37371,35.3316],[139.37394,35.33159],[139.37436,35.33157],[139.37464,35.33155],[139.37489,35.33151],[139.37512,35.33149],[139.37533,35.33145],[139.37574,35.33138],[139.37614,35.33131],[139.37642,35.33127],[139.37678,35.33117],[139.37694,35.33112],[139.37738,35.33097],[139.37831,35.33065],[139.37952,35.33028],[139.38045,35.32999],[139.38166,35.32961],[139.38211,35.32949],[139.38269,35.32932],[139.38369,35.32902],[139.38467,35.32874],[139.38527,35.32863],[139.38585,35.32854],[139.38644,35.32846],[139.38744,35.32834],[139.38839,35.32823],[139.38848,35.32822],[139.38893,35.32815],[139.39124,35.32786],[139.39271,35.32769],[139.39447,35.32745],[139.39597,35.32726],[139.39642,35.32722],[139.39702,35.32724],[139.3977,35.32732],[139.39839,35.32743],[139.39972,35.32774],[139.40074,35.32806],[139.40165,35.32841],[139.40288,35.32885],[139.40418,35.3293],[139.40588,35.32989],[139.4064,35.33007],[139.40657,35.33013],[139.40696,35.33026],[139.4096,35.33122],[139.4113,35.33182],[139.41344,35.33263],[139.41634,35.3337],[139.41878,35.3346],[139.41969,35.33493],[139.42061,35.33527],[139.42138,35.33544],[139.4227,35.3356],[139.42461,35.33571],[139.42673,35.33582],[139.42883,35.33593],[139.43063,35.33602],[139.4311,35.33605],[139.43354,35.33616],[139.43621,35.33631],[139.43816,35.33642],[139.43946,35.33647],[139.44114,35.33657],[139.44162,35.33661],[139.44247,35.33665],[139.44332,35.3367],[139.44357,35.33672],[139.44401,35.33674],[139.44778,35.33695],[139.44906,35.33699],[139.45202,35.33712],[139.45519,35.33729],[139.45769,35.33741],[139.45789,35.33742],[139.46055,35.33755],[139.46335,35.3377],[139.46614,35.33784],[139.46895,35.33798],[139.46967,35.33801],[139.4729,35.33817],[139.47367,35.33821],[139.47692,35.33838],[139.48087,35.33855],[139.48319,35.33869],[139.48473,35.33876],[139.48604,35.33882],[139.4878,35.33889],[139.48811,35.3389],[139.48881,35.33886],[139.4892,35.33882],[139.48933,35.3388],[139.49023,35.33856],[139.49066,35.33845],[139.49165,35.33819],[139.49277,35.33789],[139.49392,35.33759],[139.49438,35.33746],[139.49534,35.33722],[139.4968,35.33682],[139.49714,35.33673],[139.49756,35.33661],[139.49775,35.33654],[139.49829,35.33638],[139.49908,35.3362],[139.50008,35.33599],[139.50121,35.33588],[139.50136,35.33587],[139.50186,35.33591],[139.50232,35.33596],[139.50282,35.33606],[139.5033,35.33616],[139.5037,35.33632],[139.50406,35.33645],[139.50425,35.33655],[139.5044,35.33661],[139.50537,35.33708],[139.50631,35.33759],[139.50922,35.33915],[139.51283,35.3411],[139.51367,35.34155],[139.5162,35.34291],[139.51647,35.34305],[139.51871,35.34427],[139.51922,35.34454],[139.51948,35.34468],[139.51972,35.3448],[139.51978,35.34483],[139.5217,35.34587],[139.52541,35.34786],[139.52597,35.34816],[139.52685,35.34864],[139.52773,35.34916],[139.52847,35.34964],[139.52896,35.34999],[139.52925,35.35026],[139.52967,35.35081],[139.53023,35.35183],[139.5306,35.35267],[139.53069,35.35289],[139.53115,35.35412],[139.53164,35.35542],[139.53173,35.35591],[139.53175,35.35627],[139.5317,35.35671],[139.53156,35.3571],[139.53133,35.35755],[139.53077,35.35829],[139.53002,35.35926],[139.52965,35.35979],[139.52938,35.36036],[139.52922,35.36091],[139.52918,35.36156],[139.52923,35.362],[139.52936,35.36266],[139.52959,35.36325],[139.52984,35.36386],[139.52995,35.36415],[139.53007,35.36445],[139.53021,35.36478],[139.53039,35.36545],[139.53043,35.36576],[139.53045,35.36602],[139.53045,35.3662],[139.5304,35.3665],[139.53025,35.36704],[139.53001,35.3679],[139.52971,35.36915],[139.52957,35.36993],[139.52952,35.37034],[139.52956,35.37072],[139.52971,35.37118],[139.52997,35.37173],[139.5306,35.37313],[139.53083,35.37354],[139.53113,35.37405],[139.5313,35.37438],[139.5316,35.37492],[139.53176,35.37521],[139.53199,35.3756],[139.5321,35.3758],[139.53296,35.37736],[139.53362,35.37875],[139.53406,35.37982],[139.5342,35.38026],[139.53433,35.3808],[139.53444,35.38134],[139.53458,35.38238],[139.53463,35.3828],[139.53476,35.38394],[139.535,35.38661],[139.53524,35.38921],[139.53545,35.39148],[139.53548,35.39179],[139.53564,35.39349],[139.53574,35.39447],[139.53572,35.39519],[139.53567,35.39597],[139.53552,35.39659],[139.53536,35.3971],[139.53511,35.39793],[139.53473,35.39908],[139.5347,35.39917],[139.53468,35.39926],[139.53458,35.39956],[139.53448,35.3999],[139.53433,35.40034],[139.5342,35.40076],[139.53392,35.4017],[139.53379,35.40252],[139.53372,35.40344],[139.53373,35.40375],[139.53383,35.40452],[139.5341,35.40639],[139.53433,35.40812],[139.5345,35.40907],[139.53459,35.40956],[139.53477,35.41002],[139.53499,35.41048],[139.53506,35.41059],[139.53534,35.4111],[139.53568,35.41168],[139.53605,35.41219],[139.53631,35.4124],[139.53684,35.41284],[139.53764,35.41339],[139.53807,35.41366],[139.53981,35.41476],[139.54026,35.415],[139.54331,35.41662],[139.54736,35.41875],[139.54953,35.41994],[139.5508,35.42055],[139.55186,35.42116],[139.55199,35.42123],[139.55262,35.42162],[139.55309,35.42193],[139.55369,35.42246],[139.55407,35.42283],[139.55441,35.42323],[139.55485,35.42384],[139.55507,35.42425],[139.55531,35.42482],[139.55621,35.42668],[139.55665,35.42762],[139.55684,35.4284],[139.55686,35.42859],[139.55687,35.42874],[139.55688,35.4289],[139.55688,35.42926],[139.55689,35.42942],[139.5569,35.4302],[139.5569,35.43039],[139.55689,35.43049],[139.5569,35.43158],[139.55708,35.43256],[139.55741,35.4335],[139.55786,35.43431],[139.55821,35.43477],[139.55943,35.43612],[139.5598,35.43659],[139.56012,35.43693],[139.56128,35.4382],[139.56187,35.43878],[139.56211,35.43901],[139.56242,35.43921],[139.56587,35.44101],[139.5693,35.44266],[139.56987,35.44295],[139.57451,35.44528],[139.57557,35.44582],[139.57668,35.4464],[139.57746,35.44673],[139.57852,35.44695],[139.57961,35.44699],[139.58346,35.44648],[139.58824,35.44579],[139.58853,35.44576],[139.59115,35.44536],[139.59281,35.44516],[139.595,35.44485],[139.59605,35.44483],[139.59692,35.44498],[139.59724,35.44507],[139.59752,35.44516],[139.59787,35.44531],[139.59825,35.44551],[139.59856,35.44565],[139.59884,35.4458],[139.59907,35.44598],[139.60167,35.44846],[139.60286,35.4496],[139.6033,35.45],[139.60425,35.45071],[139.60473,35.45099],[139.60516,35.45124],[139.60766,35.45264],[139.6096,35.45374],[139.61092,35.45444],[139.61129,35.45462],[139.61213,35.45515],[139.61298,35.45587],[139.61374,35.45657],[139.61479,35.45771],[139.6159,35.45893],[139.61752,35.46068],[139.61829,35.46153],[139.61841,35.46164],[139.61986,35.46325],[139.6201,35.46352],[139.62055,35.46401],[139.62073,35.46421],[139.62133,35.46475],[139.62179,35.46533],[139.6232,35.46692],[139.62344,35.46719],[139.62387,35.46769],[139.62503,35.46906],[139.62567,35.46976],[139.62678,35.47108],[139.62775,35.47223],[139.62845,35.47305],[139.6292,35.47388],[139.62991,35.47466],[139.63046,35.47525],[139.63159,35.47647],[139.63223,35.477164],[139.633749,35.478809],[139.63436,35.47947],[139.63575,35.48097],[139.63585,35.48107],[139.63602,35.48124],[139.63682,35.48201],[139.63715,35.48229],[139.63795,35.48274],[139.63834,35.48294],[139.6389,35.48317],[139.63932,35.4833],[139.64035,35.48362],[139.64234,35.48424],[139.64317,35.48449],[139.64342,35.48457],[139.64416,35.48479],[139.64493,35.48501],[139.64524,35.48509],[139.64568,35.48515],[139.6462,35.48521],[139.647,35.48532],[139.64798,35.48544],[139.64819,35.48546],[139.64874,35.48548],[139.64913,35.48549],[139.64927,35.4855],[139.6497,35.48552],[139.65009,35.48554],[139.65049,35.48558],[139.65129,35.48574],[139.65188,35.48589],[139.65226,35.48603],[139.65288,35.48624],[139.65298,35.48629],[139.6533,35.48643],[139.65388,35.48669],[139.6544,35.48695],[139.65491,35.48726],[139.65507,35.48734],[139.65574,35.48771],[139.65625,35.488],[139.65687,35.48835],[139.65828,35.48908],[139.65856,35.48924],[139.65986,35.48994],[139.66044,35.49029],[139.66096,35.49065],[139.66112,35.49077],[139.6617,35.49127],[139.66204,35.49158],[139.66254,35.4921],[139.66322,35.49289],[139.66353,35.49326],[139.66364,35.49327],[139.66376,35.4933],[139.66393,35.49338],[139.66408,35.49346],[139.66429,35.49359],[139.66463,35.4939],[139.66503,35.49427],[139.66573,35.49485],[139.66723,35.49607],[139.66764,35.49643],[139.66768,35.49647],[139.66801,35.49674],[139.67193,35.50002],[139.6724,35.50041],[139.67291,35.50082],[139.67347,35.5014],[139.67385,35.50182],[139.67449,35.50265],[139.6749,35.50326],[139.67512,35.50387],[139.6754,35.5049],[139.67578,35.50637],[139.676,35.5074],[139.67609,35.50779],[139.67645,35.50939],[139.67649,35.50958],[139.67692,35.5113],[139.67699,35.5116],[139.6771,35.51197],[139.67748,35.51275],[139.67785,35.51353],[139.67827,35.51432],[139.67837,35.51448],[139.67896,35.51545],[139.67932,35.51603],[139.6795,35.51629],[139.67971,35.51653],[139.68009,35.51696],[139.68049,35.51734],[139.68155,35.51829],[139.68256,35.51925],[139.68324,35.51982],[139.68404,35.52049],[139.6848,35.52113],[139.68565,35.52186],[139.68636,35.52248],[139.6872,35.52314],[139.68791,35.52375],[139.68827,35.52406],[139.68956,35.52513],[139.69077,35.52612],[139.69199,35.52715],[139.69246,35.52757],[139.69284,35.52791],[139.693,35.52806],[139.69315,35.52819],[139.69331,35.52834],[139.69357,35.52857],[139.69446,35.52935],[139.69564,35.53038],[139.6958,35.53052],[139.69604,35.53073],[139.69758,35.532],[139.69819,35.53248],[139.69869,35.53285],[139.69939,35.53336],[139.69942,35.53338],[139.69988,35.53374],[139.7007,35.5344],[139.70121,35.53481],[139.7016,35.53518],[139.70182,35.53535],[139.70212,35.53557],[139.70228,35.53573],[139.70257,35.53603],[139.70314,35.53671],[139.70351,35.53714],[139.70539,35.53936],[139.7065,35.54069],[139.70714,35.5415],[139.7076,35.54219],[139.70789,35.54264],[139.708,35.54286],[139.70812,35.54324],[139.70837,35.54412],[139.70869,35.54488],[139.7091,35.54584],[139.70999,35.54801],[139.71116,35.55076],[139.71225,35.55341],[139.71325,35.55588],[139.71445,35.55872],[139.71482,35.55959],[139.71569,35.56162],[139.71637,35.56335],[139.71697,35.56482],[139.71713,35.56518],[139.71934,35.57035],[139.72038,35.57282],[139.72075,35.5737],[139.72127,35.57495],[139.72136,35.57514],[139.7225,35.57789],[139.72347,35.58018],[139.72472,35.58323],[139.72492,35.58368],[139.72505,35.58398],[139.72531,35.58446],[139.7256,35.58496],[139.72616,35.58584],[139.72664,35.58658],[139.7277,35.58823],[139.72802,35.58872],[139.7286,35.5896],[139.72938,35.59082],[139.7303,35.59225],[139.73043,35.59245],[139.73108,35.59346],[139.7324,35.59552],[139.7325,35.59567],[139.73275,35.59606],[139.73315,35.59666],[139.73346,35.59724],[139.73365,35.5977],[139.7337,35.59782],[139.73377,35.598],[139.73389,35.59833],[139.73408,35.59943],[139.7342,35.60027],[139.73445,35.60219],[139.73491,35.6059],[139.73506,35.60759],[139.73507,35.60772],[139.73566,35.61202],[139.736,35.61428],[139.73604,35.61453],[139.73606,35.61469],[139.73632,35.61564],[139.73648,35.61626],[139.73701,35.61827],[139.7374,35.61956],[139.73762,35.62049],[139.73764,35.6206],[139.73812,35.6226],[139.73824,35.62318],[139.73829,35.6234],[139.73855,35.62452],[139.73855,35.62455],[139.73866,35.62501],[139.73881,35.62549],[139.73892,35.62589],[139.73903,35.6265],[139.7391,35.62713],[139.73898,35.62986],[139.73904959,35.63030647],[139.73957783,35.63159138],[139.73997758,35.6327478],[139.74087702,35.63486076],[139.74162252,35.63667994],[139.74207627,35.6376019],[139.74285197,35.63995757],[139.74310895,35.64109019],[139.74320413,35.64161367],[139.74327551,35.64212764],[139.74330883,35.64250835],[139.74348967,35.6429081],[139.74376,35.64332],[139.74418,35.64373],[139.74504,35.64431],[139.74677,35.64528],[139.74697,35.64537],[139.74824,35.64611],[139.75153,35.64766],[139.75294,35.64834],[139.75371,35.64888],[139.7547,35.64968],[139.75514,35.65021],[139.75551,35.65073],[139.75609,35.65196],[139.75642,35.6527],[139.75666,35.65357],[139.75697,35.65468],[139.75728,35.65614],[139.75734,35.65638],[139.75745,35.65678],[139.75817,35.65958],[139.75824,35.65987],[139.75847,35.66084],[139.75857,35.66147],[139.7586,35.66209],[139.7586,35.66291],[139.75842,35.66432],[139.75826,35.66558],[139.75814,35.6672],[139.75817,35.66821],[139.7582,35.66841],[139.75826,35.66863],[139.75836,35.66886],[139.75851,35.66913],[139.75899,35.66991],[139.7598,35.67143],[139.75991,35.67163],[139.76034,35.67244],[139.76054,35.67274],[139.76074,35.67299],[139.76116,35.67336],[139.7616,35.67372],[139.76206,35.6741],[139.76254,35.67448],[139.76398,35.6756],[139.76444,35.67597],[139.76471,35.67626],[139.76499,35.67662],[139.76523,35.67711],[139.76552,35.6778],[139.76621,35.67965],[139.76716,35.68228],[139.76764,35.68359],[139.76849,35.68586],[139.76933,35.6881],[139.77054,35.69096],[139.77121,35.69258],[139.77159,35.69345],[139.77185,35.69403],[139.77229,35.69494],[139.77268,35.69586],[139.7728,35.69635],[139.77309,35.69725],[139.77313,35.69743],[139.77335,35.69872],[139.77346,35.69952],[139.77371,35.70156],[139.77375,35.70167],[139.77386,35.70199],[139.77413,35.70261],[139.77422,35.70296],[139.77458,35.70496],[139.77482,35.70608],[139.77494,35.70689],[139.77517,35.70827],[139.77518,35.70886],[139.77503,35.70992],[139.77496,35.71049],[139.775,35.71091],[139.77513,35.71135],[139.77524,35.71164],[139.77531,35.71175],[139.77542,35.71192],[139.77573,35.71239],[139.77664,35.71439],[139.77764,35.71551],[139.77847,35.71646],[139.77936,35.71756],[139.77962,35.71797],[139.7797,35.71829],[139.77976,35.71871],[139.77972,35.71905],[139.77958,35.71951],[139.77936,35.71998],[139.77916,35.72034],[139.77865,35.72085],[139.77741,35.72206],[139.77564,35.7237],[139.77543,35.72391],[139.77509,35.72423],[139.77477,35.72454],[139.77399,35.72524],[139.77347,35.72566],[139.77309,35.72595],[139.77274,35.7262],[139.77227,35.72647],[139.77188,35.72667],[139.77145,35.72691],[139.7712,35.7271],[139.77093,35.7273],[139.77037,35.7278],[139.77016,35.72798],[139.77015,35.72799],[139.76956,35.72853],[139.76898,35.72917],[139.76818,35.73012],[139.76744,35.73108],[139.76729,35.73127],[139.76675,35.73213],[139.76656,35.73241],[139.76626,35.73289],[139.76619,35.73301],[139.76602,35.7332],[139.76551,35.73384],[139.76514,35.73426],[139.76477,35.73462],[139.76439,35.73497],[139.76419,35.73515],[139.76342,35.73584],[139.76257,35.73661],[139.76248,35.73669],[139.76067,35.73826],[139.76023,35.73863],[139.76009,35.73875],[139.75992,35.7389],[139.759,35.73967],[139.7585,35.74006],[139.75791,35.74047],[139.75658,35.74131],[139.75522,35.74217],[139.75487,35.74238],[139.75467,35.74251],[139.75461,35.74255],[139.75415,35.74282],[139.75371,35.74304],[139.75264,35.74354],[139.75165,35.74401],[139.75067,35.7445],[139.75007,35.74483],[139.74934,35.74526],[139.74865,35.74574],[139.74827,35.74593],[139.74755,35.74627],[139.74711,35.74645],[139.74677,35.74662],[139.74666,35.74668],[139.74614,35.74696],[139.74475,35.74773],[139.74392,35.74815],[139.74297,35.74859],[139.7422,35.74894],[139.74196,35.74906],[139.74178,35.74921],[139.74143,35.74954],[139.74096,35.75002],[139.7408,35.75018],[139.74037,35.75057],[139.73983,35.75094],[139.73928,35.75135],[139.73891,35.75163],[139.73751,35.75302],[139.73736,35.75323],[139.73685,35.75388],[139.73639,35.75454],[139.73595,35.75511],[139.73537,35.75589],[139.73471,35.75684],[139.73426,35.75746],[139.73401,35.75781],[139.73378,35.75803],[139.73349,35.75828],[139.73325,35.75844],[139.73276,35.75886],[139.73236,35.75918],[139.73186,35.75955],[139.73119,35.76001],[139.73053,35.76049],[139.73,35.76086],[139.72963,35.76113],[139.72906,35.76152],[139.72829,35.76207],[139.72786,35.76246],[139.72748,35.76284],[139.72684,35.76366],[139.72663,35.76395],[139.72603,35.76487],[139.72539,35.76602],[139.725,35.76677],[139.72442,35.76774],[139.72383,35.7688],[139.72342,35.76952],[139.72308,35.7701],[139.72272,35.77076],[139.72239,35.7715],[139.72228,35.77192],[139.72228,35.77219],[139.72234,35.77265],[139.72232,35.77299],[139.72228,35.77366],[139.72226,35.77443],[139.72222,35.77501],[139.72215,35.7757],[139.72203,35.77612],[139.72187,35.7765],[139.72173,35.77679],[139.72158,35.77707],[139.72135,35.77748],[139.72111,35.77783],[139.72072,35.77833],[139.72046,35.77867],[139.72015,35.77916],[139.71978,35.77977],[139.71947,35.78026],[139.71919,35.78075],[139.71895,35.78125],[139.7187,35.78175],[139.71817,35.78277],[139.71791,35.78334],[139.71763,35.784],[139.71743,35.78445],[139.71723,35.78499],[139.71711,35.7854],[139.71701,35.78585],[139.71699,35.78615],[139.71699,35.78622],[139.71701,35.78653],[139.71702,35.7866],[139.71708,35.78719],[139.71709,35.78734],[139.7172,35.78835],[139.71721,35.78851],[139.71758,35.79191],[139.71789,35.79469],[139.71794,35.7951],[139.71799,35.79618],[139.718,35.79624],[139.71805,35.79654],[139.71828,35.79804],[139.71833,35.79849],[139.71832,35.799],[139.71824,35.79971],[139.71817,35.80016],[139.7181,35.80041],[139.71793,35.80093],[139.71788,35.80104],[139.71758,35.80169],[139.71735,35.80207],[139.71716,35.80237],[139.71698,35.80267],[139.71659,35.80313],[139.71633,35.80347],[139.71588,35.80393],[139.71504,35.80476],[139.71464,35.80519],[139.71366,35.80612],[139.7119,35.80787],[139.71178,35.80799],[139.71016,35.8096],[139.70934,35.81042],[139.70849,35.81127],[139.70769,35.81208],[139.70685,35.81297],[139.70497,35.8149],[139.70375,35.81613],[139.70272,35.81714],[139.70227,35.81759],[139.7014,35.81847],[139.7005,35.81936],[139.6998,35.82007],[139.69933,35.8205],[139.69911,35.82071],[139.69895,35.82083],[139.6982,35.8214],[139.69735,35.82202],[139.69653,35.8226],[139.69564,35.82325],[139.69481,35.82385],[139.69402,35.82445],[139.69356,35.82481],[139.69307,35.82525],[139.69254,35.82577],[139.69191,35.82643],[139.69116,35.82721],[139.68967,35.82865],[139.6893,35.82901],[139.68769,35.83059],[139.68621,35.83199],[139.68489,35.83334],[139.68335,35.8349],[139.68233,35.83594],[139.68166,35.83655],[139.68073,35.83737],[139.68004,35.83803],[139.67899,35.83905],[139.67817,35.83984],[139.67815,35.83985],[139.67728,35.84067],[139.67641,35.84149],[139.67593,35.84193],[139.67552,35.84232],[139.67518,35.84262],[139.67326,35.84424],[139.67228,35.84508],[139.67092,35.84623],[139.67064,35.84647],[139.66987094,35.84723657],[139.66963,35.84745],[139.6676,35.84922],[139.66701,35.84974],[139.66635,35.85033],[139.66555,35.85101],[139.66512,35.85139],[139.66483,35.8516],[139.66454,35.8518],[139.66391,35.85222],[139.66356,35.85245],[139.66322,35.85267],[139.662,35.85358],[139.66174,35.85376],[139.66043,35.85475],[139.65945,35.85555],[139.65917,35.85581],[139.6588,35.85624],[139.65845,35.85665],[139.6581,35.85709],[139.6579,35.85736],[139.65775,35.8576],[139.65763,35.85777],[139.65666,35.85936],[139.65617,35.86017],[139.65575,35.86084],[139.65551,35.86123],[139.65532,35.86155],[139.65487,35.86222],[139.65392,35.86365],[139.65336,35.86448],[139.65267,35.8655],[139.65231,35.86603],[139.65214,35.86629],[139.65188,35.86664],[139.65158,35.86691],[139.65116,35.86734],[139.65072,35.86775],[139.65002,35.8684],[139.64947,35.86888],[139.64852,35.86971],[139.64652,35.8715],[139.64498,35.8729],[139.64423,35.87356],[139.64371,35.87409],[139.64327,35.87463],[139.64307,35.87494],[139.64286,35.8753],[139.64263,35.87575],[139.64247,35.87611],[139.64201,35.87714],[139.64167,35.87801],[139.64108,35.87941],[139.64068,35.88036],[139.64005,35.88185],[139.63971,35.88269],[139.63934,35.88361],[139.63864,35.88514],[139.63847,35.88546],[139.63805,35.88623],[139.63757,35.88706],[139.63745,35.88731],[139.63713,35.88809],[139.63679,35.88883],[139.63652,35.88937],[139.63618,35.89002],[139.63591,35.89049],[139.63546,35.89128],[139.63516,35.89175],[139.63472,35.89241],[139.63308,35.89478],[139.63259,35.89546],[139.63177,35.89646],[139.63143,35.89683],[139.63143,35.89684],[139.63094,35.89732],[139.63063,35.89766],[139.63006,35.8982],[139.62883,35.8993],[139.62814,35.89993],[139.62785,35.9002],[139.62768,35.90037],[139.62711,35.90105],[139.62668,35.90163],[139.62601,35.90273],[139.62577,35.90318],[139.62535,35.90402],[139.62491,35.90505],[139.62383,35.90782],[139.62362,35.90835],[139.62308,35.90968],[139.62287,35.91022],[139.62256,35.91137],[139.62243,35.91208],[139.62232,35.91235],[139.62203,35.91316],[139.62177,35.91371],[139.62094,35.91586],[139.6204,35.91713],[139.61996,35.91824],[139.61943,35.91965],[139.61937,35.91987],[139.61931,35.92005],[139.61839,35.92244],[139.61752,35.92474],[139.61751,35.92479],[139.61743,35.92502],[139.61734,35.92525],[139.61694,35.92626],[139.6166,35.92753],[139.61636,35.92829],[139.61609,35.92882],[139.61555,35.92982],[139.61474,35.93093],[139.6141,35.93178],[139.61309,35.93299],[139.6123,35.93393],[139.61104,35.93542],[139.61082,35.93573],[139.61067,35.93596],[139.61048,35.93633],[139.61033,35.93668],[139.61023,35.93711],[139.60988,35.9387],[139.60984,35.93886],[139.60973,35.93938],[139.60931,35.94168],[139.60916,35.94227],[139.60895,35.94304],[139.60868,35.94374],[139.60859,35.94396],[139.60835,35.94446],[139.60804,35.945],[139.60788,35.94527],[139.60698,35.94634],[139.60534,35.94833],[139.60429,35.9496],[139.60326,35.95085],[139.60246,35.95179],[139.60222,35.9521],[139.60196,35.95247],[139.60158,35.95319],[139.60116,35.95415],[139.60106,35.95436],[139.60065,35.95534],[139.59968,35.95767],[139.59922,35.95878],[139.59823,35.96114],[139.59798,35.96172],[139.59754,35.96259],[139.59721,35.96315],[139.59677,35.96376],[139.59591,35.96474],[139.59475,35.96614],[139.59246,35.96875],[139.59244,35.96878],[139.59168,35.96969],[139.58981,35.97185],[139.58781,35.97419],[139.58593,35.97641],[139.58529,35.97714],[139.58493,35.97752],[139.58451,35.97798],[139.58354,35.97895],[139.58336,35.97914],[139.58282,35.97969],[139.5816,35.98096],[139.57998,35.98266],[139.57863,35.98405],[139.57652,35.98625],[139.57555,35.98726],[139.57522,35.9876],[139.57366,35.98923],[139.5719,35.99102],[139.5704,35.9926],[139.56973,35.99325],[139.56863,35.99428],[139.56819,35.99469],[139.56815,35.99473],[139.56767,35.99517],[139.56675,35.99607],[139.56575,35.99699],[139.56515,35.99758],[139.56328,35.99929],[139.56094,36.00151],[139.55919,36.00319],[139.5586,36.00376],[139.55836,36.00396],[139.55821,36.00411],[139.55804,36.00427],[139.55786,36.00443],[139.55754,36.00472],[139.55657,36.00561],[139.55643,36.00574],[139.55627,36.00589],[139.55596,36.00618],[139.55566,36.00645],[139.5555,36.0066],[139.55533,36.00675],[139.5549,36.00715],[139.55451,36.00751],[139.55413,36.00785],[139.55404,36.00794],[139.55374,36.00822],[139.55359,36.00836],[139.55346,36.00848],[139.55317,36.00875],[139.55268,36.0092],[139.55191,36.00992],[139.55164,36.01019],[139.55084,36.01094],[139.54943,36.01228],[139.54943,36.01229],[139.54886,36.01282],[139.54849,36.0132],[139.54795,36.01385],[139.54734,36.01461],[139.54706,36.01493],[139.547,36.01501],[139.54551,36.01683],[139.54512,36.0173],[139.54422,36.0184],[139.5441,36.01853],[139.54309,36.01979],[139.54227,36.02081],[139.54142,36.02186],[139.54094,36.02244],[139.54067,36.02277],[139.54007,36.02349],[139.53985,36.02377],[139.53968,36.02396],[139.5395,36.02419],[139.53864,36.0252],[139.53791,36.02605],[139.53643,36.0278],[139.53588,36.02846],[139.53572,36.02869],[139.5356,36.02886],[139.53549,36.02901],[139.53495,36.02981],[139.53485,36.02997],[139.53461,36.03035],[139.53448,36.03059],[139.53313,36.03292],[139.53261,36.03377],[139.5319,36.03483],[139.53178,36.03501],[139.53169,36.03516],[139.53126,36.0358],[139.53088,36.03629],[139.5305,36.03673],[139.52942,36.03785],[139.52906,36.03822],[139.52859,36.03872],[139.52826,36.03909],[139.52752,36.03988],[139.5271,36.0403],[139.52668,36.04075],[139.52629,36.04115],[139.52606,36.0414],[139.52455,36.04301],[139.5243,36.04325],[139.52412,36.04345],[139.52369,36.04391],[139.5236,36.04399],[139.52319,36.04443],[139.52303,36.0446],[139.52274,36.04489],[139.52182,36.04584],[139.52146,36.0462],[139.52126,36.04641],[139.52114,36.04654],[139.52103,36.04664],[139.52092,36.04677],[139.52074,36.04694],[139.52066,36.04702],[139.52055,36.04714],[139.52044,36.04725],[139.5203,36.0474],[139.52005,36.04764],[139.51975,36.04794],[139.51957,36.04812],[139.51923,36.04847],[139.51913,36.04856],[139.51877,36.04893],[139.51811,36.0496],[139.51743,36.05027],[139.51691,36.0508],[139.51677,36.05094],[139.51648,36.05124],[139.5163,36.05142],[139.51626,36.05146],[139.51592,36.0518],[139.51571,36.05201],[139.51553,36.0522],[139.51453,36.0532],[139.51307,36.05471],[139.51262,36.05524],[139.51256,36.05533],[139.51211,36.05588],[139.51197,36.05605],[139.51183,36.05623],[139.51174,36.05636],[139.51152,36.05663],[139.51136,36.05685],[139.51128,36.05695],[139.51115,36.05714],[139.511,36.05734],[139.51091,36.05746],[139.51084,36.05756],[139.51077,36.05763],[139.5084,36.06085],[139.50722,36.06248],[139.50556,36.06475],[139.50434,36.0664],[139.50401,36.06685],[139.50374,36.06722],[139.50357,36.06747],[139.50353,36.06752],[139.50344,36.06764],[139.50327,36.06784],[139.50312,36.06799],[139.50306,36.06804],[139.50284,36.06823],[139.50262,36.0684],[139.50252,36.06847],[139.50223,36.06868],[139.50183,36.06895],[139.50015,36.06996],[139.50004,36.07001],[139.49984,36.07014],[139.49887,36.0707],[139.49826,36.07107],[139.49782,36.07133],[139.49678,36.07195],[139.49659,36.07207],[139.49616,36.0723],[139.49557,36.07263],[139.49499,36.07296],[139.49432,36.07335],[139.49359,36.07378],[139.4926,36.07436],[139.49206,36.07468],[139.4909,36.07536],[139.48949,36.07619],[139.48878,36.07661],[139.48804,36.07704],[139.48777,36.07721],[139.4875,36.07737],[139.48702,36.07764],[139.48656,36.07787],[139.48604,36.07814],[139.48562,36.07833],[139.48483,36.0787],[139.48453,36.07884],[139.48407,36.07905],[139.48355,36.07933],[139.48333,36.07946],[139.483,36.07967],[139.48278,36.07982],[139.48242,36.0801],[139.48189,36.08055],[139.48121,36.08123],[139.48053,36.08189],[139.48033,36.08211],[139.4801,36.08232],[139.47957,36.08286],[139.47944,36.08299],[139.47935,36.08307],[139.47894,36.08349],[139.47861,36.08382],[139.47804,36.08439],[139.47784,36.08459],[139.47607,36.0864],[139.47596,36.08651],[139.47551,36.08694],[139.47487,36.0875],[139.47425,36.08798],[139.47412,36.08806],[139.47385,36.0882],[139.47284,36.08873],[139.47142,36.08944],[139.47058,36.08987],[139.46846,36.09092],[139.46812,36.09109],[139.46702,36.09165],[139.46628,36.09207],[139.46609,36.09224],[139.46576,36.09263],[139.46488,36.09373],[139.46356,36.09546],[139.46306,36.0961],[139.46274,36.09651],[139.46203,36.09743],[139.46084,36.09897],[139.4604,36.09953],[139.46021,36.09975],[139.45997,36.10003],[139.45942,36.1004],[139.45887,36.10068],[139.45858,36.10081],[139.45776,36.10116],[139.45533,36.10217],[139.4547,36.10243],[139.45382,36.10279],[139.45273,36.10325],[139.45188,36.10361],[139.45186,36.10362],[139.45114,36.10393],[139.44945,36.10453],[139.44887,36.10466],[139.44778,36.10485],[139.44444,36.10527],[139.44306,36.10546],[139.44192,36.10566],[139.44142,36.1058],[139.4412,36.10585],[139.44096,36.10593],[139.44071,36.10601],[139.44047,36.10612],[139.43985,36.10644],[139.43932,36.1068],[139.43884,36.10718],[139.43766,36.10833],[139.4364,36.10959],[139.43496,36.11103],[139.43395,36.11202],[139.43363,36.11234],[139.43322,36.11275],[139.43248,36.11348],[139.43171,36.11426],[139.43095,36.11504],[139.43084,36.11515],[139.42931,36.11671],[139.42913,36.11685],[139.42872,36.11716],[139.42774,36.11781],[139.42699,36.11831],[139.42639,36.11871],[139.42535,36.11938],[139.42383,36.12037],[139.42375,36.12042],[139.42187,36.12163],[139.42131,36.12198],[139.42094,36.12221],[139.42007,36.12266],[139.41738,36.12392],[139.4157,36.12471],[139.41265,36.12617],[139.4099,36.12747],[139.40782,36.12847],[139.40781,36.12847],[139.40666,36.12904],[139.40622,36.1293],[139.40573,36.12964],[139.40506,36.13013],[139.40373,36.13113],[139.40228,36.13225],[139.40106,36.13315],[139.39992,36.13404],[139.39975,36.13417],[139.39947,36.13438],[139.39831,36.13526],[139.39646,36.13664],[139.39547,36.13734],[139.39526,36.13751],[139.39463,36.13796],[139.39422,36.13819],[139.39378,36.1384],[139.39274,36.13881],[139.39057,36.1396],[139.38928,36.14002],[139.38792,36.14055],[139.38547,36.14149],[139.38422,36.14197],[139.38176,36.14293],[139.37866,36.1441],[139.37816,36.14431],[139.3779,36.14445],[139.37759,36.14469],[139.37613,36.14609],[139.37528,36.14689],[139.37387,36.14824],[139.37381,36.14829],[139.37274,36.14927],[139.37179,36.15015],[139.3715,36.15036],[139.37116,36.15068],[139.37054,36.15125],[139.36961,36.15212],[139.36911,36.15261],[139.36844,36.15321],[139.36754,36.15405],[139.36679,36.15465],[139.36598,36.15527],[139.36541,36.15567],[139.36504,36.15588],[139.36479,36.15607],[139.36369,36.15679],[139.3629,36.15726],[139.36151,36.15806],[139.36017,36.15878],[139.35983,36.15896],[139.35954,36.15911],[139.35725,36.16034],[139.35515,36.16148],[139.35391,36.16215],[139.35262,36.16284],[139.3514,36.16349],[139.35017,36.16413],[139.34881,36.16482],[139.34792,36.16522],[139.34721,36.16551],[139.34636,36.16596],[139.34525,36.16656],[139.34344,36.16755],[139.34246,36.16808],[139.34151,36.16861],[139.34086,36.16896],[139.34015,36.16938],[139.33939,36.16983],[139.339,36.17003],[139.33801,36.17057],[139.33625,36.17152],[139.33491,36.17225],[139.33364,36.17292],[139.33325,36.17312],[139.332,36.17369],[139.32852,36.17515],[139.3277,36.17548],[139.32714,36.17572],[139.32615,36.17613],[139.32558,36.17638],[139.32536,36.17647],[139.32311,36.1774],[139.32245,36.17769],[139.32055,36.17848],[139.31856,36.17932],[139.31719,36.17989],[139.31673,36.18009],[139.31538,36.18066],[139.31447,36.18105],[139.31272,36.18177],[139.312,36.18208],[139.31011,36.18288],[139.30952,36.18312],[139.30758,36.18393],[139.30707,36.18416],[139.30689,36.18423],[139.30616,36.18452],[139.30448,36.18524],[139.30415,36.18538],[139.30336,36.18567],[139.30283,36.18589],[139.30202,36.18614],[139.30112,36.18639],[139.29906,36.18691],[139.29844,36.18706],[139.29661,36.18752],[139.29597,36.18768],[139.29473,36.188],[139.29269,36.18851],[139.29166,36.18877],[139.28983,36.18923],[139.28886,36.18946],[139.2872,36.18989],[139.28654,36.19005],[139.28602,36.19018],[139.28575,36.19025],[139.28476,36.1905],[139.28423,36.19062],[139.28287,36.19097],[139.27982,36.19172],[139.27952,36.19181],[139.27816,36.19215],[139.27755,36.19231],[139.27671,36.19253],[139.27668,36.19254],[139.27528,36.19289],[139.27474,36.19304],[139.27386,36.19328],[139.27271,36.19361],[139.27239,36.1937],[139.27209,36.19379],[139.27174,36.19388],[139.27114,36.19402],[139.2708,36.1941],[139.27017,36.1942],[139.26937,36.19429],[139.2686,36.19438],[139.26778,36.19444],[139.26708,36.1945],[139.26627,36.19455],[139.26598,36.19457],[139.26567,36.1946],[139.2649,36.19469],[139.26424,36.19476],[139.2635,36.19485],[139.26267,36.19499],[139.2621,36.19511],[139.26151,36.19527],[139.26111,36.19538],[139.26076,36.1955],[139.2603,36.19564],[139.26014,36.19571],[139.25996,36.19578],[139.25969,36.1959],[139.25918,36.19612],[139.25712,36.19704],[139.2557,36.19767],[139.2552,36.19789],[139.25322,36.19877],[139.25234,36.19917],[139.25064,36.19991],[139.24958,36.20039],[139.24828,36.20099],[139.24782,36.20121],[139.24679,36.20172],[139.24614,36.20202],[139.24509,36.20247],[139.24421,36.20284],[139.2431,36.20331],[139.24203,36.20377],[139.24121,36.20413],[139.24043,36.20446],[139.23964,36.20479],[139.23926,36.20496],[139.23773,36.20562],[139.2368,36.20603],[139.23572,36.20652],[139.23487,36.20691],[139.2343,36.20717],[139.23394,36.20734],[139.23274,36.20792],[139.2321,36.20822],[139.23167,36.20843],[139.23143,36.20856],[139.23106,36.20875],[139.23062,36.20901],[139.23019,36.20927],[139.22949,36.20973],[139.22859,36.21035],[139.22803,36.21073],[139.22713,36.21139],[139.22634,36.21191],[139.22551,36.21245],[139.22541,36.21251],[139.22488,36.21285],[139.22386,36.21349],[139.22323,36.21389],[139.22277,36.21416],[139.22242,36.21433],[139.22213,36.21447],[139.22189,36.21458],[139.22169,36.21466],[139.22115,36.21487],[139.22032,36.21516],[139.21963,36.2154],[139.2191,36.21558],[139.21806,36.21596],[139.21704,36.21631],[139.21573,36.21678],[139.21547,36.21688],[139.21482,36.21711],[139.21349,36.2176],[139.21308,36.21775],[139.21264,36.21793],[139.21245,36.21801],[139.21229,36.2181],[139.21207,36.21821],[139.21188,36.21831],[139.21162,36.21845],[139.2115,36.21852],[139.21125,36.2187],[139.21101,36.21887],[139.21069,36.21913],[139.21053,36.21926],[139.21025,36.2195],[139.20984,36.21987],[139.20932,36.22034],[139.20906,36.2206],[139.20828,36.2213],[139.20797,36.22158],[139.20734,36.22214],[139.20638,36.22299],[139.2056,36.2237],[139.20476,36.22446],[139.20418,36.22499],[139.20353,36.22557],[139.20285,36.22619],[139.20197,36.22696],[139.20036,36.22842],[139.20016,36.2286],[139.19914,36.2295],[139.19842,36.23015],[139.19819,36.23035],[139.19725,36.2312],[139.19654,36.23185],[139.19586,36.23246],[139.19515,36.23303],[139.1946,36.23342],[139.19368,36.23384],[139.19237,36.23443],[139.19189,36.23464],[139.19044,36.23527],[139.18975,36.23558],[139.18796,36.23638],[139.18652,36.23702],[139.18582,36.23733],[139.1853,36.23756],[139.18488,36.23774],[139.18379,36.23823],[139.18234,36.23887],[139.18137,36.23931],[139.18022,36.23981],[139.17882,36.24044],[139.17745,36.24104],[139.17669,36.24138],[139.17557,36.24189],[139.175,36.24215],[139.1747,36.24228],[139.17161,36.24364],[139.1701,36.24431],[139.16889,36.24484],[139.16674,36.2458],[139.16584,36.2462],[139.16499,36.24657],[139.16399,36.24702],[139.16236,36.24774],[139.16029,36.24865],[139.15909,36.24917],[139.15817,36.2496],[139.15688,36.25017],[139.15611,36.25051],[139.15568,36.25071],[139.15445,36.25126],[139.15318,36.25183],[139.15158,36.25254],[139.15042,36.25304],[139.15016,36.25315],[139.14895,36.25365],[139.14793,36.25407],[139.14761,36.25421],[139.14745,36.25429],[139.14715,36.25442],[139.14652,36.2547],[139.1458,36.25502],[139.14521,36.25529],[139.14451,36.25561],[139.14428,36.25571],[139.14397,36.25585],[139.14356,36.25603],[139.14343,36.25609],[139.14216,36.25667],[139.14206,36.25672],[139.14195,36.25677],[139.14045,36.25745],[139.13979,36.25774],[139.13964,36.25782],[139.13955,36.25784],[139.13901,36.25809],[139.13884,36.25816],[139.13792,36.25858],[139.13735,36.25883],[139.13696,36.259],[139.13692,36.25903],[139.13595,36.25946],[139.13535,36.25973],[139.13523,36.25979],[139.13483,36.25997],[139.13421,36.26025],[139.13218,36.26117],[139.13172,36.26138],[139.13088,36.26175],[139.13064,36.26187],[139.1303,36.26202],[139.13007,36.26212],[139.12994,36.26217],[139.12957,36.26234],[139.12913,36.26254],[139.12889,36.26265],[139.12823,36.26295],[139.12747,36.2633],[139.12738,36.26333],[139.12734,36.26335],[139.12731,36.26336],[139.12655,36.26371],[139.12489,36.26445],[139.12422,36.26475],[139.12387,36.26491],[139.12363,36.26502],[139.12326,36.26518],[139.12313,36.26524],[139.12271,36.26542],[139.12253,36.2655],[139.12213,36.26567],[139.12181,36.26581],[139.12176,36.26583],[139.12149,36.26595],[139.12113,36.26613],[139.12074,36.26629],[139.12,36.26664],[139.11957,36.26684],[139.11885,36.26717],[139.11829,36.26741],[139.11757,36.26773],[139.11684,36.26805],[139.11654,36.26818],[139.11637,36.26825],[139.11553,36.26861],[139.11386,36.26934],[139.113,36.26972],[139.11034,36.27091],[139.10973,36.27118],[139.10933,36.27135],[139.10774,36.27204],[139.10696,36.27238],[139.10648,36.27258],[139.1057,36.27293],[139.10487,36.27329],[139.10367,36.27383],[139.10321,36.27402],[139.10263,36.27426],[139.10248,36.27433],[139.10227,36.27442],[139.1017,36.27468],[139.10143,36.2748],[139.10121,36.27489],[139.1007,36.27511],[139.10005,36.27539],[139.09965,36.27557],[139.0991,36.27581],[139.09863,36.276],[139.09794,36.27631],[139.09764,36.27644],[139.09727,36.27661],[139.09672,36.27686],[139.09671,36.27686],[139.09629,36.27705],[139.0959,36.27723],[139.09545,36.27742],[139.09502,36.2776],[139.09468,36.27775],[139.09393,36.27806],[139.09358,36.27822],[139.09302,36.27847],[139.09248,36.2787],[139.09215,36.27885],[139.09174,36.27903],[139.09135,36.27919],[139.09088,36.2794],[139.09042,36.27961],[139.09028,36.27968],[139.09017,36.27974],[139.08966,36.27996],[139.08892,36.28031],[139.08841,36.28053],[139.08835,36.28056],[139.08765,36.28084],[139.08721,36.281],[139.08682,36.28116],[139.0864,36.28132],[139.08603,36.28143],[139.08558,36.28157],[139.08517,36.28169],[139.08437,36.28186],[139.08373,36.28202],[139.08325,36.28212],[139.08272,36.28225],[139.08221,36.28236],[139.08083,36.28268],[139.07997,36.28287],[139.07978,36.2829],[139.07915,36.28305],[139.07868,36.28316],[139.07813,36.28327],[139.07765,36.28337],[139.07747,36.28343],[139.07696,36.28354],[139.07632,36.28368],[139.0758,36.2838],[139.07505,36.28397],[139.0745,36.2841],[139.07403,36.2842],[139.07358,36.28431],[139.07318,36.28443],[139.07296,36.28451],[139.07288,36.28455],[139.07228,36.28488],[139.07194,36.2851],[139.07186,36.28517],[139.07181,36.2852],[139.07172,36.28527],[139.07169,36.2853],[139.07126,36.28566],[139.07112,36.2858],[139.07102,36.28592],[139.07091,36.28604],[139.07077,36.28623],[139.07061,36.28645],[139.07034,36.28697],[139.07012,36.28753],[139.07008,36.28764],[139.06992,36.28808],[139.0696,36.2889],[139.06929,36.28973],[139.06905,36.29036],[139.0688,36.29102],[139.06875,36.29117],[139.06853,36.29172],[139.06839,36.292],[139.06813,36.29245],[139.06786,36.29281],[139.06751,36.29323],[139.06711,36.29363],[139.06666,36.29396],[139.06634,36.29412],[139.06588,36.29434],[139.06556,36.29447],[139.065,36.29466],[139.06436,36.29489],[139.06314,36.29533],[139.06294,36.29541],[139.06261,36.29552],[139.06257,36.29553],[139.06217,36.29568],[139.06156,36.2959],[139.06101,36.29611],[139.0606,36.29625],[139.06045,36.29632],[139.06002,36.29647],[139.05947,36.29667],[139.05904,36.29682],[139.05868,36.29696],[139.05822,36.29713],[139.05789,36.29725],[139.05756,36.29738],[139.05707,36.29755],[139.05657,36.29773],[139.05613,36.2979],[139.05564,36.29808],[139.05529,36.29821],[139.05465,36.29844],[139.05412,36.29863],[139.05362,36.29881],[139.05308,36.299],[139.05276,36.29911],[139.05256,36.2992],[139.0525,36.29922],[139.0519,36.29944],[139.05137,36.29961],[139.05082,36.2998],[139.05011,36.30005],[139.04933,36.30033],[139.04859,36.30061],[139.04751,36.301],[139.0472,36.30111],[139.04682,36.30126],[139.04635,36.30142],[139.04593,36.30157],[139.04527,36.30182],[139.04463,36.30206],[139.04425,36.30219],[139.04405,36.30228],[139.04342,36.30249],[139.04316,36.30258],[139.04299,36.30264],[139.04277,36.30272],[139.04264,36.30276],[139.04234,36.30284],[139.04204,36.30293],[139.04166,36.30304],[139.04134,36.30313],[139.04093,36.30324],[139.04055,36.30334],[139.04031,36.30342],[139.03992,36.30355],[139.03986,36.30356],[139.03967,36.30363],[139.03923,36.30379],[139.03896,36.3039],[139.03864,36.30403],[139.0382,36.30423],[139.03781,36.3044],[139.03757,36.3045],[139.03711,36.30469],[139.03675,36.30484],[139.03625,36.30504],[139.03597,36.30516],[139.03548,36.30534],[139.03507,36.30551],[139.03452,36.30571],[139.0339,36.30595],[139.03323,36.30621],[139.03275,36.3064],[139.03195,36.3067],[139.0315,36.30688],[139.02989,36.3075],[139.0296,36.30759],[139.0293,36.30771],[139.02912,36.30777],[139.02882,36.30787],[139.0284,36.30801],[139.02801,36.30815],[139.02768,36.30831],[139.02739,36.30845],[139.02681,36.30876],[139.02609,36.30913],[139.02541,36.30947],[139.02455,36.30991],[139.02425,36.31008],[139.02412,36.31015],[139.02354,36.31042],[139.02328,36.31056],[139.02264,36.31091],[139.02199,36.31126],[139.02133,36.31161],[139.02078,36.3119],[139.0201,36.31227],[139.01928,36.31271],[139.01697,36.3139],[139.01659,36.31408],[139.016,36.31442],[139.01543,36.31473],[139.01503,36.31494],[139.01495,36.31499],[139.01479,36.31508],[139.01424,36.31541],[139.01411,36.31551],[139.01406,36.31555],[139.01399,36.31561],[139.01378,36.31584],[139.01363,36.316],[139.01358,36.31607],[139.01341,36.31629],[139.01314,36.31672],[139.01305,36.31691],[139.01302,36.31698],[139.0129,36.31725],[139.01283,36.31748],[139.01278,36.31762],[139.01274,36.31785],[139.01269,36.31823],[139.01268,36.31856],[139.01265,36.31878],[139.01262,36.3191],[139.01255,36.31992],[139.01249,36.32059]],[[139.62491,35.90505],[139.62535,35.90402],[139.62577,35.90318],[139.62601,35.90273],[139.62668,35.90163],[139.6261,35.90227],[139.6258,35.90269],[139.62558,35.90305],[139.62517,35.90379],[139.62477,35.90472],[139.62475,35.90477],[139.6236,35.90764],[139.62349,35.90794],[139.62266,35.91018],[139.62227,35.9117],[139.62219,35.91247],[139.62221,35.91285],[139.62227,35.91317],[139.62242,35.91367],[139.62253,35.91401],[139.62287,35.91482],[139.62324,35.91565],[139.62378,35.91659],[139.62398,35.91693],[139.62408,35.91711],[139.6247,35.91821],[139.62561,35.91987],[139.62668,35.92174],[139.62674,35.92185],[139.62726,35.92276],[139.62757,35.9233],[139.62769,35.92352],[139.62788,35.92389],[139.62822,35.92451],[139.62851,35.92504],[139.62875,35.9255],[139.6291,35.92614],[139.62942,35.92674],[139.62992,35.92766],[139.62999,35.92779],[139.63015,35.92809],[139.63086,35.9294],[139.63122,35.93008],[139.63154,35.93067],[139.63285,35.93316],[139.63319,35.93377],[139.63356,35.93448],[139.63441,35.93608],[139.63474,35.93677],[139.63583,35.93882],[139.63634,35.93977],[139.63651,35.94011],[139.63672,35.9405],[139.63699,35.94101],[139.63716,35.94132],[139.6374,35.94179],[139.63797,35.94285],[139.63811,35.94311],[139.63832,35.94352],[139.63851,35.94389],[139.63869,35.94426],[139.63898,35.94483],[139.63942,35.94588],[139.63982,35.94696],[139.6407,35.94976],[139.64087,35.95044],[139.64096,35.9509],[139.641,35.95105],[139.64114,35.95225],[139.64114,35.95239],[139.64123,35.95311],[139.64126,35.95337],[139.64137,35.95439],[139.64137,35.9545],[139.64139,35.95463],[139.64155,35.9563],[139.64175,35.95826],[139.64197,35.96022],[139.64204,35.96085],[139.64213,35.96142],[139.64224,35.96194],[139.64224,35.96203],[139.64232,35.96234],[139.64241,35.96269],[139.64245,35.96282],[139.64278,35.96355],[139.64288,35.96373],[139.64341,35.96466],[139.64365,35.96507],[139.64407,35.96581],[139.64417,35.96598],[139.6443,35.9662],[139.64652,35.97004],[139.64699,35.97083],[139.64904,35.97435],[139.64994,35.97592],[139.65045,35.97681],[139.65095,35.97765],[139.65121,35.9781],[139.65153,35.97864],[139.65189,35.97925],[139.65226,35.97992],[139.65367,35.98241],[139.65404,35.98304],[139.65448,35.98382],[139.65491,35.98458],[139.65517,35.98499],[139.65549,35.98541],[139.65584,35.98579],[139.65606,35.98598],[139.65624,35.98612],[139.65646,35.98631],[139.65663,35.98645],[139.65676,35.98655],[139.65707,35.98679],[139.65785,35.98741],[139.65847,35.98792],[139.65871,35.98815],[139.65917,35.98868],[139.65957,35.98929],[139.65982,35.98979],[139.66001,35.99027],[139.66008,35.99045],[139.66031,35.99108],[139.66045,35.99147],[139.66057,35.99175],[139.66117,35.99338],[139.66131,35.99374],[139.66145,35.99415],[139.66169,35.99481],[139.66199,35.99565],[139.66224,35.99635],[139.66254,35.99714],[139.6629,35.99816],[139.66318,35.99895],[139.66347,35.99966],[139.66359,35.99999],[139.66363,36.0001],[139.66379,36.00045],[139.66394,36.00084],[139.66404,36.00128],[139.66415,36.00187],[139.66423,36.00232],[139.66431,36.00285],[139.66438,36.00319],[139.66478,36.00639],[139.66486,36.00686],[139.66491,36.00713],[139.66497,36.00744],[139.66536,36.00934],[139.6657,36.01084],[139.66613,36.01265],[139.66643,36.01396],[139.66663,36.01485],[139.66672,36.0153],[139.6668,36.01633],[139.66696,36.01923],[139.66708,36.02187],[139.66717,36.02379],[139.6673,36.02493],[139.66747,36.02579],[139.66753,36.02604],[139.66761,36.02632],[139.66779,36.02687],[139.66808,36.0278],[139.66857,36.02929],[139.66879,36.02992],[139.66921,36.03083],[139.66987,36.03229],[139.67005,36.03268],[139.67037,36.03339],[139.6711,36.0349],[139.67148,36.03582],[139.67155,36.03611],[139.67168,36.03683],[139.6721,36.03967],[139.67244,36.04157],[139.67248,36.04182],[139.67276,36.04372],[139.67283,36.04414],[139.67333,36.04726],[139.67384,36.05052],[139.67389,36.05078],[139.67392,36.05102],[139.67398,36.05136],[139.67466,36.05572],[139.67467,36.05579],[139.67511,36.05886],[139.6753,36.06015],[139.67551,36.06156],[139.67565,36.06211],[139.67577,36.06258],[139.67599,36.06311],[139.67626,36.06367],[139.6767,36.06452],[139.67805,36.0671],[139.67823,36.06746],[139.67907,36.0691],[139.6797,36.07033],[139.67997,36.07096],[139.68014,36.07181],[139.68022,36.07248],[139.68015,36.07406],[139.68008,36.07618],[139.68008,36.07661],[139.68006,36.07713],[139.68,36.07824],[139.67995,36.07923],[139.67995,36.0793],[139.67992,36.07998],[139.67991,36.0802],[139.67975,36.08394],[139.67966,36.08652],[139.67954,36.08793],[139.67933,36.09066],[139.67914,36.09295],[139.67897,36.09522],[139.67894,36.09551],[139.67875,36.09798],[139.67854,36.10057],[139.67844,36.10194],[139.67843,36.10253],[139.67849,36.103],[139.67881,36.1056],[139.67893,36.10697],[139.67896,36.10726],[139.67914,36.10929],[139.67916,36.10947],[139.67918,36.10962],[139.67926,36.11032],[139.67936,36.11078],[139.67953,36.11135],[139.67967,36.11168],[139.6798,36.11191],[139.67998,36.11218],[139.68029,36.11256],[139.68131,36.11366],[139.68173,36.1141],[139.68194,36.11432],[139.68326,36.11574],[139.68509,36.1177],[139.68571,36.11838],[139.68607,36.11881],[139.68637,36.11934],[139.68734,36.12117],[139.68872,36.12372],[139.68987,36.12581],[139.69026,36.12652],[139.69175,36.12928],[139.69229,36.13023],[139.69299,36.13168],[139.69314,36.13204],[139.69335,36.13256],[139.6936,36.13336],[139.69376,36.13422],[139.69431,36.13721],[139.69475,36.13982],[139.69519,36.14222],[139.69523,36.14242],[139.69538,36.14329],[139.69553,36.14383],[139.69563,36.1441],[139.69567,36.14418],[139.69585,36.14448],[139.69609,36.14475],[139.69645,36.14515],[139.6968,36.14549],[139.69726,36.14585],[139.69753,36.14601],[139.69808,36.14632],[139.69843,36.14652],[139.70088,36.14785],[139.70108,36.14796],[139.70418,36.14963],[139.70509,36.15013],[139.70553,36.15037],[139.70709,36.15121],[139.7077,36.15156],[139.70842,36.15207],[139.70918,36.15272],[139.70957,36.15306],[139.71099,36.15438],[139.71222,36.15548],[139.71375,36.15677],[139.71503,36.15783],[139.71626,36.1588],[139.71717,36.15956],[139.71781,36.16023],[139.71808,36.16058],[139.71831,36.16094],[139.71843,36.16119],[139.71857,36.16161],[139.71864,36.16197],[139.71864,36.16233],[139.71859,36.16288],[139.71845,36.16358],[139.71801,36.16559],[139.71794,36.16595],[139.71753,36.16785],[139.71696,36.1696],[139.71688,36.16984],[139.71668,36.17053],[139.71658,36.17087],[139.716,36.17283],[139.71568,36.17391],[139.7153,36.17521],[139.71528,36.17529],[139.71527,36.1753],[139.71501,36.17618],[139.71495,36.17635],[139.71479,36.17694],[139.71472,36.17716],[139.71454,36.17776],[139.71453,36.17778],[139.71452,36.17779],[139.71452,36.17787],[139.71447,36.17799],[139.71418,36.17897],[139.71408,36.17935],[139.71396,36.17982],[139.7139,36.18004],[139.71386,36.1802],[139.7137,36.18078],[139.7134,36.18177],[139.71293,36.18338],[139.71262,36.18448],[139.7124,36.18524],[139.71193,36.1869],[139.7118,36.18732],[139.71117,36.18948],[139.71098,36.19007],[139.71083,36.19061],[139.71018,36.19286],[139.71007,36.19327],[139.70936,36.19556],[139.70933,36.19565],[139.70902,36.19661],[139.7089,36.19698],[139.70855,36.19803],[139.70843,36.19856],[139.70838,36.19884],[139.70837,36.19935],[139.70843,36.19998],[139.70853,36.20048],[139.70861,36.20075],[139.70869,36.20094],[139.70878,36.20117],[139.70895,36.20147],[139.70932,36.20197],[139.70983,36.20259],[139.70987,36.20262],[139.71092,36.20377],[139.71094,36.20381],[139.71095,36.20381],[139.71268,36.20569],[139.71409,36.20722],[139.71428,36.20744],[139.71481,36.20802],[139.71513,36.20837],[139.71562,36.20891],[139.71568,36.20896],[139.71634,36.20969],[139.71655,36.20991],[139.71697,36.21037],[139.71795,36.21145],[139.719,36.2126],[139.72022,36.21391],[139.72052,36.21424],[139.72191,36.21574],[139.72433,36.21839],[139.72517,36.21931],[139.72555,36.21973],[139.72564,36.21982],[139.72665,36.22093],[139.72694,36.22125],[139.72714,36.22148],[139.72736,36.22173],[139.72813,36.22259],[139.72823,36.22268],[139.72899,36.22353],[139.72968,36.22429],[139.73042,36.22509],[139.73085,36.22557],[139.73089,36.2256],[139.73135,36.22611],[139.7319,36.2267],[139.73191,36.22672],[139.73252,36.2274],[139.73263,36.22752],[139.73292,36.22783],[139.73332,36.22829],[139.73337,36.22834],[139.73372,36.22873],[139.73587,36.23108],[139.73615,36.23139],[139.73708,36.23239],[139.73747,36.2328],[139.73792,36.23325],[139.73838,36.2337],[139.73881,36.23411],[139.73992,36.23517],[139.74064,36.23587],[139.74094,36.23615],[139.7413,36.23648],[139.74236,36.23748],[139.74294,36.23802],[139.74392,36.23894],[139.74675,36.24159],[139.74686,36.2417],[139.7478,36.2426],[139.7491,36.24386],[139.74948,36.24427],[139.7502,36.24512],[139.75021,36.24512],[139.75091,36.24594],[139.7518,36.24697],[139.75249,36.24777],[139.75454,36.25016],[139.75635,36.25223],[139.75657,36.25249],[139.75705,36.25306],[139.7571,36.25317],[139.76012,36.2567],[139.76107,36.25785],[139.76119,36.258],[139.76208,36.25909],[139.76507,36.2626],[139.76844,36.26647],[139.77183,36.27038],[139.77482,36.27384],[139.77742,36.27684],[139.78031,36.28016],[139.78121,36.28121],[139.78753,36.28862],[139.788,36.28917],[139.79061,36.29215],[139.79391,36.29599],[139.79935,36.30232],[139.80026,36.30338],[139.80164,36.30498],[139.80208,36.3056],[139.80386,36.30868],[139.8047,36.31012],[139.80541,36.31133],[139.8055,36.31149],[139.80776,36.31539],[139.8084,36.3165],[139.8103,36.31972],[139.81081,36.32053],[139.81127,36.32139],[139.81393,36.32601],[139.81529,36.32834],[139.81637,36.33018],[139.81803,36.33307],[139.82004,36.33649],[139.82158,36.33917],[139.82318,36.34189],[139.82473,36.34455],[139.82495,36.34493],[139.82642,36.34744],[139.82816,36.35041],[139.8295,36.35269],[139.82989,36.35335],[139.83119,36.35557],[139.83281,36.35831],[139.83408,36.3605],[139.83427,36.36082],[139.83574,36.36335],[139.83739,36.36614],[139.83882,36.3686],[139.83904,36.36896],[139.84146,36.37307],[139.8431,36.3759],[139.84353,36.37659],[139.84395,36.37732],[139.8442,36.37775],[139.84422,36.37777],[139.84522,36.37953],[139.84667,36.38198],[139.84822,36.38462],[139.84896,36.3859],[139.84987,36.38745],[139.85151,36.39028],[139.85373,36.39404],[139.8553,36.39672],[139.85582,36.39762],[139.85613,36.39815],[139.8562,36.39826],[139.857,36.39963],[139.85766,36.40076],[139.85779,36.40098],[139.8585,36.40214],[139.85977,36.40456],[139.86039,36.40597],[139.86124,36.4092],[139.86125,36.40925],[139.86132,36.40963],[139.8616,36.41065],[139.86203,36.41221],[139.86246,36.41412],[139.86294,36.41667],[139.86312,36.41762],[139.86321,36.41812],[139.86352,36.41982],[139.86362,36.42036],[139.86371,36.42088],[139.864,36.42241],[139.8641,36.42299],[139.86442,36.42478],[139.86454,36.42547],[139.86468,36.42625],[139.8647,36.42632],[139.86482,36.42695],[139.86493,36.42762],[139.86528,36.42954],[139.86571,36.43192],[139.86576,36.43221],[139.8658,36.43244],[139.86603,36.43364],[139.86628,36.43505],[139.86674,36.43743],[139.8668,36.43778],[139.86684,36.43803],[139.86691,36.43846],[139.86699,36.43897],[139.8671,36.43951],[139.86711,36.43958],[139.86717,36.43988],[139.86756,36.44199],[139.86759,36.44214],[139.8676,36.44216],[139.86771,36.44282],[139.86793,36.44399],[139.86816,36.44523],[139.86846,36.44694],[139.86907,36.45025],[139.86919,36.4509],[139.86933,36.45171],[139.86962,36.45325],[139.86962,36.45335],[139.8699,36.45482],[139.86994,36.45497],[139.86995,36.45511],[139.87017,36.45629],[139.87053,36.45819],[139.87054,36.45824],[139.87059,36.45854],[139.87093,36.46033],[139.87171,36.46452],[139.87173,36.46463],[139.87182,36.46514],[139.87189,36.46552],[139.87195,36.46593],[139.87205,36.46658],[139.87222,36.46754],[139.87223,36.46757],[139.8723,36.46802],[139.87239,36.46856],[139.8725,36.46921],[139.87256,36.46955],[139.87263,36.46999],[139.87268,36.47019],[139.87279,36.47084],[139.87289,36.47134],[139.87291,36.47153],[139.87296,36.47179],[139.87323,36.47323],[139.87345,36.47441],[139.87347,36.47453],[139.87358,36.47511],[139.87367,36.47555],[139.87369,36.47572],[139.87386,36.47662],[139.87411,36.4779],[139.87417,36.47822],[139.87438,36.47931],[139.87452,36.48013],[139.87461,36.4806],[139.87473,36.4812],[139.87475,36.48124],[139.87477,36.48139],[139.87489,36.48205],[139.87496,36.48244],[139.87499,36.48264],[139.875,36.48267],[139.8751,36.48323],[139.87514,36.48344],[139.87529,36.48427],[139.87548,36.48528],[139.87568,36.48637],[139.87569,36.48644],[139.87575,36.48673],[139.87606,36.4884],[139.87621,36.48924],[139.87631,36.48977],[139.87632,36.48979],[139.87637,36.4901],[139.87652,36.49088],[139.87662,36.49151],[139.87677,36.49229],[139.87679,36.49235],[139.87691,36.49298],[139.8771,36.49411],[139.87737,36.49546],[139.87746,36.49597],[139.87756,36.4966],[139.87758,36.49662],[139.87759,36.49671],[139.87765,36.49707],[139.87783,36.49804],[139.8779,36.49856],[139.87792,36.49871],[139.87811,36.49989],[139.87818,36.50032],[139.87824,36.50067],[139.87836,36.50137],[139.87846,36.50202],[139.87854,36.50249],[139.87859,36.50277],[139.87865,36.50314],[139.87881,36.50403],[139.87936,36.50714],[139.87937,36.50718],[139.8797,36.50899],[139.88005,36.51092],[139.88015,36.51177],[139.88023,36.51256],[139.88041,36.51456],[139.88052,36.5161],[139.88067,36.51829],[139.88093,36.52203],[139.88116,36.5251],[139.88118,36.52535],[139.88139,36.5282],[139.8815,36.5297],[139.88162,36.53122],[139.88183,36.53384],[139.88185,36.5341],[139.88195,36.53506],[139.88205,36.53568],[139.8822,36.53621],[139.88249,36.53736],[139.8827,36.53806],[139.88294,36.53871],[139.88329,36.53946],[139.88364,36.54015],[139.8838,36.54046],[139.88404,36.54087],[139.88461,36.54172],[139.88507,36.54232],[139.88527,36.54257],[139.88542,36.54275],[139.88609,36.54354],[139.88647,36.54395],[139.88708,36.54458],[139.88783,36.54528],[139.88915,36.54646],[139.89174,36.54874],[139.89212,36.54908],[139.89383,36.55058],[139.8951,36.55169],[139.89548,36.55202],[139.89591,36.5524],[139.89629,36.5528],[139.89662,36.55316],[139.89693,36.55356],[139.8971,36.55377],[139.89729,36.55431],[139.89742,36.55474],[139.89747,36.55487],[139.89786,36.55618],[139.89807,36.55697]]]}},{"type":"Feature","properties":{"line_name":"湘南新宿ライン"},"geometry":{"type":"MultiLineString","coordinates":[[[139.15489,35.25486],[139.155,35.25506],[139.15653,35.25717],[139.15665,35.25733],[139.1582,35.25929],[139.15849,35.25966],[139.15855,35.25972],[139.15868,35.25984],[139.15927,35.26042],[139.15959,35.26072],[139.15995,35.26108],[139.16043,35.26155],[139.16137,35.26246],[139.1617,35.26279],[139.16291,35.26397],[139.16316,35.2642],[139.16648,35.26745],[139.16664,35.2676],[139.16812,35.26904],[139.17104,35.27189],[139.17147,35.27231],[139.17236,35.27311],[139.17299,35.27358],[139.17341,35.27388],[139.17392,35.27418],[139.17449,35.27449],[139.17552,35.27488],[139.17636,35.2751],[139.17701,35.27521],[139.17786,35.27535],[139.17803,35.27538],[139.1782,35.27541],[139.17833,35.27543],[139.17941,35.2756],[139.182,35.27603],[139.18377,35.27632],[139.1841,35.27637],[139.18676,35.27681],[139.18741,35.27692],[139.1885,35.2771],[139.1987,35.27878],[139.19903,35.27882],[139.19913,35.27883],[139.20415,35.27966],[139.20432,35.27969],[139.20465,35.27974],[139.20487,35.27978],[139.20822,35.28033],[139.21078,35.28084],[139.21092,35.28084],[139.21123,35.28087],[139.21198,35.28094],[139.21271,35.28101],[139.2129,35.28106],[139.21701,35.28173],[139.21735,35.28179],[139.21792,35.28195],[139.21924,35.28248],[139.22346,35.28422],[139.22497,35.28508],[139.22611,35.28588],[139.22735,35.28675],[139.22933,35.28812],[139.23119,35.28943],[139.23252,35.29022],[139.23379,35.29082],[139.23494,35.29127],[139.23509,35.29132],[139.23515,35.29135],[139.23575,35.29159],[139.23714,35.29212],[139.23715,35.29212],[139.24136,35.29374],[139.2429,35.29434],[139.24373,35.29462],[139.24452,35.29486],[139.24682,35.29546],[139.24781,35.29575],[139.24906,35.29612],[139.25043,35.29652],[139.25177,35.29691],[139.25209,35.297],[139.25359,35.29741],[139.25429,35.29767],[139.2555,35.29817],[139.258,35.29917],[139.25948,35.29977],[139.25964,35.29983],[139.25979,35.29989],[139.26026,35.30007],[139.26065,35.30024],[139.2617,35.30065],[139.26288,35.30111],[139.26546,35.30214],[139.26733,35.30288],[139.26806,35.30318],[139.26954,35.30377],[139.27093,35.30428],[139.27144,35.30447],[139.27207,35.30467],[139.27259,35.3048],[139.27337,35.30497],[139.27439,35.30512],[139.27549,35.30527],[139.27674,35.30542],[139.27765,35.30554],[139.27863,35.30566],[139.27959,35.30578],[139.2811,35.30598],[139.28129,35.30601],[139.28273,35.30619],[139.2843,35.30638],[139.28459,35.30642],[139.28657,35.30666],[139.28824,35.30687],[139.28845,35.30689],[139.28869,35.30692],[139.28927,35.30699],[139.2918,35.30731],[139.29327,35.30748],[139.29502,35.3077],[139.29729,35.30797],[139.29936,35.30823],[139.30023,35.30833],[139.30158,35.3085],[139.30379,35.30878],[139.30612,35.30909],[139.30785,35.30932],[139.30872,35.30942],[139.30915,35.30949],[139.30964,35.30961],[139.31014,35.30977],[139.31057,35.30992],[139.31104,35.31013],[139.31131,35.31025],[139.31184,35.31055],[139.31347,35.31158],[139.31471,35.31237],[139.31644,35.31351],[139.31779,35.31438],[139.31866,35.31494],[139.31949,35.31548],[139.32066,35.31624],[139.32161,35.31685],[139.32248,35.3174],[139.32294,35.31769],[139.32407,35.31848],[139.32523,35.31926],[139.32594,35.31974],[139.32663,35.3202],[139.32683,35.32031],[139.3275,35.32063],[139.32962,35.32154],[139.33008,35.32174],[139.33084,35.32205],[139.33225,35.32264],[139.33399,35.32336],[139.33414,35.32342],[139.33463,35.32362],[139.33528,35.32389],[139.33744,35.32479],[139.33854,35.32526],[139.33919,35.32553],[139.3396,35.32566],[139.34058,35.32591],[139.34125,35.32601],[139.3424,35.32622],[139.34387,35.32649],[139.34599,35.32689],[139.34611,35.32691],[139.34724,35.32713],[139.35043,35.32769],[139.35076,35.32775],[139.35199,35.32798],[139.35337,35.32824],[139.35402,35.32841],[139.35462,35.32856],[139.35489,35.32862],[139.35588,35.32883],[139.35714,35.32905],[139.35849,35.32927],[139.35925,35.32941],[139.35983,35.32951],[139.36021,35.32958],[139.3616,35.32979],[139.36332,35.33005],[139.36387,35.33015],[139.3656,35.33045],[139.36747,35.33078],[139.36928,35.33109],[139.37085,35.33138],[139.37095,35.33139],[139.37152,35.33147],[139.37154,35.33147],[139.37181,35.3315],[139.37193,35.33152],[139.37231,35.33156],[139.37251,35.33158],[139.37272,35.3316],[139.37296,35.33161],[139.37314,35.33162],[139.37341,35.33162],[139.37371,35.3316],[139.37394,35.33159],[139.37436,35.33157],[139.37464,35.33155],[139.37489,35.33151],[139.37512,35.33149],[139.37533,35.33145],[139.37574,35.33138],[139.37614,35.33131],[139.37642,35.33127],[139.37678,35.33117],[139.37694,35.33112],[139.37738,35.33097],[139.37831,35.33065],[139.37952,35.33028],[139.38045,35.32999],[139.38166,35.32961],[139.38211,35.32949],[139.38269,35.32932],[139.38369,35.32902],[139.38467,35.32874],[139.38527,35.32863],[139.38585,35.32854],[139.38644,35.32846],[139.38744,35.32834],[139.38839,35.32823],[139.38848,35.32822],[139.38893,35.32815],[139.39124,35.32786],[139.39271,35.32769],[139.39447,35.32745],[139.39597,35.32726],[139.39642,35.32722],[139.39702,35.32724],[139.3977,35.32732],[139.39839,35.32743],[139.39972,35.32774],[139.40074,35.32806],[139.40165,35.32841],[139.40288,35.32885],[139.40418,35.3293],[139.40588,35.32989],[139.4064,35.33007],[139.40657,35.33013],[139.40696,35.33026],[139.4096,35.33122],[139.4113,35.33182],[139.41344,35.33263],[139.41634,35.3337],[139.41878,35.3346],[139.41969,35.33493],[139.42061,35.33527],[139.42138,35.33544],[139.4227,35.3356],[139.42461,35.33571],[139.42673,35.33582],[139.42883,35.33593],[139.43063,35.33602],[139.4311,35.33605],[139.43354,35.33616],[139.43621,35.33631],[139.43816,35.33642],[139.43946,35.33647],[139.44114,35.33657],[139.44162,35.33661],[139.44247,35.33665],[139.44332,35.3367],[139.44357,35.33672],[139.44401,35.33674],[139.44778,35.33695],[139.44906,35.33699],[139.45202,35.33712],[139.45519,35.33729],[139.45769,35.33741],[139.45789,35.33742],[139.46055,35.33755],[139.46335,35.3377],[139.46614,35.33784],[139.46895,35.33798],[139.46967,35.33801],[139.4729,35.33817],[139.47367,35.33821],[139.47692,35.33838],[139.48087,35.33855],[139.48319,35.33869],[139.48473,35.33876],[139.48604,35.33882],[139.4878,35.33889],[139.48811,35.3389],[139.48881,35.33886],[139.4892,35.33882],[139.48933,35.3388],[139.49023,35.33856],[139.49066,35.33845],[139.49165,35.33819],[139.49277,35.33789],[139.49392,35.33759],[139.49438,35.33746],[139.49534,35.33722],[139.4968,35.33682],[139.49714,35.33673],[139.49756,35.33661],[139.49775,35.33654],[139.49829,35.33638],[139.49908,35.3362],[139.50008,35.33599],[139.50121,35.33588],[139.50136,35.33587],[139.50186,35.33591],[139.50232,35.33596],[139.50282,35.33606],[139.5033,35.33616],[139.5037,35.33632],[139.50406,35.33645],[139.50425,35.33655],[139.5044,35.33661],[139.50537,35.33708],[139.50631,35.33759],[139.50922,35.33915],[139.51283,35.3411],[139.51367,35.34155],[139.5162,35.34291],[139.51647,35.34305],[139.51871,35.34427],[139.51922,35.34454],[139.51948,35.34468],[139.51972,35.3448],[139.51978,35.34483],[139.5217,35.34587],[139.52541,35.34786],[139.52597,35.34816],[139.52685,35.34864],[139.52773,35.34916],[139.52847,35.34964],[139.52896,35.34999],[139.52925,35.35026],[139.52967,35.35081],[139.53023,35.35183],[139.5306,35.35267],[139.53069,35.35289],[139.53115,35.35412],[139.53164,35.35542],[139.53173,35.35591],[139.53175,35.35627],[139.5317,35.35671],[139.53156,35.3571],[139.53133,35.35755],[139.53077,35.35829],[139.53002,35.35926],[139.52965,35.35979],[139.52938,35.36036],[139.52922,35.36091],[139.52918,35.36156],[139.52923,35.362],[139.52936,35.36266],[139.52959,35.36325],[139.52984,35.36386],[139.52995,35.36415],[139.53007,35.36445],[139.53021,35.36478],[139.53039,35.36545],[139.53043,35.36576],[139.53045,35.36602],[139.53045,35.3662],[139.5304,35.3665],[139.53025,35.36704],[139.53001,35.3679],[139.52971,35.36915],[139.52957,35.36993],[139.52952,35.37034],[139.52956,35.37072],[139.52971,35.37118],[139.52997,35.37173],[139.5306,35.37313],[139.53083,35.37354],[139.53113,35.37405],[139.5313,35.37438],[139.5316,35.37492],[139.53176,35.37521],[139.53199,35.3756],[139.5321,35.3758],[139.53296,35.37736],[139.53362,35.37875],[139.53406,35.37982],[139.5342,35.38026],[139.53433,35.3808],[139.53444,35.38134],[139.53458,35.38238],[139.53463,35.3828],[139.53476,35.38394],[139.535,35.38661],[139.53524,35.38921],[139.53545,35.39148],[139.53548,35.39179],[139.53564,35.39349],[139.53574,35.39447],[139.53572,35.39519],[139.53567,35.39597],[139.53552,35.39659],[139.53536,35.3971],[139.53511,35.39793],[139.53473,35.39908],[139.5347,35.39917],[139.53468,35.39926],[139.53458,35.39956],[139.53448,35.3999],[139.53433,35.40034],[139.5342,35.40076],[139.53392,35.4017],[139.53379,35.40252],[139.53372,35.40344],[139.53373,35.40375],[139.53383,35.40452],[139.5341,35.40639],[139.53433,35.40812],[139.5345,35.40907],[139.53459,35.40956],[139.53477,35.41002],[139.53499,35.41048],[139.53506,35.41059],[139.53534,35.4111],[139.53568,35.41168],[139.53605,35.41219],[139.53631,35.4124],[139.53684,35.41284],[139.53764,35.41339],[139.53807,35.41366],[139.53981,35.41476],[139.54026,35.415],[139.54331,35.41662],[139.54736,35.41875],[139.54953,35.41994],[139.5508,35.42055],[139.55186,35.42116],[139.55199,35.42123],[139.55262,35.42162],[139.55309,35.42193],[139.55369,35.42246],[139.55407,35.42283],[139.55441,35.42323],[139.55485,35.42384],[139.55507,35.42425],[139.55531,35.42482],[139.55621,35.42668],[139.55665,35.42762],[139.55684,35.4284],[139.55686,35.42859],[139.55687,35.42874],[139.55688,35.4289],[139.55688,35.42926],[139.55689,35.42942],[139.5569,35.4302],[139.5569,35.43039],[139.55689,35.43049],[139.5569,35.43158],[139.55708,35.43256],[139.55741,35.4335],[139.55786,35.43431],[139.55821,35.43477],[139.55943,35.43612],[139.5598,35.43659],[139.56012,35.43693],[139.56128,35.4382],[139.56187,35.43878],[139.56211,35.43901],[139.56242,35.43921],[139.56587,35.44101],[139.5693,35.44266],[139.56987,35.44295],[139.57451,35.44528],[139.57557,35.44582],[139.57668,35.4464],[139.57746,35.44673],[139.57852,35.44695],[139.57961,35.44699],[139.58346,35.44648],[139.58824,35.44579],[139.58853,35.44576],[139.59115,35.44536],[139.59281,35.44516],[139.595,35.44485],[139.59605,35.44483],[139.59692,35.44498],[139.59724,35.44507],[139.59752,35.44516],[139.59787,35.44531],[139.59825,35.44551],[139.59856,35.44565],[139.59884,35.4458],[139.59907,35.44598],[139.60167,35.44846],[139.60286,35.4496],[139.6033,35.45],[139.60425,35.45071],[139.60473,35.45099],[139.60516,35.45124],[139.60766,35.45264],[139.6096,35.45374],[139.61092,35.45444],[139.61129,35.45462],[139.61213,35.45515],[139.61298,35.45587],[139.61374,35.45657],[139.61479,35.45771],[139.6159,35.45893],[139.61752,35.46068],[139.61829,35.46153],[139.61841,35.46164],[139.61986,35.46325],[139.6201,35.46352],[139.62055,35.46401],[139.62073,35.46421],[139.62133,35.46475],[139.62179,35.46533],[139.6232,35.46692],[139.62344,35.46719],[139.62387,35.46769],[139.62503,35.46906],[139.62567,35.46976],[139.62678,35.47108],[139.62775,35.47223],[139.62845,35.47305],[139.6292,35.47388],[139.62991,35.47466],[139.63046,35.47525],[139.63159,35.47647],[139.63223,35.477164],[139.633749,35.478809],[139.63436,35.47947],[139.63575,35.48097],[139.63585,35.48107],[139.63602,35.48124],[139.63682,35.48201],[139.63715,35.48229],[139.63795,35.48274],[139.63834,35.48294],[139.6389,35.48317],[139.63932,35.4833],[139.64035,35.48362],[139.64234,35.48424],[139.64317,35.48449],[139.64342,35.48457],[139.64416,35.48479],[139.64493,35.48501],[139.64524,35.48509],[139.64568,35.48515],[139.64563,35.48511],[139.64535,35.48496],[139.64522,35.48489],[139.64482,35.48472],[139.64444,35.4846],[139.64401,35.48446],[139.64352,35.48432],[139.64329,35.48425],[139.64229,35.48396],[139.64131,35.48367],[139.63923,35.48308],[139.63905,35.48302],[139.6388,35.48294],[139.6386,35.48286],[139.63836,35.48274],[139.63812,35.48263],[139.63789,35.48249],[139.63763,35.48234],[139.63734,35.48213],[139.63711,35.48198],[139.63684,35.48175],[139.63657,35.48151],[139.63628,35.4812],[139.6356,35.48049],[139.6355,35.48037],[139.63524,35.48007],[139.63495,35.47977],[139.63393,35.47869],[139.6324,35.47706],[139.63178,35.47639],[139.63157,35.47613],[139.6312,35.47575],[139.63088,35.47541],[139.63057,35.47507],[139.6303,35.47478],[139.62997,35.47442],[139.62939,35.4738],[139.62911,35.4735],[139.62863,35.47296],[139.62825,35.47253],[139.62765,35.47182],[139.62648,35.47046],[139.62579,35.46965],[139.62489,35.46863],[139.62412,35.46773],[139.62399,35.46758],[139.62376,35.46732],[139.62335,35.46681],[139.62217,35.46536],[139.62179,35.46479],[139.6217,35.46467],[139.62179,35.46479],[139.62217,35.46536],[139.62335,35.46681],[139.62376,35.46732],[139.62399,35.46758],[139.62412,35.46773],[139.62489,35.46863],[139.62579,35.46965],[139.62648,35.47046],[139.62765,35.47182],[139.62825,35.47253],[139.62863,35.47296],[139.62911,35.4735],[139.62939,35.4738],[139.62997,35.47442],[139.6303,35.47478],[139.63057,35.47507],[139.63088,35.47541],[139.6312,35.47575],[139.63157,35.47613],[139.63178,35.47639],[139.6324,35.47706],[139.63393,35.47869],[139.63495,35.47977],[139.63524,35.48007],[139.6355,35.48037],[139.6356,35.48049],[139.63628,35.4812],[139.63657,35.48151],[139.63684,35.48175],[139.63711,35.48198],[139.63734,35.48213],[139.63763,35.48234],[139.63789,35.48249],[139.63812,35.48263],[139.63836,35.48274],[139.6386,35.48286],[139.6388,35.48294],[139.63905,35.48302],[139.63923,35.48308],[139.64131,35.48367],[139.64229,35.48396],[139.64329,35.48425],[139.64352,35.48432],[139.64401,35.48446],[139.64444,35.4846],[139.64482,35.48472],[139.64522,35.48489],[139.64535,35.48496],[139.64563,35.48511],[139.64568,35.48515],[139.6462,35.48521],[139.647,35.48532],[139.64798,35.48544],[139.64819,35.48546],[139.64874,35.48548],[139.64913,35.48549],[139.64927,35.4855],[139.6497,35.48552],[139.65009,35.48554],[139.65049,35.48558],[139.65129,35.48574],[139.65188,35.48589],[139.65226,35.48603],[139.65288,35.48624],[139.65298,35.48629],[139.6533,35.48643],[139.65388,35.48669],[139.6544,35.48695],[139.65491,35.48726],[139.65507,35.48734],[139.65574,35.48771],[139.65625,35.488],[139.65687,35.48835],[139.65828,35.48908],[139.65856,35.48924],[139.65986,35.48994],[139.66044,35.49029],[139.66096,35.49065],[139.66112,35.49077],[139.6617,35.49127],[139.66204,35.49158],[139.66254,35.4921],[139.66322,35.49289],[139.66353,35.49326],[139.66364,35.49327],[139.66376,35.4933],[139.66393,35.49338],[139.66408,35.49346],[139.66429,35.49359],[139.66463,35.4939],[139.66503,35.49427],[139.66573,35.49485],[139.66723,35.49607],[139.66764,35.49643],[139.66768,35.49647],[139.66801,35.49674],[139.67193,35.50002],[139.6724,35.50041],[139.67291,35.50082],[139.67347,35.5014],[139.67385,35.50182],[139.67449,35.50265],[139.6749,35.50326],[139.67512,35.50387],[139.6754,35.5049],[139.67578,35.50637],[139.676,35.5074],[139.67609,35.50779],[139.67645,35.50939],[139.67649,35.50958],[139.67692,35.5113],[139.67699,35.5116],[139.6771,35.51197],[139.67747,35.51309],[139.67799,35.51465],[139.67809,35.51491],[139.67823,35.51518],[139.67838,35.51545],[139.67852,35.51566],[139.67884,35.51611],[139.67903,35.51635],[139.67959,35.51691],[139.67995,35.51728],[139.68024,35.5176],[139.68043,35.51784],[139.68069,35.51821],[139.68088,35.51851],[139.68109,35.51891],[139.68122,35.51925],[139.68132,35.51959],[139.68137,35.52003],[139.68137,35.52025],[139.68136,35.5204],[139.68134,35.52066],[139.68126,35.52101],[139.68112,35.52152],[139.68075,35.52257],[139.68071,35.52271],[139.68039,35.52371],[139.68023831,35.52436206],[139.68001307,35.52540009],[139.67990536,35.526066],[139.67968992,35.52709423],[139.67941572,35.52803433],[139.67849521,35.53091339],[139.67727112,35.53447793],[139.67685982,35.53577057],[139.67672272,35.53627979],[139.67667376,35.53649523],[139.67651708,35.53750388],[139.67636039,35.53811103],[139.67529299,35.54145034],[139.67465646,35.54381038],[139.67445082,35.54455463],[139.67361844,35.54698322],[139.67325611,35.54805063],[139.67259999,35.54949995],[139.67218,35.55035],[139.6718,35.55118],[139.67166,35.55148],[139.6715,35.55184],[139.67088,35.55309],[139.67049,35.5539],[139.67004,35.55505],[139.66945,35.55667],[139.66886,35.55828],[139.66852,35.55925],[139.66816,35.56029],[139.66763,35.5617],[139.66761,35.56174],[139.66756,35.5619],[139.66695,35.56373],[139.66632,35.56557],[139.66562759,35.56758708],[139.66539011,35.56828236],[139.66513061,35.56917595],[139.66404362,35.57250547],[139.66387714,35.57303182],[139.66374739,35.57334764],[139.66352338,35.57405761],[139.66344626,35.5743367],[139.66338016,35.57458152],[139.66332,35.57486],[139.66329203,35.57505157],[139.66326754,35.57527191],[139.66325408,35.57549224],[139.66327122,35.57572727],[139.66332018,35.57602227],[139.66338873,35.57632707],[139.66347931,35.57664778],[139.66355765,35.57685098],[139.66366537,35.57707377],[139.6637682,35.57725738],[139.66393467,35.57752913],[139.66410849,35.5777715],[139.66428966,35.57799673],[139.66451979,35.57825379],[139.66480622,35.5785084],[139.66512204,35.57872873],[139.66538154,35.57887807],[139.66576,35.57909],[139.66596,35.57919],[139.66605,35.57923],[139.66628,35.57934],[139.66734,35.57975],[139.66757,35.57983],[139.66814,35.58004],[139.66847,35.58017],[139.6702,35.58081],[139.67064,35.58096],[139.67463,35.58234],[139.67474,35.58238],[139.67561,35.58268],[139.67752,35.58334],[139.68039,35.58417],[139.68251,35.58477],[139.68271,35.58483],[139.68322,35.58497],[139.68682,35.58601],[139.68837,35.58645],[139.68883,35.58658],[139.68916,35.58668],[139.68986,35.58692],[139.69026,35.58704],[139.69042,35.58708],[139.69126,35.58733],[139.69142,35.58738],[139.69168,35.58745],[139.69188,35.58751],[139.69269,35.58777],[139.69285,35.58782],[139.69324,35.58793],[139.6935,35.58802],[139.69607,35.58875],[139.69628,35.58881],[139.69648,35.58886],[139.69665,35.58891],[139.6973,35.58909],[139.69746,35.58913],[139.69767,35.58919],[139.69782,35.58923],[139.69821,35.58934],[139.69978,35.58978],[139.70043,35.58996],[139.70079,35.59005],[139.70106,35.59013],[139.70146,35.59024],[139.70215,35.59043],[139.70245,35.59052],[139.70343,35.59079],[139.70372,35.59087],[139.70484,35.59119],[139.70508,35.59124],[139.70571,35.59142],[139.70605,35.59152],[139.70624,35.59156],[139.70724,35.59184],[139.70746,35.5919],[139.70782,35.59201],[139.70808,35.59208],[139.70858,35.59237],[139.7116,35.59321],[139.71516,35.59422],[139.71619,35.59455],[139.7169,35.59486],[139.71779,35.59542],[139.7178,35.59543],[139.71861,35.59611],[139.71953,35.59706],[139.71978,35.59754],[139.72124,35.60085],[139.72136,35.60112],[139.72144,35.60132],[139.72177,35.60207],[139.72181,35.60217],[139.72186,35.60228],[139.72197,35.60255],[139.72292,35.60472],[139.7236,35.60622],[139.72409,35.60708],[139.72452,35.60774],[139.72487,35.60821],[139.7255,35.60896],[139.726,35.60957],[139.72636,35.61002],[139.728,35.61273],[139.72857,35.61366],[139.72894,35.61426],[139.7291,35.61453],[139.72928,35.61479],[139.72941,35.61494],[139.72955,35.61511],[139.72972,35.61528],[139.73005,35.61555],[139.73019,35.61565],[139.73043,35.6158],[139.73072,35.61596],[139.73106,35.61612],[139.73205,35.61655],[139.73247,35.61669],[139.7328,35.61677],[139.73227,35.61682],[139.73149,35.617],[139.73119,35.61709],[139.73099,35.61717],[139.73081,35.61725],[139.73068,35.61732],[139.7304,35.61748],[139.73023,35.6176],[139.73002,35.61777],[139.72964,35.61816],[139.7295,35.6183],[139.72888,35.61912],[139.72761,35.62077],[139.72628,35.62262],[139.72519,35.62415],[139.72496,35.62446],[139.72436,35.62526],[139.72422,35.62543],[139.72407,35.62562],[139.72321,35.62672],[139.72262,35.62727],[139.72231,35.62749],[139.72186,35.6278],[139.7214,35.62806],[139.72015,35.62862],[139.71957,35.62888],[139.71829,35.62944],[139.71773,35.62975],[139.71713,35.63027],[139.71667,35.63084],[139.71636,35.63136],[139.71585,35.63284],[139.71574,35.63327],[139.71562,35.63369],[139.71557,35.63395],[139.71551,35.63421],[139.71544,35.63452],[139.7154,35.63467],[139.71529,35.63513],[139.71505,35.6361],[139.71502,35.63627],[139.71499,35.63644],[139.71503,35.63721],[139.71497,35.6375],[139.71472,35.63822],[139.71465,35.63833],[139.71453,35.63849],[139.71447,35.63855],[139.71438,35.63865],[139.71427,35.63878],[139.71408,35.63901],[139.71404,35.63908],[139.7139,35.63935],[139.71354,35.64012],[139.71343,35.64049],[139.71334,35.64093],[139.71261,35.64224],[139.7122,35.64297],[139.71202,35.64323],[139.7118,35.64361],[139.71145,35.64426],[139.7111,35.6449],[139.71079,35.64546],[139.71054,35.64593],[139.70971,35.64743],[139.70956,35.6477],[139.70937,35.64804],[139.7087,35.64923],[139.70856,35.64947],[139.70791,35.65065],[139.70776,35.65092],[139.70773,35.65097],[139.70742,35.65134],[139.70691,35.65193],[139.70658,35.65224],[139.70643,35.65241],[139.70597,35.65298],[139.70555,35.65346],[139.70548,35.65355],[139.70543,35.6536],[139.70538,35.65366],[139.70427,35.6549],[139.70334,35.65595],[139.70221,35.65723],[139.70201,35.65746],[139.70174,35.65785],[139.70137,35.6588],[139.70129,35.65907],[139.70124,35.6593],[139.70122,35.65937],[139.70118,35.65956],[139.70117,35.65965],[139.70118,35.65978],[139.70123,35.66023],[139.70143,35.66181],[139.70147,35.66213],[139.7016,35.66319],[139.70164,35.66349],[139.70201,35.6665],[139.70205,35.66678],[139.70232,35.66891],[139.70235,35.66914],[139.70237,35.66934],[139.70239,35.66954],[139.70239,35.66961],[139.7024,35.66976],[139.70243,35.6699],[139.70251,35.67042],[139.70264,35.6711],[139.70275,35.67156],[139.70295,35.6722],[139.70345,35.67338],[139.70399,35.67489],[139.70412,35.67552],[139.70412,35.67583],[139.70413,35.67667],[139.70398,35.67771],[139.70384,35.67842],[139.70377,35.67936],[139.70353,35.68039],[139.70348,35.68058],[139.70325,35.68148],[139.70302,35.68239],[139.70272,35.68355],[139.70222,35.68555],[139.70171,35.68665],[139.70148,35.68712],[139.70125,35.6879],[139.70091,35.68894],[139.70089,35.68902],[139.70078,35.68935],[139.7006,35.68995],[139.70004,35.69167],[139.70003,35.69201],[139.70002,35.69228],[139.69999,35.69264],[139.69994,35.69286],[139.69967,35.69392],[139.69947,35.6948],[139.6994,35.69531],[139.69942,35.69572],[139.69943,35.69595],[139.69952,35.69644],[139.69986,35.69775],[139.69999,35.69828],[139.70006,35.6989],[139.70019,35.70011],[139.70032,35.70175],[139.70038,35.70221],[139.70054,35.70322],[139.70065,35.70389],[139.70099,35.70486],[139.70258,35.70933],[139.7027,35.70967],[139.70298,35.71048],[139.70342,35.71171],[139.70403,35.71349],[139.70418,35.71395],[139.70423,35.7141],[139.70438,35.71454],[139.70448,35.71482],[139.70461,35.71521],[139.70466,35.71535],[139.70473,35.71557],[139.70485,35.7159],[139.70492,35.7161],[139.70495,35.71621],[139.70578,35.71875],[139.70582,35.71889],[139.70596,35.71933],[139.7066,35.72145],[139.7068,35.72181],[139.70802,35.72406],[139.70915,35.72618],[139.7096,35.7268],[139.70989,35.72728],[139.71048,35.72849],[139.71071,35.72896],[139.71197,35.73144],[139.71254,35.73251],[139.71278,35.73294],[139.71318,35.73365],[139.71384,35.73484],[139.71432,35.73589],[139.71434,35.73591],[139.71587,35.7389],[139.71663,35.74035],[139.717,35.74104],[139.71736,35.74182],[139.71764,35.74238],[139.71774,35.7426],[139.71822,35.74346],[139.71865,35.74418],[139.71924,35.7451],[139.7197,35.7458],[139.72048,35.74691],[139.72107,35.74778],[139.72135,35.74831],[139.72141,35.74847],[139.72154,35.74885],[139.72167,35.74923],[139.72196,35.75045],[139.72204,35.7508],[139.72221,35.75161],[139.72226,35.75194],[139.72227,35.75323],[139.72227,35.75361],[139.72227,35.75519],[139.72228,35.75638],[139.72228,35.75719],[139.72227,35.75859],[139.72225,35.75961],[139.72225,35.76117],[139.72225,35.76223],[139.72224,35.76319],[139.72222,35.76439],[139.7222,35.76679],[139.72214,35.76881],[139.72214,35.76905],[139.72208,35.77073],[139.72208,35.77099],[139.72206,35.77179],[139.72205,35.77234],[139.72203,35.77266],[139.72192,35.77382],[139.7218,35.77581],[139.72179,35.77602],[139.72172,35.77626],[139.7216,35.77649],[139.7214,35.77687],[139.72119,35.77723],[139.72097,35.77755],[139.72024,35.77855],[139.71989,35.77905],[139.71948,35.77965],[139.71926,35.77995],[139.71906,35.78023],[139.71881,35.78063],[139.71861,35.78104],[139.71835,35.78162],[139.71814,35.78205],[139.71794,35.78243],[139.71778,35.78285],[139.7177,35.78308],[139.71759,35.78341],[139.71746,35.78376],[139.71732,35.78416],[139.71716,35.78457],[139.717,35.78501],[139.71692,35.78533],[139.71681,35.78574],[139.71676,35.78617],[139.71676,35.78628],[139.71677,35.78657],[139.71679,35.78692],[139.71685,35.78739],[139.71696,35.78835],[139.71697,35.78852],[139.71707,35.78938],[139.71725,35.79098],[139.71735,35.79192],[139.71746,35.79295],[139.71765,35.79471],[139.71769,35.79515],[139.71785,35.79577],[139.71799,35.79618],[139.718,35.79624],[139.71805,35.79654],[139.71828,35.79804],[139.71833,35.79849],[139.71832,35.799],[139.71824,35.79971],[139.71817,35.80016],[139.7181,35.80041],[139.71793,35.80093],[139.71788,35.80104],[139.71758,35.80169],[139.71735,35.80207],[139.71716,35.80237],[139.71698,35.80267],[139.71659,35.80313],[139.71633,35.80347],[139.71588,35.80393],[139.71504,35.80476],[139.71464,35.80519],[139.71366,35.80612],[139.7119,35.80787],[139.71178,35.80799],[139.71016,35.8096],[139.70934,35.81042],[139.70849,35.81127],[139.70769,35.81208],[139.70685,35.81297],[139.70497,35.8149],[139.70375,35.81613],[139.70272,35.81714],[139.70227,35.81759],[139.7014,35.81847],[139.7005,35.81936],[139.6998,35.82007],[139.69933,35.8205],[139.69911,35.82071],[139.69895,35.82083],[139.6982,35.8214],[139.69735,35.82202],[139.69653,35.8226],[139.69564,35.82325],[139.69481,35.82385],[139.69402,35.82445],[139.69356,35.82481],[139.69307,35.82525],[139.69254,35.82577],[139.69191,35.82643],[139.69116,35.82721],[139.68967,35.82865],[139.6893,35.82901],[139.68769,35.83059],[139.68621,35.83199],[139.68489,35.83334],[139.68335,35.8349],[139.68233,35.83594],[139.68166,35.83655],[139.68073,35.83737],[139.68004,35.83803],[139.67899,35.83905],[139.67817,35.83984],[139.67815,35.83985],[139.67728,35.84067],[139.67641,35.84149],[139.67593,35.84193],[139.67552,35.84232],[139.67518,35.84262],[139.67326,35.84424],[139.67228,35.84508],[139.67092,35.84623],[139.67064,35.84647],[139.66987094,35.84723657],[139.66963,35.84745],[139.6676,35.84922],[139.66701,35.84974],[139.66635,35.85033],[139.66555,35.85101],[139.66512,35.85139],[139.66483,35.8516],[139.66454,35.8518],[139.66391,35.85222],[139.66356,35.85245],[139.66322,35.85267],[139.662,35.85358],[139.66174,35.85376],[139.66043,35.85475],[139.65945,35.85555],[139.65917,35.85581],[139.6588,35.85624],[139.65845,35.85665],[139.6581,35.85709],[139.6579,35.85736],[139.65775,35.8576],[139.65763,35.85777],[139.65666,35.85936],[139.65617,35.86017],[139.65575,35.86084],[139.65551,35.86123],[139.65532,35.86155],[139.65487,35.86222],[139.65392,35.86365],[139.65336,35.86448],[139.65267,35.8655],[139.65231,35.86603],[139.65214,35.86629],[139.65188,35.86664],[139.65158,35.86691],[139.65116,35.86734],[139.65072,35.86775],[139.65002,35.8684],[139.64947,35.86888],[139.64852,35.86971],[139.64652,35.8715],[139.64498,35.8729],[139.64423,35.87356],[139.64371,35.87409],[139.64327,35.87463],[139.64307,35.87494],[139.64286,35.8753],[139.64263,35.87575],[139.64247,35.87611],[139.64201,35.87714],[139.64167,35.87801],[139.64108,35.87941],[139.64068,35.88036],[139.64005,35.88185],[139.63971,35.88269],[139.63934,35.88361],[139.63864,35.88514],[139.63847,35.88546],[139.63805,35.88623],[139.63757,35.88706],[139.63745,35.88731],[139.63713,35.88809],[139.63679,35.88883],[139.63652,35.88937],[139.63618,35.89002],[139.63591,35.89049],[139.63546,35.89128],[139.63516,35.89175],[139.63472,35.89241],[139.63308,35.89478],[139.63259,35.89546],[139.63177,35.89646],[139.63143,35.89683],[139.63143,35.89684],[139.63094,35.89732],[139.63063,35.89766],[139.63006,35.8982],[139.62883,35.8993],[139.62814,35.89993],[139.62785,35.9002],[139.62768,35.90037],[139.62711,35.90105],[139.62668,35.90163],[139.62601,35.90273],[139.62577,35.90318],[139.62535,35.90402],[139.62491,35.90505],[139.62383,35.90782],[139.62362,35.90835],[139.62308,35.90968],[139.62287,35.91022],[139.62256,35.91137],[139.62243,35.91208],[139.62232,35.91235],[139.62203,35.91316],[139.62177,35.91371],[139.62094,35.91586],[139.6204,35.91713],[139.61996,35.91824],[139.61943,35.91965],[139.61937,35.91987],[139.61931,35.92005],[139.61839,35.92244],[139.61752,35.92474],[139.61751,35.92479],[139.61743,35.92502],[139.61734,35.92525],[139.61694,35.92626],[139.6166,35.92753],[139.61636,35.92829],[139.61609,35.92882],[139.61555,35.92982],[139.61474,35.93093],[139.6141,35.93178],[139.61309,35.93299],[139.6123,35.93393],[139.61104,35.93542],[139.61082,35.93573],[139.61067,35.93596],[139.61048,35.93633],[139.61033,35.93668],[139.61023,35.93711],[139.60988,35.9387],[139.60984,35.93886],[139.60973,35.93938],[139.60931,35.94168],[139.60916,35.94227],[139.60895,35.94304],[139.60868,35.94374],[139.60859,35.94396],[139.60835,35.94446],[139.60804,35.945],[139.60788,35.94527],[139.60698,35.94634],[139.60534,35.94833],[139.60429,35.9496],[139.60326,35.95085],[139.60246,35.95179],[139.60222,35.9521],[139.60196,35.95247],[139.60158,35.95319],[139.60116,35.95415],[139.60106,35.95436],[139.60065,35.95534],[139.59968,35.95767],[139.59922,35.95878],[139.59823,35.96114],[139.59798,35.96172],[139.59754,35.96259],[139.59721,35.96315],[139.59677,35.96376],[139.59591,35.96474],[139.59475,35.96614],[139.59246,35.96875],[139.59244,35.96878],[139.59168,35.96969],[139.58981,35.97185],[139.58781,35.97419],[139.58593,35.97641],[139.58529,35.97714],[139.58493,35.97752],[139.58451,35.97798],[139.58354,35.97895],[139.58336,35.97914],[139.58282,35.97969],[139.5816,35.98096],[139.57998,35.98266],[139.57863,35.98405],[139.57652,35.98625],[139.57555,35.98726],[139.57522,35.9876],[139.57366,35.98923],[139.5719,35.99102],[139.5704,35.9926],[139.56973,35.99325],[139.56863,35.99428],[139.56819,35.99469],[139.56815,35.99473],[139.56767,35.99517],[139.56675,35.99607],[139.56575,35.99699],[139.56515,35.99758],[139.56328,35.99929],[139.56094,36.00151],[139.55919,36.00319],[139.5586,36.00376],[139.55836,36.00396],[139.55821,36.00411],[139.55804,36.00427],[139.55786,36.00443],[139.55754,36.00472],[139.55657,36.00561],[139.55643,36.00574],[139.55627,36.00589],[139.55596,36.00618],[139.55566,36.00645],[139.5555,36.0066],[139.55533,36.00675],[139.5549,36.00715],[139.55451,36.00751],[139.55413,36.00785],[139.55404,36.00794],[139.55374,36.00822],[139.55359,36.00836],[139.55346,36.00848],[139.55317,36.00875],[139.55268,36.0092],[139.55191,36.00992],[139.55164,36.01019],[139.55084,36.01094],[139.54943,36.01228],[139.54943,36.01229],[139.54886,36.01282],[139.54849,36.0132],[139.54795,36.01385],[139.54734,36.01461],[139.54706,36.01493],[139.547,36.01501],[139.54551,36.01683],[139.54512,36.0173],[139.54422,36.0184],[139.5441,36.01853],[139.54309,36.01979],[139.54227,36.02081],[139.54142,36.02186],[139.54094,36.02244],[139.54067,36.02277],[139.54007,36.02349],[139.53985,36.02377],[139.53968,36.02396],[139.5395,36.02419],[139.53864,36.0252],[139.53791,36.02605],[139.53643,36.0278],[139.53588,36.02846],[139.53572,36.02869],[139.5356,36.02886],[139.53549,36.02901],[139.53495,36.02981],[139.53485,36.02997],[139.53461,36.03035],[139.53448,36.03059],[139.53313,36.03292],[139.53261,36.03377],[139.5319,36.03483],[139.53178,36.03501],[139.53169,36.03516],[139.53126,36.0358],[139.53088,36.03629],[139.5305,36.03673],[139.52942,36.03785],[139.52906,36.03822],[139.52859,36.03872],[139.52826,36.03909],[139.52752,36.03988],[139.5271,36.0403],[139.52668,36.04075],[139.52629,36.04115],[139.52606,36.0414],[139.52455,36.04301],[139.5243,36.04325],[139.52412,36.04345],[139.52369,36.04391],[139.5236,36.04399],[139.52319,36.04443],[139.52303,36.0446],[139.52274,36.04489],[139.52182,36.04584],[139.52146,36.0462],[139.52126,36.04641],[139.52114,36.04654],[139.52103,36.04664],[139.52092,36.04677],[139.52074,36.04694],[139.52066,36.04702],[139.52055,36.04714],[139.52044,36.04725],[139.5203,36.0474],[139.52005,36.04764],[139.51975,36.04794],[139.51957,36.04812],[139.51923,36.04847],[139.51913,36.04856],[139.51877,36.04893],[139.51811,36.0496],[139.51743,36.05027],[139.51691,36.0508],[139.51677,36.05094],[139.51648,36.05124],[139.5163,36.05142],[139.51626,36.05146],[139.51592,36.0518],[139.51571,36.05201],[139.51553,36.0522],[139.51453,36.0532],[139.51307,36.05471],[139.51262,36.05524],[139.51256,36.05533],[139.51211,36.05588],[139.51197,36.05605],[139.51183,36.05623],[139.51174,36.05636],[139.51152,36.05663],[139.51136,36.05685],[139.51128,36.05695],[139.51115,36.05714],[139.511,36.05734],[139.51091,36.05746],[139.51084,36.05756],[139.51077,36.05763],[139.5084,36.06085],[139.50722,36.06248],[139.50556,36.06475],[139.50434,36.0664],[139.50401,36.06685],[139.50374,36.06722],[139.50357,36.06747],[139.50353,36.06752],[139.50344,36.06764],[139.50327,36.06784],[139.50312,36.06799],[139.50306,36.06804],[139.50284,36.06823],[139.50262,36.0684],[139.50252,36.06847],[139.50223,36.06868],[139.50183,36.06895],[139.50015,36.06996],[139.50004,36.07001],[139.49984,36.07014],[139.49887,36.0707],[139.49826,36.07107],[139.49782,36.07133],[139.49678,36.07195],[139.49659,36.07207],[139.49616,36.0723],[139.49557,36.07263],[139.49499,36.07296],[139.49432,36.07335],[139.49359,36.07378],[139.4926,36.07436],[139.49206,36.07468],[139.4909,36.07536],[139.48949,36.07619],[139.48878,36.07661],[139.48804,36.07704],[139.48777,36.07721],[139.4875,36.07737],[139.48702,36.07764],[139.48656,36.07787],[139.48604,36.07814],[139.48562,36.07833],[139.48483,36.0787],[139.48453,36.07884],[139.48407,36.07905],[139.48355,36.07933],[139.48333,36.07946],[139.483,36.07967],[139.48278,36.07982],[139.48242,36.0801],[139.48189,36.08055],[139.48121,36.08123],[139.48053,36.08189],[139.48033,36.08211],[139.4801,36.08232],[139.47957,36.08286],[139.47944,36.08299],[139.47935,36.08307],[139.47894,36.08349],[139.47861,36.08382],[139.47804,36.08439],[139.47784,36.08459],[139.47607,36.0864],[139.47596,36.08651],[139.47551,36.08694],[139.47487,36.0875],[139.47425,36.08798],[139.47412,36.08806],[139.47385,36.0882],[139.47284,36.08873],[139.47142,36.08944],[139.47058,36.08987],[139.46846,36.09092],[139.46812,36.09109],[139.46702,36.09165],[139.46628,36.09207],[139.46609,36.09224],[139.46576,36.09263],[139.46488,36.09373],[139.46356,36.09546],[139.46306,36.0961],[139.46274,36.09651],[139.46203,36.09743],[139.46084,36.09897],[139.4604,36.09953],[139.46021,36.09975],[139.45997,36.10003],[139.45942,36.1004],[139.45887,36.10068],[139.45858,36.10081],[139.45776,36.10116],[139.45533,36.10217],[139.4547,36.10243],[139.45382,36.10279],[139.45273,36.10325],[139.45188,36.10361],[139.45186,36.10362],[139.45114,36.10393],[139.44945,36.10453],[139.44887,36.10466],[139.44778,36.10485],[139.44444,36.10527],[139.44306,36.10546],[139.44192,36.10566],[139.44142,36.1058],[139.4412,36.10585],[139.44096,36.10593],[139.44071,36.10601],[139.44047,36.10612],[139.43985,36.10644],[139.43932,36.1068],[139.43884,36.10718],[139.43766,36.10833],[139.4364,36.10959],[139.43496,36.11103],[139.43395,36.11202],[139.43363,36.11234],[139.43322,36.11275],[139.43248,36.11348],[139.43171,36.11426],[139.43095,36.11504],[139.43084,36.11515],[139.42931,36.11671],[139.42913,36.11685],[139.42872,36.11716],[139.42774,36.11781],[139.42699,36.11831],[139.42639,36.11871],[139.42535,36.11938],[139.42383,36.12037],[139.42375,36.12042],[139.42187,36.12163],[139.42131,36.12198],[139.42094,36.12221],[139.42007,36.12266],[139.41738,36.12392],[139.4157,36.12471],[139.41265,36.12617],[139.4099,36.12747],[139.40782,36.12847],[139.40781,36.12847],[139.40666,36.12904],[139.40622,36.1293],[139.40573,36.12964],[139.40506,36.13013],[139.40373,36.13113],[139.40228,36.13225],[139.40106,36.13315],[139.39992,36.13404],[139.39975,36.13417],[139.39947,36.13438],[139.39831,36.13526],[139.39646,36.13664],[139.39547,36.13734],[139.39526,36.13751],[139.39463,36.13796],[139.39422,36.13819],[139.39378,36.1384],[139.39274,36.13881],[139.39057,36.1396],[139.38928,36.14002],[139.38792,36.14055],[139.38547,36.14149],[139.38422,36.14197],[139.38176,36.14293],[139.37866,36.1441],[139.37816,36.14431],[139.3779,36.14445],[139.37759,36.14469],[139.37613,36.14609],[139.37528,36.14689],[139.37387,36.14824],[139.37381,36.14829],[139.37274,36.14927],[139.37179,36.15015],[139.3715,36.15036],[139.37116,36.15068],[139.37054,36.15125],[139.36961,36.15212],[139.36911,36.15261],[139.36844,36.15321],[139.36754,36.15405],[139.36679,36.15465],[139.36598,36.15527],[139.36541,36.15567],[139.36504,36.15588],[139.36479,36.15607],[139.36369,36.15679],[139.3629,36.15726],[139.36151,36.15806],[139.36017,36.15878],[139.35983,36.15896],[139.35954,36.15911],[139.35725,36.16034],[139.35515,36.16148],[139.35391,36.16215],[139.35262,36.16284],[139.3514,36.16349],[139.35017,36.16413],[139.34881,36.16482],[139.34792,36.16522],[139.34721,36.16551],[139.34636,36.16596],[139.34525,36.16656],[139.34344,36.16755],[139.34246,36.16808],[139.34151,36.16861],[139.34086,36.16896],[139.34015,36.16938],[139.33939,36.16983],[139.339,36.17003],[139.33801,36.17057],[139.33625,36.17152],[139.33491,36.17225],[139.33364,36.17292],[139.33325,36.17312],[139.332,36.17369],[139.32852,36.17515],[139.3277,36.17548],[139.32714,36.17572],[139.32615,36.17613],[139.32558,36.17638],[139.32536,36.17647],[139.32311,36.1774],[139.32245,36.17769],[139.32055,36.17848],[139.31856,36.17932],[139.31719,36.17989],[139.31673,36.18009],[139.31538,36.18066],[139.31447,36.18105],[139.31272,36.18177],[139.312,36.18208],[139.31011,36.18288],[139.30952,36.18312],[139.30758,36.18393],[139.30707,36.18416],[139.30689,36.18423],[139.30616,36.18452],[139.30448,36.18524],[139.30415,36.18538],[139.30336,36.18567],[139.30283,36.18589],[139.30202,36.18614],[139.30112,36.18639],[139.29906,36.18691],[139.29844,36.18706],[139.29661,36.18752],[139.29597,36.18768],[139.29473,36.188],[139.29269,36.18851],[139.29166,36.18877],[139.28983,36.18923],[139.28886,36.18946],[139.2872,36.18989],[139.28654,36.19005],[139.28602,36.19018],[139.28575,36.19025],[139.28476,36.1905],[139.28423,36.19062],[139.28287,36.19097],[139.27982,36.19172],[139.27952,36.19181],[139.27816,36.19215],[139.27755,36.19231],[139.27671,36.19253],[139.27668,36.19254],[139.27528,36.19289],[139.27474,36.19304],[139.27386,36.19328],[139.27271,36.19361],[139.27239,36.1937],[139.27209,36.19379],[139.27174,36.19388],[139.27114,36.19402],[139.2708,36.1941],[139.27017,36.1942],[139.26937,36.19429],[139.2686,36.19438],[139.26778,36.19444],[139.26708,36.1945],[139.26627,36.19455],[139.26598,36.19457],[139.26567,36.1946],[139.2649,36.19469],[139.26424,36.19476],[139.2635,36.19485],[139.26267,36.19499],[139.2621,36.19511],[139.26151,36.19527],[139.26111,36.19538],[139.26076,36.1955],[139.2603,36.19564],[139.26014,36.19571],[139.25996,36.19578],[139.25969,36.1959],[139.25918,36.19612],[139.25712,36.19704],[139.2557,36.19767],[139.2552,36.19789],[139.25322,36.19877],[139.25234,36.19917],[139.25064,36.19991],[139.24958,36.20039],[139.24828,36.20099],[139.24782,36.20121],[139.24679,36.20172],[139.24614,36.20202],[139.24509,36.20247],[139.24421,36.20284],[139.2431,36.20331],[139.24203,36.20377],[139.24121,36.20413],[139.24043,36.20446],[139.23964,36.20479],[139.23926,36.20496],[139.23773,36.20562],[139.2368,36.20603],[139.23572,36.20652],[139.23487,36.20691],[139.2343,36.20717],[139.23394,36.20734],[139.23274,36.20792],[139.2321,36.20822],[139.23167,36.20843],[139.23143,36.20856],[139.23106,36.20875],[139.23062,36.20901],[139.23019,36.20927],[139.22949,36.20973],[139.22859,36.21035],[139.22803,36.21073],[139.22713,36.21139],[139.22634,36.21191],[139.22551,36.21245],[139.22541,36.21251],[139.22488,36.21285],[139.22386,36.21349],[139.22323,36.21389],[139.22277,36.21416],[139.22242,36.21433],[139.22213,36.21447],[139.22189,36.21458],[139.22169,36.21466],[139.22115,36.21487],[139.22032,36.21516],[139.21963,36.2154],[139.2191,36.21558],[139.21806,36.21596],[139.21704,36.21631],[139.21573,36.21678],[139.21547,36.21688],[139.21482,36.21711],[139.21349,36.2176],[139.21308,36.21775],[139.21264,36.21793],[139.21245,36.21801],[139.21229,36.2181],[139.21207,36.21821],[139.21188,36.21831],[139.21162,36.21845],[139.2115,36.21852],[139.21125,36.2187],[139.21101,36.21887],[139.21069,36.21913],[139.21053,36.21926],[139.21025,36.2195],[139.20984,36.21987],[139.20932,36.22034],[139.20906,36.2206],[139.20828,36.2213],[139.20797,36.22158],[139.20734,36.22214],[139.20638,36.22299],[139.2056,36.2237],[139.20476,36.22446],[139.20418,36.22499],[139.20353,36.22557],[139.20285,36.22619],[139.20197,36.22696],[139.20036,36.22842],[139.20016,36.2286],[139.19914,36.2295],[139.19842,36.23015],[139.19819,36.23035],[139.19725,36.2312],[139.19654,36.23185],[139.19586,36.23246],[139.19515,36.23303],[139.1946,36.23342],[139.19368,36.23384],[139.19237,36.23443],[139.19189,36.23464],[139.19044,36.23527],[139.18975,36.23558],[139.18796,36.23638],[139.18652,36.23702],[139.18582,36.23733],[139.1853,36.23756],[139.18488,36.23774],[139.18379,36.23823],[139.18234,36.23887],[139.18137,36.23931],[139.18022,36.23981],[139.17882,36.24044],[139.17745,36.24104],[139.17669,36.24138],[139.17557,36.24189],[139.175,36.24215],[139.1747,36.24228],[139.17161,36.24364],[139.1701,36.24431],[139.16889,36.24484],[139.16674,36.2458],[139.16584,36.2462],[139.16499,36.24657],[139.16399,36.24702],[139.16236,36.24774],[139.16029,36.24865],[139.15909,36.24917],[139.15817,36.2496],[139.15688,36.25017],[139.15611,36.25051],[139.15568,36.25071],[139.15445,36.25126],[139.15318,36.25183],[139.15158,36.25254],[139.15042,36.25304],[139.15016,36.25315],[139.14895,36.25365],[139.14793,36.25407],[139.14761,36.25421],[139.14745,36.25429],[139.14715,36.25442],[139.14652,36.2547],[139.1458,36.25502],[139.14521,36.25529],[139.14451,36.25561],[139.14428,36.25571],[139.14397,36.25585],[139.14356,36.25603],[139.14343,36.25609],[139.14216,36.25667],[139.14206,36.25672],[139.14195,36.25677],[139.14045,36.25745],[139.13979,36.25774],[139.13964,36.25782],[139.13955,36.25784],[139.13901,36.25809],[139.13884,36.25816],[139.13792,36.25858],[139.13735,36.25883],[139.13696,36.259],[139.13692,36.25903],[139.13595,36.25946],[139.13535,36.25973],[139.13523,36.25979],[139.13483,36.25997],[139.13421,36.26025],[139.13218,36.26117],[139.13172,36.26138],[139.13088,36.26175],[139.13064,36.26187],[139.1303,36.26202],[139.13007,36.26212],[139.12994,36.26217],[139.12957,36.26234],[139.12913,36.26254],[139.12889,36.26265],[139.12823,36.26295],[139.12747,36.2633],[139.12738,36.26333],[139.12734,36.26335],[139.12731,36.26336],[139.12655,36.26371],[139.12489,36.26445],[139.12422,36.26475],[139.12387,36.26491],[139.12363,36.26502],[139.12326,36.26518],[139.12313,36.26524],[139.12271,36.26542],[139.12253,36.2655],[139.12213,36.26567],[139.12181,36.26581],[139.12176,36.26583],[139.12149,36.26595],[139.12113,36.26613],[139.12074,36.26629],[139.12,36.26664],[139.11957,36.26684],[139.11885,36.26717],[139.11829,36.26741],[139.11757,36.26773],[139.11684,36.26805],[139.11654,36.26818],[139.11637,36.26825],[139.11553,36.26861],[139.11386,36.26934],[139.113,36.26972],[139.11034,36.27091],[139.10973,36.27118],[139.10933,36.27135],[139.10774,36.27204],[139.10696,36.27238],[139.10648,36.27258],[139.1057,36.27293],[139.10487,36.27329],[139.10367,36.27383],[139.10321,36.27402],[139.10263,36.27426],[139.10248,36.27433],[139.10227,36.27442],[139.1017,36.27468],[139.10143,36.2748],[139.10121,36.27489],[139.1007,36.27511],[139.10005,36.27539],[139.09965,36.27557],[139.0991,36.27581],[139.09863,36.276],[139.09794,36.27631],[139.09764,36.27644],[139.09727,36.27661],[139.09672,36.27686],[139.09671,36.27686],[139.09629,36.27705],[139.0959,36.27723],[139.09545,36.27742],[139.09502,36.2776],[139.09468,36.27775],[139.09393,36.27806],[139.09358,36.27822],[139.09302,36.27847],[139.09248,36.2787],[139.09215,36.27885],[139.09174,36.27903],[139.09135,36.27919],[139.09088,36.2794],[139.09042,36.27961],[139.09028,36.27968],[139.09017,36.27974],[139.08966,36.27996],[139.08892,36.28031],[139.08841,36.28053],[139.08835,36.28056],[139.08765,36.28084],[139.08721,36.281],[139.08682,36.28116],[139.0864,36.28132],[139.08603,36.28143],[139.08558,36.28157],[139.08517,36.28169],[139.08437,36.28186],[139.08373,36.28202],[139.08325,36.28212],[139.08272,36.28225],[139.08221,36.28236],[139.08083,36.28268],[139.07997,36.28287],[139.07978,36.2829],[139.07915,36.28305],[139.07868,36.28316],[139.07813,36.28327],[139.07765,36.28337],[139.07747,36.28343],[139.07696,36.28354],[139.07632,36.28368],[139.0758,36.2838],[139.07505,36.28397],[139.0745,36.2841],[139.07403,36.2842],[139.07358,36.28431],[139.07318,36.28443],[139.07296,36.28451],[139.07288,36.28455],[139.07228,36.28488],[139.07194,36.2851],[139.07186,36.28517],[139.07181,36.2852],[139.07172,36.28527],[139.07169,36.2853],[139.07126,36.28566],[139.07112,36.2858],[139.07102,36.28592],[139.07091,36.28604],[139.07077,36.28623],[139.07061,36.28645],[139.07034,36.28697],[139.07012,36.28753],[139.07008,36.28764],[139.06992,36.28808],[139.0696,36.2889],[139.06929,36.28973],[139.06905,36.29036],[139.0688,36.29102],[139.06875,36.29117],[139.06853,36.29172],[139.06839,36.292],[139.06813,36.29245],[139.06786,36.29281],[139.06751,36.29323],[139.06711,36.29363],[139.06666,36.29396],[139.06634,36.29412],[139.06588,36.29434],[139.06556,36.29447],[139.065,36.29466],[139.06436,36.29489],[139.06314,36.29533],[139.06294,36.29541],[139.06261,36.29552],[139.06257,36.29553],[139.06217,36.29568],[139.06156,36.2959],[139.06101,36.29611],[139.0606,36.29625],[139.06045,36.29632],[139.06002,36.29647],[139.05947,36.29667],[139.05904,36.29682],[139.05868,36.29696],[139.05822,36.29713],[139.05789,36.29725],[139.05756,36.29738],[139.05707,36.29755],[139.05657,36.29773],[139.05613,36.2979],[139.05564,36.29808],[139.05529,36.29821],[139.05465,36.29844],[139.05412,36.29863],[139.05362,36.29881],[139.05308,36.299],[139.05276,36.29911],[139.05256,36.2992],[139.0525,36.29922],[139.0519,36.29944],[139.05137,36.29961],[139.05082,36.2998],[139.05011,36.30005],[139.04933,36.30033],[139.04859,36.30061],[139.04751,36.301],[139.0472,36.30111],[139.04682,36.30126],[139.04635,36.30142],[139.04593,36.30157],[139.04527,36.30182],[139.04463,36.30206],[139.04425,36.30219],[139.04405,36.30228],[139.04342,36.30249],[139.04316,36.30258],[139.04299,36.30264],[139.04277,36.30272],[139.04264,36.30276],[139.04234,36.30284],[139.04204,36.30293],[139.04166,36.30304],[139.04134,36.30313],[139.04093,36.30324],[139.04055,36.30334],[139.04031,36.30342],[139.03992,36.30355],[139.03986,36.30356],[139.03967,36.30363],[139.03923,36.30379],[139.03896,36.3039],[139.03864,36.30403],[139.0382,36.30423],[139.03781,36.3044],[139.03757,36.3045],[139.03711,36.30469],[139.03675,36.30484],[139.03625,36.30504],[139.03597,36.30516],[139.03548,36.30534],[139.03507,36.30551],[139.03452,36.30571],[139.0339,36.30595],[139.03323,36.30621],[139.03275,36.3064],[139.03195,36.3067],[139.0315,36.30688],[139.02989,36.3075],[139.0296,36.30759],[139.0293,36.30771],[139.02912,36.30777],[139.02882,36.30787],[139.0284,36.30801],[139.02801,36.30815],[139.02768,36.30831],[139.02739,36.30845],[139.02681,36.30876],[139.02609,36.30913],[139.02541,36.30947],[139.02455,36.30991],[139.02425,36.31008],[139.02412,36.31015],[139.02354,36.31042],[139.02328,36.31056],[139.02264,36.31091],[139.02199,36.31126],[139.02133,36.31161],[139.02078,36.3119],[139.0201,36.31227],[139.01928,36.31271],[139.01697,36.3139],[139.01659,36.31408],[139.016,36.31442],[139.01543,36.31473],[139.01503,36.31494],[139.01495,36.31499],[139.01479,36.31508],[139.01424,36.31541],[139.01411,36.31551],[139.01406,36.31555],[139.01399,36.31561],[139.01378,36.31584],[139.01363,36.316],[139.01358,36.31607],[139.01341,36.31629],[139.01314,36.31672],[139.01305,36.31691],[139.01302,36.31698],[139.0129,36.31725],[139.01283,36.31748],[139.01278,36.31762],[139.01274,36.31785],[139.01269,36.31823],[139.01268,36.31856],[139.01265,36.31878],[139.01262,36.3191],[139.01255,36.31992],[139.01249,36.32059]],[[139.62491,35.90505],[139.62535,35.90402],[139.62577,35.90318],[139.62601,35.90273],[139.62668,35.90163],[139.6261,35.90227],[139.6258,35.90269],[139.62558,35.90305],[139.62517,35.90379],[139.62477,35.90472],[139.62475,35.90477],[139.6236,35.90764],[139.62349,35.90794],[139.62266,35.91018],[139.62227,35.9117],[139.62219,35.91247],[139.62221,35.91285],[139.62227,35.91317],[139.62242,35.91367],[139.62253,35.91401],[139.62287,35.91482],[139.62324,35.91565],[139.62378,35.91659],[139.62398,35.91693],[139.62408,35.91711],[139.6247,35.91821],[139.62561,35.91987],[139.62668,35.92174],[139.62674,35.92185],[139.62726,35.92276],[139.62757,35.9233],[139.62769,35.92352],[139.62788,35.92389],[139.62822,35.92451],[139.62851,35.92504],[139.62875,35.9255],[139.6291,35.92614],[139.62942,35.92674],[139.62992,35.92766],[139.62999,35.92779],[139.63015,35.92809],[139.63086,35.9294],[139.63122,35.93008],[139.63154,35.93067],[139.63285,35.93316],[139.63319,35.93377],[139.63356,35.93448],[139.63441,35.93608],[139.63474,35.93677],[139.63583,35.93882],[139.63634,35.93977],[139.63651,35.94011],[139.63672,35.9405],[139.63699,35.94101],[139.63716,35.94132],[139.6374,35.94179],[139.63797,35.94285],[139.63811,35.94311],[139.63832,35.94352],[139.63851,35.94389],[139.63869,35.94426],[139.63898,35.94483],[139.63942,35.94588],[139.63982,35.94696],[139.6407,35.94976],[139.64087,35.95044],[139.64096,35.9509],[139.641,35.95105],[139.64114,35.95225],[139.64114,35.95239],[139.64123,35.95311],[139.64126,35.95337],[139.64137,35.95439],[139.64137,35.9545],[139.64139,35.95463],[139.64155,35.9563],[139.64175,35.95826],[139.64197,35.96022],[139.64204,35.96085],[139.64213,35.96142],[139.64224,35.96194],[139.64224,35.96203],[139.64232,35.96234],[139.64241,35.96269],[139.64245,35.96282],[139.64278,35.96355],[139.64288,35.96373],[139.64341,35.96466],[139.64365,35.96507],[139.64407,35.96581],[139.64417,35.96598],[139.6443,35.9662],[139.64652,35.97004],[139.64699,35.97083],[139.64904,35.97435],[139.64994,35.97592],[139.65045,35.97681],[139.65095,35.97765],[139.65121,35.9781],[139.65153,35.97864],[139.65189,35.97925],[139.65226,35.97992],[139.65367,35.98241],[139.65404,35.98304],[139.65448,35.98382],[139.65491,35.98458],[139.65517,35.98499],[139.65549,35.98541],[139.65584,35.98579],[139.65606,35.98598],[139.65624,35.98612],[139.65646,35.98631],[139.65663,35.98645],[139.65676,35.98655],[139.65707,35.98679],[139.65785,35.98741],[139.65847,35.98792],[139.65871,35.98815],[139.65917,35.98868],[139.65957,35.98929],[139.65982,35.98979],[139.66001,35.99027],[139.66008,35.99045],[139.66031,35.99108],[139.66045,35.99147],[139.66057,35.99175],[139.66117,35.99338],[139.66131,35.99374],[139.66145,35.99415],[139.66169,35.99481],[139.66199,35.99565],[139.66224,35.99635],[139.66254,35.99714],[139.6629,35.99816],[139.66318,35.99895],[139.66347,35.99966],[139.66359,35.99999],[139.66363,36.0001],[139.66379,36.00045],[139.66394,36.00084],[139.66404,36.00128],[139.66415,36.00187],[139.66423,36.00232],[139.66431,36.00285],[139.66438,36.00319],[139.66478,36.00639],[139.66486,36.00686],[139.66491,36.00713],[139.66497,36.00744],[139.66536,36.00934],[139.6657,36.01084],[139.66613,36.01265],[139.66643,36.01396],[139.66663,36.01485],[139.66672,36.0153],[139.6668,36.01633],[139.66696,36.01923],[139.66708,36.02187],[139.66717,36.02379],[139.6673,36.02493],[139.66747,36.02579],[139.66753,36.02604],[139.66761,36.02632],[139.66779,36.02687],[139.66808,36.0278],[139.66857,36.02929],[139.66879,36.02992],[139.66921,36.03083],[139.66987,36.03229],[139.67005,36.03268],[139.67037,36.03339],[139.6711,36.0349],[139.67148,36.03582],[139.67155,36.03611],[139.67168,36.03683],[139.6721,36.03967],[139.67244,36.04157],[139.67248,36.04182],[139.67276,36.04372],[139.67283,36.04414],[139.67333,36.04726],[139.67384,36.05052],[139.67389,36.05078],[139.67392,36.05102],[139.67398,36.05136],[139.67466,36.05572],[139.67467,36.05579],[139.67511,36.05886],[139.6753,36.06015],[139.67551,36.06156],[139.67565,36.06211],[139.67577,36.06258],[139.67599,36.06311],[139.67626,36.06367],[139.6767,36.06452],[139.67805,36.0671],[139.67823,36.06746],[139.67907,36.0691],[139.6797,36.07033],[139.67997,36.07096],[139.68014,36.07181],[139.68022,36.07248],[139.68015,36.07406],[139.68008,36.07618],[139.68008,36.07661],[139.68006,36.07713],[139.68,36.07824],[139.67995,36.07923],[139.67995,36.0793],[139.67992,36.07998],[139.67991,36.0802],[139.67975,36.08394],[139.67966,36.08652],[139.67954,36.08793],[139.67933,36.09066],[139.67914,36.09295],[139.67897,36.09522],[139.67894,36.09551],[139.67875,36.09798],[139.67854,36.10057],[139.67844,36.10194],[139.67843,36.10253],[139.67849,36.103],[139.67881,36.1056],[139.67893,36.10697],[139.67896,36.10726],[139.67914,36.10929],[139.67916,36.10947],[139.67918,36.10962],[139.67926,36.11032],[139.67936,36.11078],[139.67953,36.11135],[139.67967,36.11168],[139.6798,36.11191],[139.67998,36.11218],[139.68029,36.11256],[139.68131,36.11366],[139.68173,36.1141],[139.68194,36.11432],[139.68326,36.11574],[139.68509,36.1177],[139.68571,36.11838],[139.68607,36.11881],[139.68637,36.11934],[139.68734,36.12117],[139.68872,36.12372],[139.68987,36.12581],[139.69026,36.12652],[139.69175,36.12928],[139.69229,36.13023],[139.69299,36.13168],[139.69314,36.13204],[139.69335,36.13256],[139.6936,36.13336],[139.69376,36.13422],[139.69431,36.13721],[139.69475,36.13982],[139.69519,36.14222],[139.69523,36.14242],[139.69538,36.14329],[139.69553,36.14383],[139.69563,36.1441],[139.69567,36.14418],[139.69585,36.14448],[139.69609,36.14475],[139.69645,36.14515],[139.6968,36.14549],[139.69726,36.14585],[139.69753,36.14601],[139.69808,36.14632],[139.69843,36.14652],[139.70088,36.14785],[139.70108,36.14796],[139.70418,36.14963],[139.70509,36.15013],[139.70553,36.15037],[139.70709,36.15121],[139.7077,36.15156],[139.70842,36.15207],[139.70918,36.15272],[139.70957,36.15306],[139.71099,36.15438],[139.71222,36.15548],[139.71375,36.15677],[139.71503,36.15783],[139.71626,36.1588],[139.71717,36.15956],[139.71781,36.16023],[139.71808,36.16058],[139.71831,36.16094],[139.71843,36.16119],[139.71857,36.16161],[139.71864,36.16197],[139.71864,36.16233],[139.71859,36.16288],[139.71845,36.16358],[139.71801,36.16559],[139.71794,36.16595],[139.71753,36.16785],[139.71696,36.1696],[139.71688,36.16984],[139.71668,36.17053],[139.71658,36.17087],[139.716,36.17283],[139.71568,36.17391],[139.7153,36.17521],[139.71528,36.17529],[139.71527,36.1753],[139.71501,36.17618],[139.71495,36.17635],[139.71479,36.17694],[139.71472,36.17716],[139.71454,36.17776],[139.71453,36.17778],[139.71452,36.17779],[139.71452,36.17787],[139.71447,36.17799],[139.71418,36.17897],[139.71408,36.17935],[139.71396,36.17982],[139.7139,36.18004],[139.71386,36.1802],[139.7137,36.18078],[139.7134,36.18177],[139.71293,36.18338],[139.71262,36.18448],[139.7124,36.18524],[139.71193,36.1869],[139.7118,36.18732],[139.71117,36.18948],[139.71098,36.19007],[139.71083,36.19061],[139.71018,36.19286],[139.71007,36.19327],[139.70936,36.19556],[139.70933,36.19565],[139.70902,36.19661],[139.7089,36.19698],[139.70855,36.19803],[139.70843,36.19856],[139.70838,36.19884],[139.70837,36.19935],[139.70843,36.19998],[139.70853,36.20048],[139.70861,36.20075],[139.70869,36.20094],[139.70878,36.20117],[139.70895,36.20147],[139.70932,36.20197],[139.70983,36.20259],[139.70987,36.20262],[139.71092,36.20377],[139.71094,36.20381],[139.71095,36.20381],[139.71268,36.20569],[139.71409,36.20722],[139.71428,36.20744],[139.71481,36.20802],[139.71513,36.20837],[139.71562,36.20891],[139.71568,36.20896],[139.71634,36.20969],[139.71655,36.20991],[139.71697,36.21037],[139.71795,36.21145],[139.719,36.2126],[139.72022,36.21391],[139.72052,36.21424],[139.72191,36.21574],[139.72433,36.21839],[139.72517,36.21931],[139.72555,36.21973],[139.72564,36.21982],[139.72665,36.22093],[139.72694,36.22125],[139.72714,36.22148],[139.72736,36.22173],[139.72813,36.22259],[139.72823,36.22268],[139.72899,36.22353],[139.72968,36.22429],[139.73042,36.22509],[139.73085,36.22557],[139.73089,36.2256],[139.73135,36.22611],[139.7319,36.2267],[139.73191,36.22672],[139.73252,36.2274],[139.73263,36.22752],[139.73292,36.22783],[139.73332,36.22829],[139.73337,36.22834],[139.73372,36.22873],[139.73587,36.23108],[139.73615,36.23139],[139.73708,36.23239],[139.73747,36.2328],[139.73792,36.23325],[139.73838,36.2337],[139.73881,36.23411],[139.73992,36.23517],[139.74064,36.23587],[139.74094,36.23615],[139.7413,36.23648],[139.74236,36.23748],[139.74294,36.23802],[139.74392,36.23894],[139.74675,36.24159],[139.74686,36.2417],[139.7478,36.2426],[139.7491,36.24386],[139.74948,36.24427],[139.7502,36.24512],[139.75021,36.24512],[139.75091,36.24594],[139.7518,36.24697],[139.75249,36.24777],[139.75454,36.25016],[139.75635,36.25223],[139.75657,36.25249],[139.75705,36.25306],[139.7571,36.25317],[139.76012,36.2567],[139.76107,36.25785],[139.76119,36.258],[139.76208,36.25909],[139.76507,36.2626],[139.76844,36.26647],[139.77183,36.27038],[139.77482,36.27384],[139.77742,36.27684],[139.78031,36.28016],[139.78121,36.28121],[139.78753,36.28862],[139.788,36.28917],[139.79061,36.29215],[139.79391,36.29599],[139.79935,36.30232],[139.80026,36.30338],[139.80164,36.30498],[139.80208,36.3056],[139.80386,36.30868],[139.8047,36.31012],[139.80541,36.31133],[139.8055,36.31149],[139.80776,36.31539],[139.8084,36.3165],[139.8103,36.31972],[139.81081,36.32053],[139.81127,36.32139],[139.81393,36.32601],[139.81529,36.32834],[139.81637,36.33018],[139.81803,36.33307],[139.82004,36.33649],[139.82158,36.33917],[139.82318,36.34189],[139.82473,36.34455],[139.82495,36.34493],[139.82642,36.34744],[139.82816,36.35041],[139.8295,36.35269],[139.82989,36.35335],[139.83119,36.35557],[139.83281,36.35831],[139.83408,36.3605],[139.83427,36.36082],[139.83574,36.36335],[139.83739,36.36614],[139.83882,36.3686],[139.83904,36.36896],[139.84146,36.37307],[139.8431,36.3759],[139.84353,36.37659],[139.84395,36.37732],[139.8442,36.37775],[139.84422,36.37777],[139.84522,36.37953],[139.84667,36.38198],[139.84822,36.38462],[139.84896,36.3859],[139.84987,36.38745],[139.85151,36.39028],[139.85373,36.39404],[139.8553,36.39672],[139.85582,36.39762],[139.85613,36.39815],[139.8562,36.39826],[139.857,36.39963],[139.85766,36.40076],[139.85779,36.40098],[139.8585,36.40214],[139.85977,36.40456],[139.86039,36.40597],[139.86124,36.4092],[139.86125,36.40925],[139.86132,36.40963],[139.8616,36.41065],[139.86203,36.41221],[139.86246,36.41412],[139.86294,36.41667],[139.86312,36.41762],[139.86321,36.41812],[139.86352,36.41982],[139.86362,36.42036],[139.86371,36.42088],[139.864,36.42241],[139.8641,36.42299],[139.86442,36.42478],[139.86454,36.42547],[139.86468,36.42625],[139.8647,36.42632],[139.86482,36.42695],[139.86493,36.42762],[139.86528,36.42954],[139.86571,36.43192],[139.86576,36.43221],[139.8658,36.43244],[139.86603,36.43364],[139.86628,36.43505],[139.86674,36.43743],[139.8668,36.43778],[139.86684,36.43803],[139.86691,36.43846],[139.86699,36.43897],[139.8671,36.43951],[139.86711,36.43958],[139.86717,36.43988],[139.86756,36.44199],[139.86759,36.44214],[139.8676,36.44216],[139.86771,36.44282],[139.86793,36.44399],[139.86816,36.44523],[139.86846,36.44694],[139.86907,36.45025],[139.86919,36.4509],[139.86933,36.45171],[139.86962,36.45325],[139.86962,36.45335],[139.8699,36.45482],[139.86994,36.45497],[139.86995,36.45511],[139.87017,36.45629],[139.87053,36.45819],[139.87054,36.45824],[139.87059,36.45854],[139.87093,36.46033],[139.87171,36.46452],[139.87173,36.46463],[139.87182,36.46514],[139.87189,36.46552],[139.87195,36.46593],[139.87205,36.46658],[139.87222,36.46754],[139.87223,36.46757],[139.8723,36.46802],[139.87239,36.46856],[139.8725,36.46921],[139.87256,36.46955],[139.87263,36.46999],[139.87268,36.47019],[139.87279,36.47084],[139.87289,36.47134],[139.87291,36.47153],[139.87296,36.47179],[139.87323,36.47323],[139.87345,36.47441],[139.87347,36.47453],[139.87358,36.47511],[139.87367,36.47555],[139.87369,36.47572],[139.87386,36.47662],[139.87411,36.4779],[139.87417,36.47822],[139.87438,36.47931],[139.87452,36.48013],[139.87461,36.4806],[139.87473,36.4812],[139.87475,36.48124],[139.87477,36.48139],[139.87489,36.48205],[139.87496,36.48244],[139.87499,36.48264],[139.875,36.48267],[139.8751,36.48323],[139.87514,36.48344],[139.87529,36.48427],[139.87548,36.48528],[139.87568,36.48637],[139.87569,36.48644],[139.87575,36.48673],[139.87606,36.4884],[139.87621,36.48924],[139.87631,36.48977],[139.87632,36.48979],[139.87637,36.4901],[139.87652,36.49088],[139.87662,36.49151],[139.87677,36.49229],[139.87679,36.49235],[139.87691,36.49298],[139.8771,36.49411],[139.87737,36.49546],[139.87746,36.49597],[139.87756,36.4966],[139.87758,36.49662],[139.87759,36.49671],[139.87765,36.49707],[139.87783,36.49804],[139.8779,36.49856],[139.87792,36.49871],[139.87811,36.49989],[139.87818,36.50032],[139.87824,36.50067],[139.87836,36.50137],[139.87846,36.50202],[139.87854,36.50249],[139.87859,36.50277],[139.87865,36.50314],[139.87881,36.50403],[139.87936,36.50714],[139.87937,36.50718],[139.8797,36.50899],[139.88005,36.51092],[139.88015,36.51177],[139.88023,36.51256],[139.88041,36.51456],[139.88052,36.5161],[139.88067,36.51829],[139.88093,36.52203],[139.88116,36.5251],[139.88118,36.52535],[139.88139,36.5282],[139.8815,36.5297],[139.88162,36.53122],[139.88183,36.53384],[139.88185,36.5341],[139.88195,36.53506],[139.88205,36.53568],[139.8822,36.53621],[139.88249,36.53736],[139.8827,36.53806],[139.88294,36.53871],[139.88329,36.53946],[139.88364,36.54015],[139.8838,36.54046],[139.88404,36.54087],[139.88461,36.54172],[139.88507,36.54232],[139.88527,36.54257],[139.88542,36.54275],[139.88609,36.54354],[139.88647,36.54395],[139.88708,36.54458],[139.88783,36.54528],[139.88915,36.54646],[139.89174,36.54874],[139.89212,36.54908],[139.89383,36.55058],[139.8951,36.55169],[139.89548,36.55202],[139.89591,36.5524],[139.89629,36.5528],[139.89662,36.55316],[139.89693,36.55356],[139.8971,36.55377],[139.89729,36.55431],[139.89742,36.55474],[139.89747,36.55487],[139.89786,36.55618],[139.89807,36.55697]],[[139.53164,35.35542],[139.53141,35.35416],[139.53112694,35.35302777],[139.53102,35.3526],[139.53081,35.35209],[139.53043,35.35101],[139.53022,35.35024],[139.53016,35.34979],[139.53022,35.3495],[139.53038,35.34903],[139.53069,35.34853],[139.53119,35.34785],[139.53144,35.34758],[139.53182,35.34716],[139.53245,35.34651],[139.53275,35.3462],[139.53304,35.34592],[139.53371,35.34515],[139.53461,35.34425],[139.53497,35.34388],[139.53534,35.34365],[139.53579,35.34339],[139.5364,35.34314],[139.53782,35.34272],[139.53927,35.34221],[139.53993,35.34193],[139.54038,35.34167],[139.54087,35.34134],[139.54174,35.34056],[139.54243,35.33991],[139.54377,35.33867],[139.54536,35.33721],[139.54601,35.33661],[139.54618,35.33646],[139.54647,35.33619],[139.5469,35.33579],[139.54728,35.33546],[139.54759,35.33514],[139.54778,35.33493],[139.54809,35.33456],[139.54817,35.33443],[139.5483,35.33416],[139.54843,35.33389],[139.5485,35.3336],[139.54852,35.33331],[139.54858,35.33305],[139.5486,35.33283],[139.54861,35.33249],[139.54861,35.3321],[139.54862,35.33198],[139.54858,35.33149],[139.54856,35.3305],[139.54853,35.3301],[139.54852,35.32938],[139.5485,35.32864],[139.54848,35.3284],[139.5485,35.32808],[139.54852,35.32787],[139.54861,35.3275],[139.54868,35.32736],[139.54881,35.3271],[139.54915,35.3265],[139.54936,35.32624],[139.54948,35.32611],[139.54979,35.32576],[139.54999,35.32551],[139.55022,35.32521],[139.55038,35.32495],[139.55055,35.32464],[139.55069,35.32429],[139.55073,35.32413],[139.55079,35.32381],[139.5508,35.32335],[139.55078,35.32288],[139.55071,35.32194],[139.55065,35.3213],[139.55054,35.32054],[139.55051,35.32036],[139.55046,35.31996],[139.55044,35.31969],[139.55041,35.31933],[139.5504,35.31887],[139.55038,35.31843],[139.55039,35.31826],[139.55041,35.31792],[139.55047,35.31752],[139.55054,35.31716],[139.55058,35.31698],[139.55073,35.3165],[139.55081,35.31624],[139.55085,35.31611],[139.55089,35.31599],[139.55107,35.31554],[139.5512,35.31525],[139.55135,35.31495],[139.55164,35.31447],[139.5518,35.31423],[139.55202,35.31391],[139.55238,35.31344],[139.5526,35.31323],[139.55293,35.31292],[139.55332,35.31257],[139.55359,35.31236],[139.55394,35.3121],[139.55425,35.3119],[139.55456,35.31171],[139.55494,35.31148],[139.55526,35.31129],[139.55563,35.31111],[139.55622,35.31087],[139.55663,35.31073],[139.55733,35.31052],[139.55799,35.31036],[139.55862,35.31024],[139.55867,35.31022],[139.55895,35.31017],[139.55928,35.3101],[139.55963,35.31005],[139.56007,35.30998],[139.56102,35.30981],[139.56174,35.30967],[139.56236,35.30953],[139.56289,35.30934],[139.56323,35.30913],[139.56344,35.309],[139.56359,35.30889],[139.56386,35.30872],[139.56431,35.30844],[139.5647,35.30819],[139.56474,35.30816],[139.56553,35.30764],[139.56602,35.30736],[139.56621,35.30725],[139.56669,35.30695],[139.56739,35.30653],[139.56764,35.30636],[139.56786,35.3062],[139.56813,35.30602],[139.56831,35.3059],[139.56857,35.30569],[139.56881,35.30549],[139.56901,35.30527],[139.56929,35.30492],[139.56951,35.30452],[139.56964,35.30425],[139.56976,35.30394],[139.56995,35.30348],[139.57011,35.30306],[139.57034,35.30248],[139.57054,35.30198],[139.57082,35.30123],[139.57095,35.30096],[139.57116,35.30058],[139.57133,35.30029],[139.57148,35.30005],[139.57174,35.2997],[139.57195,35.29942],[139.57214,35.29926],[139.57252,35.29894],[139.57286,35.29869],[139.57291,35.29864],[139.5733,35.29834],[139.57356,35.29817],[139.57382,35.29803],[139.57407,35.2979],[139.57436,35.29778],[139.57455,35.2977],[139.57483,35.29761],[139.57515,35.29753],[139.57561,35.29743],[139.57621,35.29733],[139.57661,35.2973],[139.57693,35.29729],[139.57708,35.29729],[139.57747,35.29729],[139.5777,35.29731],[139.57813,35.29735],[139.57836,35.29739],[139.57894,35.29747],[139.5795,35.29756],[139.57965,35.29759]]]}},{"type":"Feature","properties":{"line_name":"埼京線"},"geometry":{"type":"LineString","coordinates":[[139.62491,35.90505],[139.62535,35.90402],[139.62577,35.90318],[139.62601,35.90273],[139.62668,35.90163],[139.62711,35.90105],[139.62768,35.90037],[139.62785,35.9002],[139.62814,35.89993],[139.62883,35.8993],[139.63006,35.8982],[139.63063,35.89766],[139.63094,35.89732],[139.63143,35.89684],[139.63143,35.89683],[139.63177,35.89646],[139.63259,35.89546],[139.63308,35.89478],[139.63472,35.89241],[139.63516,35.89175],[139.63546,35.89128],[139.63591,35.89049],[139.63618,35.89002],[139.63652,35.88937],[139.63679,35.88883],[139.63713,35.88809],[139.63745,35.88731],[139.63757,35.88706],[139.63805,35.88623],[139.63847,35.88546],[139.63864,35.88514],[139.63934,35.88361],[139.63971,35.88269],[139.64005,35.88185],[139.64068,35.88036],[139.64108,35.87941],[139.64167,35.87801],[139.64201,35.87714],[139.64247,35.87611],[139.64263,35.87575],[139.64286,35.8753],[139.64307,35.87494],[139.64327,35.87463],[139.64371,35.87409],[139.64423,35.87356],[139.64498,35.8729],[139.64652,35.8715],[139.64852,35.86971],[139.64947,35.86888],[139.65002,35.8684],[139.65072,35.86775],[139.65116,35.86734],[139.65158,35.86691],[139.65188,35.86664],[139.65214,35.86629],[139.65231,35.86603],[139.65267,35.8655],[139.65336,35.86448],[139.65392,35.86365],[139.65487,35.86222],[139.65532,35.86155],[139.65551,35.86123],[139.65575,35.86084],[139.65617,35.86017],[139.65666,35.85936],[139.65763,35.85777],[139.65775,35.8576],[139.6579,35.85736],[139.6581,35.85709],[139.65845,35.85665],[139.6588,35.85624],[139.65917,35.85581],[139.65945,35.85555],[139.66043,35.85475],[139.66174,35.85376],[139.662,35.85358],[139.66322,35.85267],[139.66356,35.85245],[139.66391,35.85222],[139.66454,35.8518],[139.66483,35.8516],[139.66512,35.85139],[139.66555,35.85101],[139.66635,35.85033],[139.66701,35.84974],[139.6676,35.84922],[139.66963,35.84745],[139.66987094,35.84723657],[139.67064,35.84647],[139.67092,35.84623],[139.67228,35.84508],[139.67326,35.84424],[139.67518,35.84262],[139.67552,35.84232],[139.67593,35.84193],[139.67641,35.84149],[139.67728,35.84067],[139.67815,35.83985],[139.67817,35.83984],[139.67899,35.83905],[139.68004,35.83803],[139.68073,35.83737],[139.68166,35.83655],[139.68233,35.83594],[139.68335,35.8349],[139.68489,35.83334],[139.68621,35.83199],[139.68769,35.83059],[139.6893,35.82901],[139.68967,35.82865],[139.69116,35.82721],[139.69191,35.82643],[139.69254,35.82577],[139.69307,35.82525],[139.69356,35.82481],[139.69402,35.82445],[139.69481,35.82385],[139.69564,35.82325],[139.69653,35.8226],[139.69735,35.82202],[139.6982,35.8214],[139.69895,35.82083],[139.69911,35.82071],[139.69933,35.8205],[139.6998,35.82007],[139.7005,35.81936],[139.7014,35.81847],[139.70227,35.81759],[139.70272,35.81714],[139.70375,35.81613],[139.70497,35.8149],[139.70685,35.81297],[139.70769,35.81208],[139.70849,35.81127],[139.70934,35.81042],[139.71016,35.8096],[139.71178,35.80799],[139.7119,35.80787],[139.71366,35.80612],[139.71464,35.80519],[139.71504,35.80476],[139.71588,35.80393],[139.71633,35.80347],[139.71659,35.80313],[139.71698,35.80267],[139.71716,35.80237],[139.71735,35.80207],[139.71758,35.80169],[139.71788,35.80104],[139.71793,35.80093],[139.7181,35.80041],[139.71817,35.80016],[139.71824,35.79971],[139.71832,35.799],[139.71833,35.79849],[139.71828,35.79804],[139.71805,35.79654],[139.718,35.79624],[139.71799,35.79618],[139.71785,35.79577],[139.71769,35.79515],[139.71765,35.79471],[139.71746,35.79295],[139.71735,35.79192],[139.71725,35.79098],[139.71707,35.78938],[139.71697,35.78852],[139.71696,35.78835],[139.71685,35.78739],[139.71679,35.78692],[139.71677,35.78657],[139.71676,35.78628],[139.71676,35.78617],[139.71681,35.78574],[139.71692,35.78533],[139.717,35.78501],[139.71716,35.78457],[139.71732,35.78416],[139.71746,35.78376],[139.71759,35.78341],[139.7177,35.78308],[139.71778,35.78285],[139.71794,35.78243],[139.71814,35.78205],[139.71835,35.78162],[139.71861,35.78104],[139.71881,35.78063],[139.71906,35.78023],[139.71926,35.77995],[139.71948,35.77965],[139.71989,35.77905],[139.72024,35.77855],[139.72097,35.77755],[139.72119,35.77723],[139.7214,35.77687],[139.7216,35.77649],[139.72172,35.77626],[139.72179,35.77602],[139.7218,35.77581],[139.72192,35.77382],[139.72203,35.77266],[139.72205,35.77234],[139.72206,35.77179],[139.72208,35.77099],[139.72208,35.77073],[139.72214,35.76905],[139.72214,35.76881],[139.7222,35.76679],[139.72222,35.76439],[139.72224,35.76319],[139.72225,35.76223],[139.72225,35.76117],[139.72225,35.75961],[139.72227,35.75859],[139.72228,35.75719],[139.72228,35.75638],[139.72227,35.75519],[139.72227,35.75361],[139.72227,35.75323],[139.72226,35.75194],[139.72221,35.75161],[139.72204,35.7508],[139.72196,35.75045],[139.72167,35.74923],[139.72154,35.74885],[139.72141,35.74847],[139.72135,35.74831],[139.72107,35.74778],[139.72048,35.74691],[139.7197,35.7458],[139.71924,35.7451],[139.71865,35.74418],[139.71822,35.74346],[139.71774,35.7426],[139.71764,35.74238],[139.71736,35.74182],[139.717,35.74104],[139.71663,35.74035],[139.71587,35.7389],[139.71434,35.73591],[139.71432,35.73589],[139.71384,35.73484],[139.71318,35.73365],[139.71278,35.73294],[139.71254,35.73251],[139.71197,35.73144],[139.71071,35.72896],[139.71048,35.72849],[139.70989,35.72728],[139.7096,35.7268],[139.70915,35.72618],[139.70802,35.72406],[139.7068,35.72181],[139.7066,35.72145],[139.70596,35.71933],[139.70582,35.71889],[139.70578,35.71875],[139.70495,35.71621],[139.70492,35.7161],[139.70485,35.7159],[139.70473,35.71557],[139.70466,35.71535],[139.70461,35.71521],[139.70448,35.71482],[139.70438,35.71454],[139.70423,35.7141],[139.70418,35.71395],[139.70403,35.71349],[139.70342,35.71171],[139.70298,35.71048],[139.7027,35.70967],[139.70258,35.70933],[139.70099,35.70486],[139.70065,35.70389],[139.70054,35.70322],[139.70038,35.70221],[139.70032,35.70175],[139.70019,35.70011],[139.70006,35.6989],[139.69999,35.69828],[139.69986,35.69775],[139.69952,35.69644],[139.69943,35.69595],[139.69942,35.69572],[139.6994,35.69531],[139.69947,35.6948],[139.69967,35.69392],[139.69994,35.69286],[139.69999,35.69264],[139.70002,35.69228],[139.70003,35.69201],[139.70004,35.69167],[139.7006,35.68995],[139.70078,35.68935],[139.70089,35.68902],[139.70091,35.68894],[139.70125,35.6879],[139.70148,35.68712],[139.70171,35.68665],[139.70222,35.68555],[139.70272,35.68355],[139.70302,35.68239],[139.70325,35.68148],[139.70348,35.68058],[139.70353,35.68039],[139.70377,35.67936],[139.70384,35.67842],[139.70398,35.67771],[139.70413,35.67667],[139.70412,35.67583],[139.70412,35.67552],[139.70399,35.67489],[139.70345,35.67338],[139.70295,35.6722],[139.70275,35.67156],[139.70264,35.6711],[139.70251,35.67042],[139.70243,35.6699],[139.7024,35.66976],[139.70239,35.66961],[139.70239,35.66954],[139.70237,35.66934],[139.70235,35.66914],[139.70232,35.66891],[139.70205,35.66678],[139.70201,35.6665],[139.70164,35.66349],[139.7016,35.66319],[139.70147,35.66213],[139.70143,35.66181],[139.70123,35.66023],[139.70118,35.65978],[139.70117,35.65965],[139.70118,35.65956],[139.70122,35.65937],[139.70124,35.6593],[139.70129,35.65907],[139.70137,35.6588],[139.70174,35.65785],[139.70201,35.65746],[139.70221,35.65723],[139.70334,35.65595],[139.70427,35.6549],[139.70538,35.65366],[139.70543,35.6536],[139.70548,35.65355],[139.70555,35.65346],[139.70597,35.65298],[139.70643,35.65241],[139.70658,35.65224],[139.70691,35.65193],[139.70742,35.65134],[139.70773,35.65097],[139.70776,35.65092],[139.70791,35.65065],[139.70856,35.64947],[139.7087,35.64923],[139.70937,35.64804],[139.70956,35.6477],[139.70971,35.64743],[139.71054,35.64593],[139.71079,35.64546],[139.7111,35.6449],[139.71145,35.64426],[139.7118,35.64361],[139.71202,35.64323],[139.7122,35.64297],[139.71261,35.64224],[139.71334,35.64093],[139.71343,35.64049],[139.71354,35.64012],[139.7139,35.63935],[139.71404,35.63908],[139.71408,35.63901],[139.71427,35.63878],[139.71438,35.63865],[139.71447,35.63855],[139.71453,35.63849],[139.71465,35.63833],[139.71472,35.63822],[139.71497,35.6375],[139.71503,35.63721],[139.71499,35.63644],[139.71502,35.63627],[139.71505,35.6361],[139.71529,35.63513],[139.7154,35.63467],[139.71544,35.63452],[139.71551,35.63421],[139.71557,35.63395],[139.71562,35.63369],[139.71574,35.63327],[139.71585,35.63284],[139.71636,35.63136],[139.71667,35.63084],[139.71713,35.63027],[139.71773,35.62975],[139.71829,35.62944],[139.71957,35.62888],[139.72015,35.62862],[139.7214,35.62806],[139.72186,35.6278],[139.72231,35.62749],[139.72262,35.62727],[139.72321,35.62672],[139.72407,35.62562],[139.72422,35.62543],[139.72436,35.62526],[139.72496,35.62446],[139.72519,35.62415],[139.72628,35.62262],[139.72761,35.62077],[139.72888,35.61912]]}},{"type":"Feature","properties":{"line_name":"中央総武線各停"},"geometry":{"type":"LineString","coordinates":[[139.55959,35.70268],[139.56058,35.70269],[139.56067,35.70269],[139.56101,35.7027],[139.56169,35.70271],[139.56325,35.70274],[139.5649,35.70278],[139.56586,35.70282],[139.56602,35.70282],[139.56753,35.70284],[139.56757,35.70284],[139.56858,35.70288],[139.5697,35.70291],[139.57083,35.70294],[139.57158,35.70297],[139.57259,35.70299],[139.57453,35.70304],[139.57584,35.70307],[139.57701,35.70308],[139.57861,35.70311],[139.58035,35.70316],[139.58101,35.70317],[139.58147,35.70323],[139.58297,35.70328],[139.58327,35.70329],[139.5841,35.70332],[139.58488,35.70335],[139.58577,35.70338],[139.58706,35.70342],[139.58846,35.70344],[139.58979,35.70349],[139.59124,35.70353],[139.59256,35.70356],[139.59394,35.70361],[139.59435,35.70362],[139.59506,35.70364],[139.59638,35.70368],[139.59738,35.70371],[139.59833,35.70373],[139.59963,35.70379],[139.60029,35.70383],[139.60057,35.70384],[139.60252,35.70387],[139.60296,35.70388],[139.6039,35.70392],[139.6052,35.70396],[139.60661,35.70399],[139.60782,35.70402],[139.60853,35.70403],[139.60943,35.70407],[139.61086,35.70411],[139.61225,35.70415],[139.61367,35.7042],[139.61403,35.70422],[139.61508,35.70426],[139.61571,35.70427],[139.61627,35.70429],[139.61636,35.70429],[139.61781,35.70436],[139.61898,35.7044],[139.62151,35.70446],[139.62178,35.70448],[139.62428,35.70451],[139.62663,35.70462],[139.63449,35.70485],[139.63642,35.70489],[139.6369,35.7049],[139.63722,35.70491],[139.6483,35.70528],[139.64862,35.70529],[139.64955,35.70532],[139.64992,35.70533],[139.65078,35.70536],[139.65236,35.70541],[139.65718,35.70552],[139.65816,35.70554],[139.65958,35.70557],[139.66015,35.70558],[139.66101,35.70569],[139.66207,35.70577],[139.66431,35.70593],[139.66686,35.70598],[139.6684,35.70597],[139.67096,35.70593],[139.67229,35.70594],[139.67258,35.70595],[139.67294,35.70595],[139.67323,35.70595],[139.67496,35.70597],[139.67538,35.706],[139.67565,35.70601],[139.67698,35.70604],[139.68248,35.70621],[139.68296,35.70621],[139.6839,35.70622],[139.68626,35.70628],[139.6865,35.70629],[139.68665,35.70628],[139.6869,35.70628],[139.68787,35.70617],[139.68808,35.70614],[139.68834,35.7061],[139.68944,35.70591],[139.69044,35.70569],[139.69073,35.70563],[139.69223,35.70516],[139.69272,35.70495],[139.69332,35.70466],[139.69387,35.70433],[139.6944,35.70396],[139.69473,35.70368],[139.69517,35.70331],[139.69553,35.703],[139.6961,35.70247],[139.6966,35.70187],[139.69688,35.70149],[139.69801,35.69978],[139.69836,35.6992],[139.69881,35.69838],[139.69886,35.69822],[139.69897,35.6978],[139.69933,35.69655],[139.69947,35.69618],[139.6996,35.69584],[139.69976,35.69546],[139.69981,35.69508],[139.69982,35.69435],[139.69986,35.69391],[139.69996,35.69349],[139.7001,35.69304],[139.70019,35.69273],[139.70035,35.69236],[139.70049,35.69197],[139.70068,35.69107],[139.7006,35.68995],[139.70055,35.68931],[139.70063,35.68895],[139.70064,35.68888],[139.70068,35.68871],[139.70087,35.688],[139.7011,35.68735],[139.70146,35.6865],[139.70184,35.68575],[139.70209,35.68514],[139.7022,35.68474],[139.70243,35.68387],[139.70257,35.68331],[139.70275,35.68262],[139.70294,35.68245],[139.70318,35.68225],[139.70342,35.68207],[139.70394,35.68179],[139.70429,35.68164],[139.70486,35.68147],[139.70521,35.68141],[139.70538,35.68138],[139.70584,35.68136],[139.70664,35.68142],[139.70709,35.68144],[139.70801,35.68148],[139.70845,35.6815],[139.70951,35.68153],[139.71027,35.68138],[139.7113,35.68123],[139.71279,35.68101],[139.71355,35.68092],[139.71408,35.68086],[139.71476,35.68077],[139.71889,35.68021],[139.71979,35.68006],[139.72112,35.67994],[139.72185,35.67988],[139.72241,35.67987],[139.72258,35.6799],[139.72309,35.68004],[139.72408,35.68044],[139.72701,35.68169],[139.72738,35.68189],[139.72786,35.68232],[139.72845,35.68281],[139.72846,35.68282],[139.72863,35.68296],[139.72908,35.68336],[139.72971,35.68396],[139.72981,35.68406],[139.73019,35.68466],[139.73021,35.68469],[139.73032,35.68505],[139.73063,35.68594],[139.73078,35.68637],[139.73087,35.68661],[139.73135,35.68807],[139.73149,35.68841],[139.73161,35.68864],[139.73179,35.6889],[139.73207,35.68919],[139.73255,35.68956],[139.73348,35.69011],[139.73471,35.69079],[139.73593,35.69152],[139.7363,35.69175],[139.73667,35.69194],[139.73705,35.69221],[139.73765,35.69267],[139.73814,35.69309],[139.73857,35.69358],[139.73891,35.69401],[139.7394,35.69465],[139.74,35.69555],[139.74074,35.69651],[139.74131,35.69727],[139.74231,35.69855],[139.74295,35.69931],[139.74303,35.6994],[139.7437,35.70019],[139.74421,35.70091],[139.74438,35.70114],[139.74471,35.70149],[139.74503,35.70177],[139.74525,35.70192],[139.74565,35.70214],[139.74574,35.70219],[139.74617,35.70233],[139.74677,35.70246],[139.74723,35.70245],[139.74779,35.70244],[139.75057,35.70223],[139.75245,35.7021],[139.75255,35.70209],[139.75494,35.70191],[139.75503,35.7019],[139.75607,35.70172],[139.75719,35.70144],[139.75762,35.70136],[139.75796,35.70135],[139.75915,35.70141],[139.76056,35.7014],[139.76104,35.70132],[139.7614,35.70122],[139.76174,35.7011],[139.76242,35.70065],[139.76327,35.70014],[139.76372,35.69995],[139.76634,35.69926],[139.76755,35.69883],[139.76817,35.69852],[139.76863,35.6983],[139.76889,35.69815],[139.76953,35.69769],[139.77052,35.69696],[139.7712,35.69624],[139.77149,35.6958],[139.77161,35.69552],[139.77165,35.6951],[139.77167,35.69448],[139.77164,35.69422],[139.77162,35.69376],[139.77159,35.69345],[139.77121,35.69258],[139.77054,35.69096],[139.77121,35.69258],[139.77159,35.69345],[139.77162,35.69376],[139.77164,35.69422],[139.77167,35.69448],[139.77165,35.6951],[139.77161,35.69552],[139.77149,35.6958],[139.7712,35.69624],[139.77052,35.69696],[139.76953,35.69769],[139.76889,35.69815],[139.76863,35.6983],[139.76817,35.69852],[139.76755,35.69883],[139.76823,35.69875],[139.77186,35.69844],[139.77194,35.69844],[139.77449,35.6982],[139.77459,35.69819],[139.77516,35.69815],[139.77581,35.6981],[139.78263,35.69754],[139.78301,35.69751],[139.7831,35.6975],[139.78588,35.69728],[139.78597,35.69727],[139.78768,35.69711],[139.7885,35.69697],[139.78982,35.69652],[139.78993,35.69648],[139.79035,35.69633],[139.79162,35.69592],[139.79215,35.69585],[139.79221,35.69584],[139.79449,35.69567],[139.79461,35.69567],[139.79518,35.69563],[139.79558,35.69564],[139.79705,35.6958],[139.79719,35.69581],[139.79938,35.69594],[139.80416,35.6962],[139.80937,35.69647],[139.81129,35.69657],[139.81294,35.69666],[139.81527,35.69676],[139.8157,35.69678],[139.81724,35.69685],[139.81904,35.69695],[139.81942,35.69697],[139.81988,35.697],[139.82329,35.69717],[139.82367,35.69719],[139.82534,35.69729],[139.82577,35.69731],[139.82788,35.69739],[139.83073,35.69763],[139.83092,35.69765],[139.83161,35.69772],[139.83304,35.69792],[139.83404,35.69813],[139.83495,35.69845],[139.83569,35.69885],[139.83617,35.6992],[139.8366,35.69964],[139.83687,35.69998],[139.83803,35.70184],[139.83823,35.70217],[139.8383,35.70227],[139.83896,35.70332],[139.83909,35.70353],[139.83916,35.70366],[139.83932,35.70392],[139.83969,35.70438],[139.84008,35.70482],[139.84072,35.70538],[139.84097,35.70557],[139.84158,35.70595],[139.84265,35.70661],[139.84291,35.70678],[139.84319,35.70695],[139.84346,35.70713],[139.84412,35.7076],[139.84418,35.70764],[139.84451,35.70787],[139.84457,35.70791],[139.8465,35.70928],[139.84669,35.70941],[139.84754,35.71003],[139.85024,35.71188],[139.85047,35.71205],[139.85267,35.71354],[139.85428,35.71464],[139.85433,35.71467],[139.8551,35.7152],[139.85534,35.71533],[139.85625,35.71587],[139.85679,35.71623],[139.85885,35.71758],[139.85905,35.7177],[139.8595,35.71796],[139.86064,35.7185],[139.86118,35.71875],[139.86198,35.71926],[139.86349,35.72032],[139.8644,35.72098],[139.86492,35.72135],[139.8663,35.72234],[139.86714,35.72303],[139.86826,35.72399],[139.86858,35.72425],[139.87049,35.72558],[139.87072,35.72574],[139.87176,35.72635],[139.8732,35.72737],[139.87454,35.72827],[139.87563,35.72903],[139.87574,35.7291],[139.88103,35.73277],[139.88111,35.73282],[139.88259,35.73384],[139.88268,35.73389],[139.88321,35.73421],[139.88392,35.7346],[139.88486,35.7351],[139.885,35.73516],[139.88524,35.73527],[139.8854,35.73532],[139.88567,35.73541],[139.88623,35.73558],[139.88692,35.73576],[139.88731,35.73584],[139.88775,35.73592],[139.88812,35.73597],[139.88857,35.73599],[139.88899,35.736],[139.88967,35.736],[139.89006,35.73597],[139.89041,35.73594],[139.89095,35.73584],[139.89207,35.73558],[139.89222,35.73554],[139.89236,35.7355],[139.89246,35.73546],[139.89296,35.73523],[139.89327,35.73509],[139.89374,35.73487],[139.89408,35.7347],[139.89422,35.73463],[139.89529,35.73413],[139.8958,35.73393],[139.89847,35.73283],[139.89991,35.73224],[139.90015,35.73215],[139.90094,35.73184],[139.90163,35.73163],[139.90172,35.73161],[139.90208,35.73149],[139.90302,35.73115],[139.90398,35.73076],[139.90587,35.72988],[139.90678,35.72943],[139.90686,35.72939],[139.90948,35.72835],[139.90962,35.7283],[139.91203,35.72732],[139.91387,35.72657],[139.91481,35.7262],[139.91661,35.72544],[139.91949,35.72421],[139.92109,35.72352],[139.92368,35.72243],[139.92644,35.72125],[139.92653,35.72122],[139.92828,35.72048],[139.92835,35.72044],[139.93116,35.71927],[139.93529,35.71754],[139.93821,35.71632],[139.93828,35.71629],[139.94174,35.71484],[139.94212,35.71469],[139.94219,35.71466],[139.94395,35.71391],[139.94405,35.71387],[139.94687,35.71273],[139.94877,35.71194],[139.95294,35.71025],[139.95443,35.70962],[139.95563,35.70909],[139.95646,35.70873],[139.95799,35.70801],[139.9585,35.70782],[139.95966,35.70738],[139.96011,35.70721],[139.96014,35.70721],[139.96547,35.70476],[139.96611,35.70447],[139.96702,35.70405],[139.96997,35.70268],[139.9702,35.7026],[139.97066,35.70246],[139.97073,35.70245],[139.97099,35.70238],[139.97159,35.70224],[139.97227,35.70213],[139.97293,35.70204],[139.97308,35.70202],[139.9733,35.70199],[139.97376,35.70195],[139.97411,35.70195],[139.9743,35.70195],[139.97448,35.70196],[139.97508,35.70204],[139.97706,35.70235],[139.97761,35.70237],[139.97839,35.70234],[139.98012,35.70216],[139.98203,35.70199],[139.98237,35.70195],[139.98265,35.70193],[139.98306,35.70189],[139.98328,35.70187],[139.98366,35.70183],[139.98629,35.70158],[139.98638,35.70157],[139.98955,35.70126],[139.98969,35.70124],[139.99149,35.70106],[139.99171,35.70104],[139.992,35.70101],[139.99214,35.701],[139.99383,35.70083],[139.99393,35.70081],[139.99419,35.70079],[139.99429,35.70078],[139.99675,35.70055],[139.9984,35.70038],[139.99856,35.70037],[140.0002,35.70021],[140.00036,35.7002],[140.00107,35.70014],[140.00145,35.7001],[140.00277,35.69996],[140.0035,35.69989],[140.00414,35.69982],[140.00464,35.69976],[140.00503,35.69971],[140.00537,35.6997],[140.00571,35.69966],[140.00758,35.6995],[140.00796,35.69944],[140.0087,35.69933],[140.00938,35.69921],[140.00981,35.6991],[140.01033,35.69893],[140.01076,35.69876],[140.01139,35.69848],[140.01186,35.69821],[140.01219,35.698],[140.01242,35.69786],[140.01323,35.69727],[140.01401,35.6966],[140.01427,35.69636],[140.01472,35.69597],[140.01489,35.69582],[140.01605,35.69485],[140.01651,35.69448],[140.01687,35.69419],[140.01696,35.69412],[140.01748,35.69369],[140.0178,35.69342],[140.01789,35.69334],[140.01804,35.69321],[140.0183,35.69299],[140.01922,35.69222],[140.02,35.69156],[140.02028,35.69133],[140.02066,35.69099],[140.02122,35.69052],[140.02173,35.69015],[140.02318,35.68895],[140.02367,35.68853],[140.02429,35.68802],[140.02456,35.68779],[140.02499,35.68739],[140.0255,35.68698],[140.02562,35.68687],[140.02592,35.68661],[140.02604,35.68651],[140.02617,35.6864],[140.0269,35.68578],[140.02848,35.68444],[140.02861,35.68434],[140.02874,35.68422],[140.03033,35.68286],[140.03103,35.68226],[140.03238,35.6811],[140.03261,35.68091],[140.03288,35.68068],[140.03298,35.68061],[140.03511,35.67881],[140.03577,35.67826],[140.03625,35.67785],[140.03896,35.67554],[140.03952,35.67508],[140.04099,35.67382],[140.04214,35.67285],[140.04246,35.67258],[140.04316,35.67199],[140.04536,35.67009],[140.04557,35.66991],[140.04721,35.66854],[140.04973,35.66643],[140.05002,35.66618],[140.05148,35.66494],[140.05295,35.66369],[140.05327,35.66342],[140.05362,35.66312],[140.05529,35.6617],[140.05715,35.66013],[140.05784,35.65953],[140.05812,35.65928],[140.05849,35.65896],[140.05939,35.65819],[140.06029,35.65745],[140.06089,35.65699],[140.06181,35.65641],[140.06269,35.65593],[140.06274,35.6559],[140.06388,35.65531],[140.06492,35.65477],[140.0655,35.65447],[140.06584,35.65429],[140.06607,35.65417],[140.06679,35.6538],[140.06701,35.65369],[140.06712,35.65363],[140.06722,35.65358],[140.06862,35.65286],[140.06946,35.65252],[140.07006,35.6523],[140.07077,35.65213],[140.07161,35.65202],[140.0722,35.65193],[140.07264,35.65188],[140.07325,35.65181],[140.07449,35.65167],[140.07516,35.65158],[140.07594,35.65148],[140.0765,35.65141],[140.07678,35.65137],[140.07748,35.65129],[140.07812,35.65121],[140.07951,35.65105],[140.08005,35.65094],[140.08077,35.65074],[140.08141,35.65052],[140.08256,35.64999],[140.08344,35.64943],[140.08352,35.64937],[140.08375,35.64923],[140.08469,35.64838],[140.08502,35.64798],[140.08552,35.64729],[140.08614,35.64644],[140.08749,35.64453],[140.08814,35.64359],[140.08853,35.64304],[140.08953,35.64162],[140.08999,35.64096],[140.09163,35.63863],[140.09168,35.63856],[140.09191,35.63823],[140.09207,35.63801],[140.09345,35.63606],[140.09486,35.63409],[140.0969,35.63121],[140.09897,35.62824],[140.09935,35.62768],[140.10145,35.62475],[140.10214,35.62396],[140.10267,35.62336],[140.10333,35.62262],[140.10398,35.6219],[140.10658,35.61899],[140.10857,35.61677],[140.10922,35.61608],[140.10949,35.61583],[140.10969,35.61561],[140.11035,35.61508],[140.11119,35.61456],[140.11218,35.61405],[140.11255,35.61385],[140.11371,35.61343],[140.11409,35.6133],[140.11492,35.61315]]}},{"type":"Feature","properties":{"line_name":"横須賀線総武快速線"},"geometry":{"type":"LineString","coordinates":[[139.70134,35.23215],[139.70108,35.23284],[139.70046,35.23421],[139.70004,35.23489],[139.69987,35.23515],[139.69965,35.23541],[139.69905,35.23597],[139.69855,35.23644],[139.69757,35.23733],[139.69704,35.23784],[139.6966,35.23823],[139.69618,35.23861],[139.69589,35.23886],[139.69558,35.23911],[139.69528,35.23932],[139.69457,35.23977],[139.69433,35.23992],[139.69362,35.24033],[139.69259,35.24089],[139.69215,35.24113],[139.69132,35.24161],[139.69103,35.24178],[139.69039,35.24214],[139.68945,35.24267],[139.68903,35.2429],[139.68832,35.24332],[139.68776,35.24366],[139.68668,35.24445],[139.68619,35.24481],[139.68573,35.24518],[139.68528,35.24555],[139.68493,35.24584],[139.68446,35.24623],[139.68341,35.24706],[139.68248,35.24782],[139.68187,35.24831],[139.68093,35.24909],[139.68028,35.24961],[139.67931,35.25038],[139.67888,35.25074],[139.67839,35.25114],[139.67815,35.25134],[139.67786,35.25153],[139.67755,35.25173],[139.67676,35.25221],[139.67636,35.25243],[139.67579,35.25265],[139.67472,35.25298],[139.67419,35.25315],[139.67369,35.25329],[139.67333,35.25343],[139.67252,35.25368],[139.67132,35.25402],[139.66984,35.25443],[139.66875,35.25475],[139.66849,35.25483],[139.66808,35.25495],[139.66551,35.2557],[139.66506,35.25582],[139.66351,35.2563],[139.66224,35.25672],[139.65974,35.2575],[139.65859,35.25788],[139.65851,35.25791],[139.65831,35.25799],[139.65774,35.25822],[139.65755,35.25832],[139.65743,35.25839],[139.65717,35.25855],[139.65691,35.25872],[139.6567,35.25886],[139.65644,35.25908],[139.65622,35.25927],[139.65608,35.25941],[139.65596,35.25955],[139.65555,35.26006],[139.65542,35.26028],[139.65534,35.26046],[139.65522,35.26072],[139.65511,35.26099],[139.65507,35.26109],[139.65497,35.26155],[139.65488,35.26186],[139.65482,35.2621],[139.6548,35.26228],[139.65476,35.26255],[139.65472,35.26287],[139.65471,35.26315],[139.65478,35.26377],[139.65483,35.26426],[139.65487,35.26457],[139.65504,35.2656],[139.65515,35.26615],[139.65519,35.26652],[139.65535,35.26747],[139.65551,35.2685],[139.65575,35.26983],[139.65612,35.27152],[139.6564,35.27324],[139.65644,35.27349],[139.65655,35.27412],[139.65664,35.27468],[139.65674,35.2751],[139.65688,35.2757],[139.65707,35.27656],[139.65734,35.27844],[139.65754,35.27997],[139.65779,35.2812],[139.65787,35.28163],[139.65789,35.28193],[139.6579,35.28221],[139.6579,35.28238],[139.65789,35.28242],[139.65786,35.28262],[139.65777,35.2829],[139.65766,35.28303],[139.65734,35.28328],[139.65706,35.28349],[139.6567,35.28367],[139.65634,35.28385],[139.65599,35.28397],[139.65463,35.28427],[139.65382,35.28448],[139.65355,35.28459],[139.65321,35.28478],[139.65286,35.28497],[139.65252,35.2852],[139.65239,35.2853],[139.65206,35.28555],[139.65181,35.28578],[139.65173,35.28585],[139.65129,35.28634],[139.65064,35.28695],[139.65012,35.28742],[139.64976,35.2877],[139.64954,35.28787],[139.64942,35.28798],[139.64903,35.28825],[139.64855,35.28854],[139.64824,35.28873],[139.64797,35.28886],[139.6477,35.28901],[139.64739,35.28916],[139.64712,35.28929],[139.64662,35.28951],[139.6457,35.28996],[139.64524,35.29019],[139.6446,35.29049],[139.64355,35.291],[139.6419,35.29176],[139.64157,35.29191],[139.64115,35.2921],[139.64086,35.29223],[139.64071,35.29229],[139.64051,35.29235],[139.64037,35.29238],[139.64024,35.29241],[139.64004,35.29246],[139.63973,35.29254],[139.63947,35.29259],[139.63893,35.29266],[139.63863,35.29269],[139.63816,35.29276],[139.63689,35.29292],[139.63657,35.29296],[139.63542,35.2931],[139.63498,35.29315],[139.63441,35.29323],[139.63401,35.29328],[139.63359,35.29333],[139.63295,35.29338],[139.63242,35.29337],[139.63224,35.29336],[139.6319,35.29333],[139.63174,35.29332],[139.6302,35.29316],[139.6284,35.29294],[139.62687,35.29275],[139.62576,35.29265],[139.6254,35.29263],[139.6248,35.29267],[139.62428,35.29272],[139.62421,35.29273],[139.62372,35.29284],[139.62289,35.29304],[139.62251,35.29313],[139.62187,35.29327],[139.62179,35.29327],[139.6217,35.29327],[139.62151,35.29333],[139.62126,35.29342],[139.62088,35.29357],[139.62021,35.29383],[139.62,35.29391],[139.61874,35.2945],[139.61743,35.29527],[139.61676,35.29568],[139.61627,35.29597],[139.61536,35.29646],[139.61474,35.29673],[139.61415,35.29694],[139.61352,35.29714],[139.6128,35.29734],[139.61205,35.29753],[139.61164,35.29761],[139.61145,35.29766],[139.61124,35.29769],[139.61088,35.29775],[139.60973,35.2979],[139.60941,35.29793],[139.609,35.29797],[139.60806,35.29808],[139.60669,35.29824],[139.6056,35.29835],[139.6042,35.2985],[139.60385,35.29855],[139.60326,35.29861],[139.60243,35.29869],[139.60121,35.29884],[139.60048,35.29891],[139.59988,35.29897],[139.59958,35.299],[139.59899,35.29906],[139.59807,35.29915],[139.59669,35.2993],[139.59538,35.29941],[139.59405,35.29957],[139.59301,35.29966],[139.59187,35.29973],[139.59139,35.2997],[139.5911,35.29968],[139.59079,35.29963],[139.59031,35.29954],[139.58861,35.29924],[139.58836,35.29921],[139.5873,35.29903],[139.58645,35.29887],[139.58492,35.29858],[139.58316,35.29825],[139.58266,35.29816],[139.58209,35.29805],[139.58088,35.29784],[139.57965,35.29759],[139.5795,35.29756],[139.57894,35.29747],[139.57836,35.29739],[139.57813,35.29735],[139.5777,35.29731],[139.57747,35.29729],[139.57708,35.29729],[139.57693,35.29729],[139.57661,35.2973],[139.57621,35.29733],[139.57561,35.29743],[139.57515,35.29753],[139.57483,35.29761],[139.57455,35.2977],[139.57436,35.29778],[139.57407,35.2979],[139.57382,35.29803],[139.57356,35.29817],[139.5733,35.29834],[139.57291,35.29864],[139.57286,35.29869],[139.57252,35.29894],[139.57214,35.29926],[139.57195,35.29942],[139.57174,35.2997],[139.57148,35.30005],[139.57133,35.30029],[139.57116,35.30058],[139.57095,35.30096],[139.57082,35.30123],[139.57054,35.30198],[139.57034,35.30248],[139.57011,35.30306],[139.56995,35.30348],[139.56976,35.30394],[139.56964,35.30425],[139.56951,35.30452],[139.56929,35.30492],[139.56901,35.30527],[139.56881,35.30549],[139.56857,35.30569],[139.56831,35.3059],[139.56813,35.30602],[139.56786,35.3062],[139.56764,35.30636],[139.56739,35.30653],[139.56669,35.30695],[139.56621,35.30725],[139.56602,35.30736],[139.56553,35.30764],[139.56474,35.30816],[139.5647,35.30819],[139.56431,35.30844],[139.56386,35.30872],[139.56359,35.30889],[139.56344,35.309],[139.56323,35.30913],[139.56289,35.30934],[139.56236,35.30953],[139.56174,35.30967],[139.56102,35.30981],[139.56007,35.30998],[139.55963,35.31005],[139.55928,35.3101],[139.55895,35.31017],[139.55867,35.31022],[139.55862,35.31024],[139.55799,35.31036],[139.55733,35.31052],[139.55663,35.31073],[139.55622,35.31087],[139.55563,35.31111],[139.55526,35.31129],[139.55494,35.31148],[139.55456,35.31171],[139.55425,35.3119],[139.55394,35.3121],[139.55359,35.31236],[139.55332,35.31257],[139.55293,35.31292],[139.5526,35.31323],[139.55238,35.31344],[139.55202,35.31391],[139.5518,35.31423],[139.55164,35.31447],[139.55135,35.31495],[139.5512,35.31525],[139.55107,35.31554],[139.55089,35.31599],[139.55085,35.31611],[139.55081,35.31624],[139.55073,35.3165],[139.55058,35.31698],[139.55054,35.31716],[139.55047,35.31752],[139.55041,35.31792],[139.55039,35.31826],[139.55038,35.31843],[139.5504,35.31887],[139.55041,35.31933],[139.55044,35.31969],[139.55046,35.31996],[139.55051,35.32036],[139.55054,35.32054],[139.55065,35.3213],[139.55071,35.32194],[139.55078,35.32288],[139.5508,35.32335],[139.55079,35.32381],[139.55073,35.32413],[139.55069,35.32429],[139.55055,35.32464],[139.55038,35.32495],[139.55022,35.32521],[139.54999,35.32551],[139.54979,35.32576],[139.54948,35.32611],[139.54936,35.32624],[139.54915,35.3265],[139.54881,35.3271],[139.54868,35.32736],[139.54861,35.3275],[139.54852,35.32787],[139.5485,35.32808],[139.54848,35.3284],[139.5485,35.32864],[139.54852,35.32938],[139.54853,35.3301],[139.54856,35.3305],[139.54858,35.33149],[139.54862,35.33198],[139.54861,35.3321],[139.54861,35.33249],[139.5486,35.33283],[139.54858,35.33305],[139.54852,35.33331],[139.5485,35.3336],[139.54843,35.33389],[139.5483,35.33416],[139.54817,35.33443],[139.54809,35.33456],[139.54778,35.33493],[139.54759,35.33514],[139.54728,35.33546],[139.5469,35.33579],[139.54647,35.33619],[139.54618,35.33646],[139.54601,35.33661],[139.54536,35.33721],[139.54377,35.33867],[139.54243,35.33991],[139.54174,35.34056],[139.54087,35.34134],[139.54038,35.34167],[139.53993,35.34193],[139.53927,35.34221],[139.53782,35.34272],[139.5364,35.34314],[139.53579,35.34339],[139.53534,35.34365],[139.53497,35.34388],[139.53461,35.34425],[139.53371,35.34515],[139.53304,35.34592],[139.53275,35.3462],[139.53245,35.34651],[139.53182,35.34716],[139.53144,35.34758],[139.53119,35.34785],[139.53069,35.34853],[139.53038,35.34903],[139.53022,35.3495],[139.53016,35.34979],[139.53022,35.35024],[139.53043,35.35101],[139.53081,35.35209],[139.53102,35.3526],[139.53112694,35.35302777],[139.53141,35.35416],[139.53164,35.35542],[139.53173,35.35591],[139.53175,35.35627],[139.5317,35.35671],[139.53156,35.3571],[139.53133,35.35755],[139.53077,35.35829],[139.53002,35.35926],[139.52965,35.35979],[139.52938,35.36036],[139.52922,35.36091],[139.52918,35.36156],[139.52923,35.362],[139.52936,35.36266],[139.52959,35.36325],[139.52984,35.36386],[139.52995,35.36415],[139.53007,35.36445],[139.53021,35.36478],[139.53039,35.36545],[139.53043,35.36576],[139.53045,35.36602],[139.53045,35.3662],[139.5304,35.3665],[139.53025,35.36704],[139.53001,35.3679],[139.52971,35.36915],[139.52957,35.36993],[139.52952,35.37034],[139.52956,35.37072],[139.52971,35.37118],[139.52997,35.37173],[139.5306,35.37313],[139.53083,35.37354],[139.53113,35.37405],[139.5313,35.37438],[139.5316,35.37492],[139.53176,35.37521],[139.53199,35.3756],[139.5321,35.3758],[139.53296,35.37736],[139.53362,35.37875],[139.53406,35.37982],[139.5342,35.38026],[139.53433,35.3808],[139.53444,35.38134],[139.53458,35.38238],[139.53463,35.3828],[139.53476,35.38394],[139.535,35.38661],[139.53524,35.38921],[139.53545,35.39148],[139.53548,35.39179],[139.53564,35.39349],[139.53574,35.39447],[139.53572,35.39519],[139.53567,35.39597],[139.53552,35.39659],[139.53536,35.3971],[139.53511,35.39793],[139.53473,35.39908],[139.5347,35.39917],[139.53468,35.39926],[139.53458,35.39956],[139.53448,35.3999],[139.53433,35.40034],[139.5342,35.40076],[139.53392,35.4017],[139.53379,35.40252],[139.53372,35.40344],[139.53373,35.40375],[139.53383,35.40452],[139.5341,35.40639],[139.53433,35.40812],[139.5345,35.40907],[139.53459,35.40956],[139.53477,35.41002],[139.53499,35.41048],[139.53506,35.41059],[139.53534,35.4111],[139.53568,35.41168],[139.53605,35.41219],[139.53631,35.4124],[139.53684,35.41284],[139.53764,35.41339],[139.53807,35.41366],[139.53981,35.41476],[139.54026,35.415],[139.54331,35.41662],[139.54736,35.41875],[139.54953,35.41994],[139.5508,35.42055],[139.55186,35.42116],[139.55199,35.42123],[139.55262,35.42162],[139.55309,35.42193],[139.55369,35.42246],[139.55407,35.42283],[139.55441,35.42323],[139.55485,35.42384],[139.55507,35.42425],[139.55531,35.42482],[139.55621,35.42668],[139.55665,35.42762],[139.55684,35.4284],[139.55686,35.42859],[139.55687,35.42874],[139.55688,35.4289],[139.55688,35.42926],[139.55689,35.42942],[139.5569,35.4302],[139.5569,35.43039],[139.55689,35.43049],[139.5569,35.43158],[139.55708,35.43256],[139.55741,35.4335],[139.55786,35.43431],[139.55821,35.43477],[139.55943,35.43612],[139.5598,35.43659],[139.56012,35.43693],[139.56128,35.4382],[139.56187,35.43878],[139.56211,35.43901],[139.56242,35.43921],[139.56587,35.44101],[139.5693,35.44266],[139.56987,35.44295],[139.57451,35.44528],[139.57557,35.44582],[139.57668,35.4464],[139.57746,35.44673],[139.57852,35.44695],[139.57961,35.44699],[139.58346,35.44648],[139.58824,35.44579],[139.58853,35.44576],[139.59115,35.44536],[139.59281,35.44516],[139.595,35.44485],[139.59605,35.44483],[139.59692,35.44498],[139.59724,35.44507],[139.59752,35.44516],[139.59787,35.44531],[139.59825,35.44551],[139.59856,35.44565],[139.59884,35.4458],[139.59907,35.44598],[139.60167,35.44846],[139.60286,35.4496],[139.6033,35.45],[139.60425,35.45071],[139.60473,35.45099],[139.60516,35.45124],[139.60766,35.45264],[139.6096,35.45374],[139.61092,35.45444],[139.61129,35.45462],[139.61213,35.45515],[139.61298,35.45587],[139.61374,35.45657],[139.61479,35.45771],[139.6159,35.45893],[139.61752,35.46068],[139.61829,35.46153],[139.61841,35.46164],[139.61986,35.46325],[139.6201,35.46352],[139.62055,35.46401],[139.62073,35.46421],[139.62133,35.46475],[139.62179,35.46533],[139.6232,35.46692],[139.62344,35.46719],[139.62387,35.46769],[139.62503,35.46906],[139.62567,35.46976],[139.62678,35.47108],[139.62775,35.47223],[139.62845,35.47305],[139.6292,35.47388],[139.62991,35.47466],[139.63046,35.47525],[139.63159,35.47647],[139.63223,35.477164],[139.633749,35.478809],[139.63436,35.47947],[139.63575,35.48097],[139.63585,35.48107],[139.63602,35.48124],[139.63682,35.48201],[139.63715,35.48229],[139.63795,35.48274],[139.63834,35.48294],[139.6389,35.48317],[139.63932,35.4833],[139.64035,35.48362],[139.64234,35.48424],[139.64317,35.48449],[139.64342,35.48457],[139.64416,35.48479],[139.64493,35.48501],[139.64524,35.48509],[139.64568,35.48515],[139.64563,35.48511],[139.64535,35.48496],[139.64522,35.48489],[139.64482,35.48472],[139.64444,35.4846],[139.64401,35.48446],[139.64352,35.48432],[139.64329,35.48425],[139.64229,35.48396],[139.64131,35.48367],[139.63923,35.48308],[139.63905,35.48302],[139.6388,35.48294],[139.6386,35.48286],[139.63836,35.48274],[139.63812,35.48263],[139.63789,35.48249],[139.63763,35.48234],[139.63734,35.48213],[139.63711,35.48198],[139.63684,35.48175],[139.63657,35.48151],[139.63628,35.4812],[139.6356,35.48049],[139.6355,35.48037],[139.63524,35.48007],[139.63495,35.47977],[139.63393,35.47869],[139.6324,35.47706],[139.63178,35.47639],[139.63157,35.47613],[139.6312,35.47575],[139.63088,35.47541],[139.63057,35.47507],[139.6303,35.47478],[139.62997,35.47442],[139.62939,35.4738],[139.62911,35.4735],[139.62863,35.47296],[139.62825,35.47253],[139.62765,35.47182],[139.62648,35.47046],[139.62579,35.46965],[139.62489,35.46863],[139.62412,35.46773],[139.62399,35.46758],[139.62376,35.46732],[139.62335,35.46681],[139.62217,35.46536],[139.62179,35.46479],[139.6217,35.46467],[139.62179,35.46479],[139.62217,35.46536],[139.62335,35.46681],[139.62376,35.46732],[139.62399,35.46758],[139.62412,35.46773],[139.62489,35.46863],[139.62579,35.46965],[139.62648,35.47046],[139.62765,35.47182],[139.62825,35.47253],[139.62863,35.47296],[139.62911,35.4735],[139.62939,35.4738],[139.62997,35.47442],[139.6303,35.47478],[139.63057,35.47507],[139.63088,35.47541],[139.6312,35.47575],[139.63157,35.47613],[139.63178,35.47639],[139.6324,35.47706],[139.63393,35.47869],[139.63495,35.47977],[139.63524,35.48007],[139.6355,35.48037],[139.6356,35.48049],[139.63628,35.4812],[139.63657,35.48151],[139.63684,35.48175],[139.63711,35.48198],[139.63734,35.48213],[139.63763,35.48234],[139.63789,35.48249],[139.63812,35.48263],[139.63836,35.48274],[139.6386,35.48286],[139.6388,35.48294],[139.63905,35.48302],[139.63923,35.48308],[139.64131,35.48367],[139.64229,35.48396],[139.64329,35.48425],[139.64352,35.48432],[139.64401,35.48446],[139.64444,35.4846],[139.64482,35.48472],[139.64522,35.48489],[139.64535,35.48496],[139.64563,35.48511],[139.64568,35.48515],[139.6462,35.48521],[139.647,35.48532],[139.64798,35.48544],[139.64819,35.48546],[139.64874,35.48548],[139.64913,35.48549],[139.64927,35.4855],[139.6497,35.48552],[139.65009,35.48554],[139.65049,35.48558],[139.65129,35.48574],[139.65188,35.48589],[139.65226,35.48603],[139.65288,35.48624],[139.65298,35.48629],[139.6533,35.48643],[139.65388,35.48669],[139.6544,35.48695],[139.65491,35.48726],[139.65507,35.48734],[139.65574,35.48771],[139.65625,35.488],[139.65687,35.48835],[139.65828,35.48908],[139.65856,35.48924],[139.65986,35.48994],[139.66044,35.49029],[139.66096,35.49065],[139.66112,35.49077],[139.6617,35.49127],[139.66204,35.49158],[139.66254,35.4921],[139.66322,35.49289],[139.66353,35.49326],[139.66364,35.49327],[139.66376,35.4933],[139.66393,35.49338],[139.66408,35.49346],[139.66429,35.49359],[139.66463,35.4939],[139.66503,35.49427],[139.66573,35.49485],[139.66723,35.49607],[139.66764,35.49643],[139.66768,35.49647],[139.66801,35.49674],[139.67193,35.50002],[139.6724,35.50041],[139.67291,35.50082],[139.67347,35.5014],[139.67385,35.50182],[139.67449,35.50265],[139.6749,35.50326],[139.67512,35.50387],[139.6754,35.5049],[139.67578,35.50637],[139.676,35.5074],[139.67609,35.50779],[139.67645,35.50939],[139.67649,35.50958],[139.67692,35.5113],[139.67699,35.5116],[139.6771,35.51197],[139.67747,35.51309],[139.67799,35.51465],[139.67809,35.51491],[139.67823,35.51518],[139.67838,35.51545],[139.67852,35.51566],[139.67884,35.51611],[139.67903,35.51635],[139.67959,35.51691],[139.67995,35.51728],[139.68024,35.5176],[139.68043,35.51784],[139.68069,35.51821],[139.68088,35.51851],[139.68109,35.51891],[139.68122,35.51925],[139.68132,35.51959],[139.68137,35.52003],[139.68137,35.52025],[139.68136,35.5204],[139.68134,35.52066],[139.68126,35.52101],[139.68112,35.52152],[139.68075,35.52257],[139.68071,35.52271],[139.68039,35.52371],[139.68023831,35.52436206],[139.68001307,35.52540009],[139.67990536,35.526066],[139.67968992,35.52709423],[139.67941572,35.52803433],[139.67849521,35.53091339],[139.67727112,35.53447793],[139.67685982,35.53577057],[139.67672272,35.53627979],[139.67667376,35.53649523],[139.67651708,35.53750388],[139.67636039,35.53811103],[139.67529299,35.54145034],[139.67465646,35.54381038],[139.67445082,35.54455463],[139.67361844,35.54698322],[139.67325611,35.54805063],[139.67259999,35.54949995],[139.67218,35.55035],[139.6718,35.55118],[139.67166,35.55148],[139.6715,35.55184],[139.67088,35.55309],[139.67049,35.5539],[139.67004,35.55505],[139.66945,35.55667],[139.66886,35.55828],[139.66852,35.55925],[139.66816,35.56029],[139.66763,35.5617],[139.66761,35.56174],[139.66756,35.5619],[139.66695,35.56373],[139.66632,35.56557],[139.66562759,35.56758708],[139.66539011,35.56828236],[139.66513061,35.56917595],[139.66404362,35.57250547],[139.66387714,35.57303182],[139.66374739,35.57334764],[139.66352338,35.57405761],[139.66344626,35.5743367],[139.66338016,35.57458152],[139.66332,35.57486],[139.66329203,35.57505157],[139.66326754,35.57527191],[139.66325408,35.57549224],[139.66327122,35.57572727],[139.66332018,35.57602227],[139.66338873,35.57632707],[139.66347931,35.57664778],[139.66355765,35.57685098],[139.66366537,35.57707377],[139.6637682,35.57725738],[139.66393467,35.57752913],[139.66410849,35.5777715],[139.66428966,35.57799673],[139.66451979,35.57825379],[139.66480622,35.5785084],[139.66512204,35.57872873],[139.66538154,35.57887807],[139.66576,35.57909],[139.66596,35.57919],[139.66605,35.57923],[139.66628,35.57934],[139.66734,35.57975],[139.66757,35.57983],[139.66814,35.58004],[139.66847,35.58017],[139.6702,35.58081],[139.67064,35.58096],[139.67463,35.58234],[139.67474,35.58238],[139.67561,35.58268],[139.67752,35.58334],[139.68039,35.58417],[139.68251,35.58477],[139.68271,35.58483],[139.68322,35.58497],[139.68682,35.58601],[139.68837,35.58645],[139.68883,35.58658],[139.68916,35.58668],[139.68986,35.58692],[139.69026,35.58704],[139.69042,35.58708],[139.69126,35.58733],[139.69142,35.58738],[139.69168,35.58745],[139.69188,35.58751],[139.69269,35.58777],[139.69285,35.58782],[139.69324,35.58793],[139.6935,35.58802],[139.69607,35.58875],[139.69628,35.58881],[139.69648,35.58886],[139.69665,35.58891],[139.6973,35.58909],[139.69746,35.58913],[139.69767,35.58919],[139.69782,35.58923],[139.69821,35.58934],[139.69978,35.58978],[139.70043,35.58996],[139.70079,35.59005],[139.70106,35.59013],[139.70146,35.59024],[139.70215,35.59043],[139.70245,35.59052],[139.70343,35.59079],[139.70372,35.59087],[139.70484,35.59119],[139.70508,35.59124],[139.70571,35.59142],[139.70605,35.59152],[139.70624,35.59156],[139.70724,35.59184],[139.70746,35.5919],[139.70782,35.59201],[139.70808,35.59208],[139.70858,35.59237],[139.7116,35.59321],[139.71516,35.59422],[139.71619,35.59455],[139.7169,35.59486],[139.71779,35.59542],[139.7178,35.59543],[139.71861,35.59611],[139.71953,35.59706],[139.71978,35.59754],[139.72124,35.60085],[139.72136,35.60112],[139.72144,35.60132],[139.72177,35.60207],[139.72181,35.60217],[139.72186,35.60228],[139.72197,35.60255],[139.72292,35.60472],[139.7236,35.60622],[139.72409,35.60708],[139.72452,35.60774],[139.72487,35.60821],[139.7255,35.60896],[139.726,35.60957],[139.72636,35.61002],[139.728,35.61273],[139.72857,35.61366],[139.72894,35.61426],[139.7291,35.61453],[139.72928,35.61479],[139.72941,35.61494],[139.72955,35.61511],[139.72972,35.61528],[139.73005,35.61555],[139.73019,35.61565],[139.73043,35.6158],[139.73072,35.61596],[139.73106,35.61612],[139.73205,35.61655],[139.73247,35.61669],[139.7328,35.61677],[139.73342,35.61684],[139.73399,35.61691],[139.73444,35.61704],[139.73454,35.61708],[139.73508,35.61729],[139.73527,35.61741],[139.7356,35.61761],[139.73634,35.61828],[139.73668,35.61869],[139.73695,35.61901],[139.73753,35.62031],[139.73762,35.62049],[139.73764,35.6206],[139.73812,35.6226],[139.73824,35.62318],[139.73829,35.6234],[139.73855,35.62452],[139.73855,35.62455],[139.73866,35.62501],[139.73881,35.62549],[139.73883,35.62608],[139.73876,35.62638],[139.7387,35.62669],[139.73863,35.627],[139.73844,35.62927],[139.73846424,35.62983058],[139.7386546,35.63057297],[139.73894965,35.63131537],[139.73937796,35.6321339],[139.73973964,35.63306665],[139.74023697,35.63442991],[139.74105194,35.63632753],[139.74156706,35.63739727],[139.7419097,35.63812062],[139.74224283,35.63905337],[139.74252836,35.63983384],[139.74276631,35.64067141],[139.74294715,35.64138525],[139.74315654,35.6421086],[139.74330883,35.64250835],[139.74348967,35.6429081],[139.74376,35.64332],[139.74418,35.64373],[139.74504,35.64431],[139.74677,35.64528],[139.74697,35.64537],[139.74824,35.64611],[139.75153,35.64766],[139.75294,35.64834],[139.75371,35.64888],[139.7547,35.64968],[139.75514,35.65021],[139.75551,35.65073],[139.75609,35.65196],[139.75642,35.6527],[139.75666,35.65357],[139.75697,35.65468],[139.75728,35.65614],[139.75734,35.65638],[139.75745,35.65678],[139.75817,35.65958],[139.75824,35.65987],[139.75847,35.66084],[139.75857,35.66147],[139.7586,35.66209],[139.7586,35.66291],[139.75842,35.66432],[139.75826,35.66558],[139.75814,35.6672],[139.75817,35.66821],[139.7582,35.66841],[139.75826,35.66863],[139.75836,35.66886],[139.75851,35.66913],[139.75899,35.66991],[139.7598,35.67143],[139.75991,35.67163],[139.76034,35.67244],[139.76054,35.67274],[139.76074,35.67299],[139.76116,35.67336],[139.7616,35.67372],[139.76206,35.6741],[139.76254,35.67448],[139.76398,35.6756],[139.76444,35.67597],[139.76471,35.67626],[139.76499,35.67662],[139.76523,35.67711],[139.76552,35.6778],[139.76621,35.67965],[139.76716,35.68228],[139.76621,35.67965],[139.76552,35.6778],[139.76523,35.67711],[139.76499,35.67662],[139.76471,35.67626],[139.76444,35.67597],[139.76398,35.6756],[139.76254,35.67448],[139.76206,35.6741],[139.7616,35.67372],[139.76116,35.67336],[139.76074,35.67299],[139.76054,35.67274],[139.76034,35.67244],[139.75991,35.67163],[139.7598,35.67143],[139.75899,35.66991],[139.75851,35.66913],[139.75836,35.66886],[139.75826,35.66863],[139.7582,35.66841],[139.75817,35.66821],[139.75814,35.6672],[139.75826,35.66558],[139.75842,35.66432],[139.7586,35.66291],[139.7586,35.66209],[139.75857,35.66147],[139.75847,35.66084],[139.75824,35.65987],[139.75817,35.65958],[139.75745,35.65678],[139.75734,35.65638],[139.75728,35.65614],[139.75697,35.65468],[139.75666,35.65357],[139.75642,35.6527],[139.75609,35.65196],[139.75551,35.65073],[139.75514,35.65021],[139.7547,35.64968],[139.75371,35.64888],[139.75294,35.64834],[139.75153,35.64766],[139.74824,35.64611],[139.74697,35.64537],[139.74677,35.64528],[139.74504,35.64431],[139.74418,35.64373],[139.74376,35.64332],[139.74348967,35.6429081],[139.74330883,35.64250835],[139.74327551,35.64212764],[139.74320413,35.64161367],[139.74310895,35.64109019],[139.74285197,35.63995757],[139.74207627,35.6376019],[139.74162252,35.63667994],[139.74087702,35.63486076],[139.73997758,35.6327478],[139.73957783,35.63159138],[139.73904959,35.63030647],[139.73898,35.62986],[139.7391,35.62713],[139.73903,35.6265],[139.73914,35.62681],[139.73934,35.62724],[139.73936,35.62764],[139.73939,35.62849],[139.7394,35.62867],[139.73942,35.62894],[139.73944,35.62923],[139.73956,35.62975],[139.73983,35.63039],[139.74087,35.63267],[139.7413,35.63368],[139.74152,35.63417],[139.74189,35.63511],[139.74205,35.63566],[139.74213,35.63593],[139.74238,35.63689],[139.74246,35.63733],[139.74253,35.63785],[139.74253,35.63846],[139.74254,35.63888],[139.74264,35.63931],[139.7429,35.63977],[139.74354,35.64073],[139.74409,35.64128],[139.74468,35.64193],[139.745,35.6423],[139.74524,35.64254],[139.7457,35.64278],[139.74677,35.64327],[139.74871,35.64415],[139.74875,35.64416],[139.75064,35.64496],[139.75133,35.64531],[139.75235,35.64579],[139.75308,35.6462],[139.75385,35.64676],[139.75495,35.648],[139.75577,35.64925],[139.75644,35.65023],[139.75672,35.65065],[139.75709,35.6513],[139.75733,35.65193],[139.75756,35.65281],[139.7578,35.6539],[139.75794,35.65446],[139.75835,35.65533],[139.75894,35.6566],[139.7593,35.65726],[139.75942,35.65779],[139.75946,35.65882],[139.75946,35.65884],[139.75946,35.65923],[139.75946,35.65968],[139.75926,35.66177],[139.75907,35.66338],[139.75888,35.66476],[139.7588,35.66539],[139.75866,35.66702],[139.75864,35.66734],[139.75865,35.66798],[139.75866,35.66823],[139.75876,35.66848],[139.75889,35.66872],[139.75957,35.66991],[139.76008,35.67096],[139.76042,35.67161],[139.76075,35.67224],[139.76089,35.67238],[139.7618,35.67345],[139.76206,35.6741],[139.7623,35.67467],[139.7625,35.67516],[139.76273,35.67588],[139.76309,35.67697],[139.76345,35.67805],[139.76388,35.67938],[139.76413,35.68014],[139.76467,35.68076],[139.76491,35.68098],[139.76528,35.68159],[139.76591,35.68245],[139.7662,35.68274],[139.76689,35.68307],[139.76763,35.68435],[139.76839,35.68636],[139.76864,35.68699],[139.76887,35.68718],[139.76992,35.6877],[139.76999,35.68772],[139.7715,35.6882],[139.77163,35.68824],[139.77226,35.68842],[139.77299,35.68864],[139.7733,35.68873],[139.77363,35.68883],[139.77443,35.68907],[139.77529,35.68935],[139.77553,35.68943],[139.77582,35.68953],[139.77656,35.6898],[139.77717,35.69002],[139.7779,35.69043],[139.77847,35.69076],[139.77896,35.69104],[139.77962,35.69141],[139.78075,35.69207],[139.78106,35.6923],[139.78158,35.69271],[139.78186,35.69294],[139.78281,35.69367],[139.78329,35.69403],[139.78447,35.69494],[139.78484,35.69524],[139.78535,35.69541],[139.78589,35.69565],[139.78602,35.69571],[139.78728,35.69608],[139.78837,35.69625],[139.78963,35.69647],[139.7898,35.69647],[139.78993,35.69648],[139.79054,35.69651],[139.7922,35.69641],[139.79431,35.69623],[139.79705,35.6958],[139.79719,35.69581],[139.79938,35.69594],[139.80416,35.6962],[139.80937,35.69647],[139.81129,35.69657],[139.81294,35.69666],[139.81527,35.69676],[139.8157,35.69678],[139.81724,35.69685],[139.81904,35.69695],[139.81942,35.69697],[139.81988,35.697],[139.82329,35.69717],[139.82367,35.69719],[139.82534,35.69729],[139.82577,35.69731],[139.82788,35.69739],[139.83073,35.69763],[139.83092,35.69765],[139.83161,35.69772],[139.83304,35.69792],[139.83404,35.69813],[139.83495,35.69845],[139.83569,35.69885],[139.83617,35.6992],[139.8366,35.69964],[139.83687,35.69998],[139.83803,35.70184],[139.83823,35.70217],[139.8383,35.70227],[139.83896,35.70332],[139.83909,35.70353],[139.83916,35.70366],[139.83932,35.70392],[139.83969,35.70438],[139.84008,35.70482],[139.84072,35.70538],[139.84097,35.70557],[139.84158,35.70595],[139.84265,35.70661],[139.84291,35.70678],[139.84319,35.70695],[139.84346,35.70713],[139.84412,35.7076],[139.84418,35.70764],[139.84451,35.70787],[139.84457,35.70791],[139.8465,35.70928],[139.84669,35.70941],[139.84754,35.71003],[139.85024,35.71188],[139.85047,35.71205],[139.85267,35.71354],[139.85428,35.71464],[139.85433,35.71467],[139.8551,35.7152],[139.85534,35.71533],[139.85625,35.71587],[139.85679,35.71623],[139.85885,35.71758],[139.85905,35.7177],[139.8595,35.71796],[139.86064,35.7185],[139.86118,35.71875],[139.86198,35.71926],[139.86349,35.72032],[139.8644,35.72098],[139.86492,35.72135],[139.8663,35.72234],[139.86714,35.72303],[139.86826,35.72399],[139.86858,35.72425],[139.87049,35.72558],[139.87072,35.72574],[139.87176,35.72635],[139.8732,35.72737],[139.87454,35.72827],[139.87563,35.72903],[139.87574,35.7291],[139.88103,35.73277],[139.88111,35.73282],[139.88259,35.73384],[139.88268,35.73389],[139.88321,35.73421],[139.88392,35.7346],[139.88486,35.7351],[139.885,35.73516],[139.88524,35.73527],[139.8854,35.73532],[139.88567,35.73541],[139.88623,35.73558],[139.88692,35.73576],[139.88731,35.73584],[139.88775,35.73592],[139.88812,35.73597],[139.88857,35.73599],[139.88899,35.736],[139.88967,35.736],[139.89006,35.73597],[139.89041,35.73594],[139.89095,35.73584],[139.89207,35.73558],[139.89222,35.73554],[139.89236,35.7355],[139.89246,35.73546],[139.89296,35.73523],[139.89327,35.73509],[139.89374,35.73487],[139.89408,35.7347],[139.89422,35.73463],[139.89529,35.73413],[139.8958,35.73393],[139.89847,35.73283],[139.89991,35.73224],[139.90015,35.73215],[139.90094,35.73184],[139.90163,35.73163],[139.90172,35.73161],[139.90208,35.73149],[139.90302,35.73115],[139.90398,35.73076],[139.90587,35.72988],[139.90678,35.72943],[139.90686,35.72939],[139.90948,35.72835],[139.90962,35.7283],[139.91203,35.72732],[139.91387,35.72657],[139.91481,35.7262],[139.91661,35.72544],[139.91949,35.72421],[139.92109,35.72352],[139.92368,35.72243],[139.92644,35.72125],[139.92653,35.72122],[139.92828,35.72048],[139.92835,35.72044],[139.93116,35.71927],[139.93529,35.71754],[139.93821,35.71632],[139.93828,35.71629],[139.94174,35.71484],[139.94212,35.71469],[139.94219,35.71466],[139.94395,35.71391],[139.94405,35.71387],[139.94687,35.71273],[139.94877,35.71194],[139.95294,35.71025],[139.95443,35.70962],[139.95563,35.70909],[139.95646,35.70873],[139.95799,35.70801],[139.9585,35.70782],[139.95966,35.70738],[139.96011,35.70721],[139.96014,35.70721],[139.96547,35.70476],[139.96611,35.70447],[139.96702,35.70405],[139.96997,35.70268],[139.9702,35.7026],[139.97066,35.70246],[139.97073,35.70245],[139.97099,35.70238],[139.97159,35.70224],[139.97227,35.70213],[139.97293,35.70204],[139.97308,35.70202],[139.9733,35.70199],[139.97376,35.70195],[139.97411,35.70195],[139.9743,35.70195],[139.97448,35.70196],[139.97508,35.70204],[139.97706,35.70235],[139.97761,35.70237],[139.97839,35.70234],[139.98012,35.70216],[139.98203,35.70199],[139.98237,35.70195],[139.98265,35.70193],[139.98306,35.70189],[139.98328,35.70187],[139.98366,35.70183],[139.98629,35.70158],[139.98638,35.70157],[139.98955,35.70126],[139.98969,35.70124],[139.99149,35.70106],[139.99171,35.70104],[139.992,35.70101],[139.99214,35.701],[139.99383,35.70083],[139.99393,35.70081],[139.99419,35.70079],[139.99429,35.70078],[139.99675,35.70055],[139.9984,35.70038],[139.99856,35.70037],[140.0002,35.70021],[140.00036,35.7002],[140.00107,35.70014],[140.00145,35.7001],[140.00277,35.69996],[140.0035,35.69989],[140.00414,35.69982],[140.00464,35.69976],[140.00503,35.69971],[140.00537,35.6997],[140.00571,35.69966],[140.00758,35.6995],[140.00796,35.69944],[140.0087,35.69933],[140.00938,35.69921],[140.00981,35.6991],[140.01033,35.69893],[140.01076,35.69876],[140.01139,35.69848],[140.01186,35.69821],[140.01219,35.698],[140.01242,35.69786],[140.01323,35.69727],[140.01401,35.6966],[140.01427,35.69636],[140.01472,35.69597],[140.01489,35.69582],[140.01605,35.69485],[140.01651,35.69448],[140.01687,35.69419],[140.01696,35.69412],[140.01748,35.69369],[140.0178,35.69342],[140.01789,35.69334],[140.01804,35.69321],[140.0183,35.69299],[140.01922,35.69222],[140.02,35.69156],[140.02028,35.69133],[140.02066,35.69099],[140.02122,35.69052],[140.02173,35.69015],[140.02318,35.68895],[140.02367,35.68853],[140.02429,35.68802],[140.02456,35.68779],[140.02499,35.68739],[140.0255,35.68698],[140.02562,35.68687],[140.02592,35.68661],[140.02604,35.68651],[140.02617,35.6864],[140.0269,35.68578],[140.02848,35.68444],[140.02861,35.68434],[140.02874,35.68422],[140.03033,35.68286],[140.03103,35.68226],[140.03238,35.6811],[140.03261,35.68091],[140.03288,35.68068],[140.03298,35.68061],[140.03511,35.67881],[140.03577,35.67826],[140.03625,35.67785],[140.03896,35.67554],[140.03952,35.67508],[140.04099,35.67382],[140.04214,35.67285],[140.04246,35.67258],[140.04316,35.67199],[140.04536,35.67009],[140.04557,35.66991],[140.04721,35.66854],[140.04973,35.66643],[140.05002,35.66618],[140.05148,35.66494],[140.05295,35.66369],[140.05327,35.66342],[140.05362,35.66312],[140.05529,35.6617],[140.05715,35.66013],[140.05784,35.65953],[140.05812,35.65928],[140.05849,35.65896],[140.05939,35.65819],[140.06029,35.65745],[140.06089,35.65699],[140.06181,35.65641],[140.06269,35.65593],[140.06274,35.6559],[140.06388,35.65531],[140.06492,35.65477],[140.0655,35.65447],[140.06584,35.65429],[140.06607,35.65417],[140.06679,35.6538],[140.06701,35.65369],[140.06712,35.65363],[140.06722,35.65358],[140.06862,35.65286],[140.06946,35.65252],[140.07006,35.6523],[140.07077,35.65213],[140.07161,35.65202],[140.0722,35.65193],[140.07264,35.65188],[140.07325,35.65181],[140.07449,35.65167],[140.07516,35.65158],[140.07594,35.65148],[140.0765,35.65141],[140.07678,35.65137],[140.07748,35.65129],[140.07812,35.65121],[140.07951,35.65105],[140.08005,35.65094],[140.08077,35.65074],[140.08141,35.65052],[140.08256,35.64999],[140.08344,35.64943],[140.08352,35.64937],[140.08375,35.64923],[140.08469,35.64838],[140.08502,35.64798],[140.08552,35.64729],[140.08614,35.64644],[140.08749,35.64453],[140.08814,35.64359],[140.08853,35.64304],[140.08953,35.64162],[140.08999,35.64096],[140.09163,35.63863],[140.09168,35.63856],[140.09191,35.63823],[140.09207,35.63801],[140.09345,35.63606],[140.09486,35.63409],[140.0969,35.63121],[140.09897,35.62824],[140.09935,35.62768],[140.10145,35.62475],[140.10214,35.62396],[140.10267,35.62336],[140.10333,35.62262],[140.10398,35.6219],[140.10658,35.61899],[140.10857,35.61677],[140.10922,35.61608],[140.10949,35.61583],[140.10969,35.61561],[140.11035,35.61508],[140.11119,35.61456],[140.11218,35.61405],[140.11255,35.61385],[140.11371,35.61343],[140.11409,35.6133],[140.11492,35.61315]]}},{"type":"Feature","properties":{"line_name":"京葉線"},"geometry":{"type":"LineString","coordinates":[[139.76414,35.67791],[139.76515,35.67771],[139.76633,35.67746],[139.76711,35.6773],[139.76844,35.67674],[139.76856,35.6767],[139.7698,35.67619],[139.77123,35.67562],[139.77188,35.67535],[139.7725,35.67509],[139.77433,35.67464],[139.77585,35.67461],[139.7769,35.67462],[139.77713,35.67462],[139.77859,35.67462],[139.77885,35.67462],[139.77965,35.67463],[139.77985,35.67464],[139.78066,35.67459],[139.78154,35.6744],[139.78256,35.67409],[139.78323,35.67378],[139.78458,35.67311],[139.78725,35.67171],[139.78742,35.67163],[139.78885,35.67089],[139.79021,35.66991],[139.7911,35.66916],[139.79168,35.66868],[139.79331,35.66732],[139.79385,35.66687],[139.79434,35.66646],[139.79477,35.66612],[139.79611,35.66501],[139.7975,35.66371],[139.79769,35.66354],[139.79799,35.6633],[139.80007,35.66236],[139.8018,35.66173],[139.80272,35.66139],[139.80344,35.66123],[139.80501,35.66113],[139.80638,35.66113],[139.80889,35.66116],[139.81038,35.66126],[139.811,35.66131],[139.81107,35.66132],[139.81211,35.66138],[139.81256,35.6614],[139.81305,35.66139],[139.81345,35.66136],[139.81369,35.66131],[139.81395,35.66125],[139.81422,35.66115],[139.81464,35.66098],[139.81496,35.66081],[139.81526,35.66065],[139.8155,35.66048],[139.81577,35.66025],[139.81646,35.65956],[139.81653,35.6595],[139.81781,35.65823],[139.81784,35.65819],[139.81829,35.65773],[139.81845,35.65754],[139.81856,35.65738],[139.8187,35.65716],[139.81881,35.65694],[139.8189,35.65671],[139.819,35.65646],[139.81909,35.65618],[139.81914,35.65599],[139.81919,35.65575],[139.81924,35.65545],[139.81952,35.65316],[139.81999,35.6493],[139.82004,35.64887],[139.82011,35.64861],[139.82018,35.6484],[139.8203,35.64813],[139.82046,35.64786],[139.82063,35.64758],[139.82086,35.64731],[139.82111,35.64706],[139.82142,35.64682],[139.82173,35.64662],[139.82237,35.64633],[139.82316,35.64608],[139.82401,35.64588],[139.82452,35.64577],[139.82584,35.6459],[139.82785,35.64609],[139.83719,35.64697],[139.83812,35.64694],[139.8388,35.64691],[139.83992,35.64683],[139.84131,35.64673],[139.84172,35.6467],[139.84928,35.64625],[139.84976,35.64622],[139.85457,35.64589],[139.85641,35.64574],[139.85676,35.6457],[139.85716,35.64563],[139.85758,35.64553],[139.85821,35.64534],[139.85912,35.64503],[139.86047,35.64454],[139.86054,35.64452],[139.86243,35.64382],[139.86249,35.6438],[139.86614,35.64247],[139.87176,35.64048],[139.87299,35.64005],[139.87372,35.63978],[139.87374,35.63977],[139.87507,35.63928],[139.87822,35.63813],[139.88189,35.63682],[139.88271,35.63653],[139.88473,35.63579],[139.88689,35.63509],[139.88736,35.63494],[139.88752,35.6349],[139.88795,35.63478],[139.88906,35.63454],[139.88979,35.63445],[139.89026,35.63443],[139.89123,35.63447],[139.89219,35.63459],[139.89332,35.63479],[139.89368,35.63489],[139.89397,35.63498],[139.8948,35.63531],[139.89548,35.63562],[139.89595,35.63586],[139.89643,35.63616],[139.89689,35.63651],[139.89742,35.63694],[139.89758,35.63708],[139.89879,35.6381],[139.90098,35.63992],[139.90321,35.64177],[139.90464,35.64296],[139.90533,35.64353],[139.90836,35.64602],[139.9117,35.64883],[139.91336,35.65021],[139.91554,35.65203],[139.9163,35.65269],[139.91645,35.65284],[139.91666,35.65312],[139.91699,35.65359],[139.91731,35.65416],[139.91806,35.6556],[139.91866,35.65677],[139.91966,35.6587],[139.92077,35.66087],[139.92161,35.66246],[139.92235,35.66392],[139.92317,35.66554],[139.92329,35.66577],[139.92351,35.6662],[139.92413,35.66742],[139.92454,35.66825],[139.9249,35.66888],[139.92522,35.66942],[139.92547,35.66973],[139.92561,35.66991],[139.92618,35.67042],[139.92695,35.67107],[139.92775,35.67175],[139.92976,35.67345],[139.93152,35.67498],[139.93321,35.67647],[139.93326,35.67651],[139.93552,35.67842],[139.937,35.67965],[139.9381,35.68053],[139.93828,35.68067],[139.93867,35.68093],[139.93924,35.68127],[139.94036,35.68192],[139.94102,35.6823],[139.9414,35.68251],[139.94145,35.68254],[139.94483,35.6844],[139.94726,35.68559],[139.94835,35.68616],[139.94911,35.68658],[139.94997,35.6871],[139.95049,35.68743],[139.9506,35.68751],[139.95107,35.68783],[139.95161,35.68822],[139.95295,35.68918],[139.95346,35.68953],[139.95506,35.69028],[139.95548,35.69043],[139.95561,35.69047],[139.95735,35.69085],[139.95862,35.69112],[139.95871,35.69114],[139.9604,35.6915],[139.96057,35.69153],[139.9611,35.69164],[139.96147,35.69165],[139.96166,35.69165],[139.96187,35.69164],[139.96202,35.69163],[139.96244,35.69156],[139.96337,35.6914],[139.96381,35.69131],[139.96535,35.69091],[139.96838,35.69013],[139.97297,35.68892],[139.97303,35.6889],[139.97817,35.68756],[139.98291,35.68632],[139.98358,35.68614],[139.98762,35.6851],[139.98891,35.68477],[139.98923,35.6847],[139.98957,35.68459],[139.98988,35.68445],[139.99249,35.68318],[139.9937,35.68261],[139.99483,35.68208],[139.99497,35.68202],[139.99643,35.68131],[139.99652,35.68126],[139.99675,35.68116],[139.99713,35.68093],[139.99788,35.68057],[139.9987,35.68017],[139.99874,35.68015],[139.9992,35.67992],[139.99978,35.67963],[140.00022,35.67931],[140.00071,35.67888],[140.00109,35.67845],[140.00148,35.67784],[140.00168,35.67747],[140.00184,35.67712],[140.00229,35.67604],[140.00252,35.67549],[140.00279,35.67496],[140.00314,35.67425],[140.00346,35.67376],[140.00381,35.67331],[140.00425,35.67279],[140.00437,35.67269],[140.00461,35.67248],[140.00519,35.67203],[140.00584,35.67155],[140.00662,35.67107],[140.0074,35.67062],[140.00843,35.67002],[140.00866,35.66991],[140.01028,35.66897],[140.01191,35.66802],[140.01203,35.66795],[140.01392,35.66685],[140.01399,35.66681],[140.01585,35.66568],[140.01871,35.66383],[140.02074,35.66244],[140.0221,35.66154],[140.02295,35.66097],[140.02503,35.65954],[140.0256,35.65916],[140.02617032,35.65877323],[140.02797592,35.65754874],[140.02821,35.65739],[140.03177,35.65495],[140.0341,35.65337],[140.03509,35.65271],[140.03765,35.65104],[140.04029,35.64941],[140.04098,35.64901],[140.04108,35.64895],[140.04291,35.64785],[140.04299,35.6478],[140.04536,35.64633],[140.04813,35.64464],[140.05162,35.64249],[140.05174,35.64241],[140.05259,35.64185],[140.0543,35.64059],[140.05815,35.63785],[140.06002,35.63649],[140.06352,35.634],[140.06674,35.63169],[140.06755,35.63114],[140.06821,35.63076],[140.06845,35.63065],[140.06871,35.63053],[140.06954,35.63024],[140.07018,35.63005],[140.07115,35.62982],[140.07235,35.62964],[140.07271,35.62961],[140.07396,35.62951],[140.07418,35.62949],[140.07499,35.62943],[140.07589,35.62933],[140.07684,35.6292],[140.07781,35.62899],[140.07872,35.62875],[140.07961,35.62838],[140.0806,35.62785],[140.08163,35.62715],[140.08274,35.62631],[140.08392,35.62523],[140.08419,35.62496],[140.08575,35.6234],[140.08756,35.6216],[140.08941,35.61981],[140.09125,35.618],[140.0914,35.61785],[140.09184,35.61742],[140.09396,35.61533],[140.09496,35.61437],[140.09544,35.6139],[140.09738,35.61201],[140.0983,35.6111],[140.09972,35.6097],[140.09988,35.60955],[140.10128,35.60819],[140.10213,35.60736],[140.10346,35.60606],[140.10568,35.60385],[140.10786,35.60169],[140.10836,35.60123],[140.1087,35.60096],[140.10953,35.60052],[140.11009,35.60029],[140.11106,35.6],[140.11131,35.59995],[140.11358,35.59954],[140.11469,35.59927],[140.11514,35.59912],[140.11592,35.59869],[140.11679,35.59804],[140.11738,35.59738],[140.11788,35.59673],[140.11892,35.59509],[140.11929,35.59453],[140.12027,35.59306],[140.12089,35.59212],[140.12124,35.5917],[140.12154,35.59138],[140.12174,35.59117],[140.12194,35.59104],[140.12209,35.59096],[140.12277,35.59063],[140.12489,35.58973],[140.12574,35.58925],[140.12623,35.58897],[140.1264,35.58887],[140.12711,35.58822],[140.12737,35.5879],[140.1275,35.58774],[140.12761,35.5876],[140.12762,35.58758],[140.12818,35.58662],[140.1282,35.58659],[140.12847,35.58624],[140.12865,35.58589],[140.1295,35.58422],[140.12965,35.58397],[140.13012,35.58341],[140.13023,35.58318],[140.13049,35.58266],[140.13124,35.58113]]}},{"type":"Feature","properties":{"line_name":"常磐線"},"geometry":{"type":"LineString","coordinates":[[139.77664,35.71439],[139.77764,35.71551],[139.77847,35.71646],[139.77936,35.71756],[139.77962,35.71797],[139.7797,35.71829],[139.77976,35.71871],[139.77972,35.71905],[139.77958,35.71951],[139.77936,35.71998],[139.77916,35.72034],[139.77865,35.72085],[139.77741,35.72206],[139.77564,35.7237],[139.77543,35.72391],[139.77509,35.72423],[139.77477,35.72454],[139.77399,35.72524],[139.77347,35.72566],[139.77309,35.72595],[139.77274,35.7262],[139.77227,35.72647],[139.77188,35.72667],[139.77188,35.72667],[139.77196,35.72734],[139.77196,35.72734],[139.77092,35.72822],[139.77069,35.7284],[139.77017,35.72886],[139.7697,35.72936],[139.76927,35.7299],[139.76908,35.73026],[139.76904,35.73049],[139.76907,35.73066],[139.76923,35.73113],[139.76937,35.7315],[139.76949,35.73173],[139.76956,35.73186],[139.76961,35.73193],[139.76996,35.73233],[139.77035,35.73267],[139.77054,35.73282],[139.77094,35.73306],[139.77151,35.73334],[139.77184,35.73347],[139.7726,35.73365],[139.77345,35.73379],[139.77366,35.73382],[139.77475,35.73369],[139.77598,35.73354],[139.77771,35.73329],[139.77817,35.73323],[139.77839,35.7332],[139.77886,35.73314],[139.77895,35.73313],[139.77958,35.73303],[139.77991,35.73299],[139.78044,35.73292],[139.78065,35.73289],[139.78125,35.73281],[139.78154,35.73277],[139.78233,35.73266],[139.78266,35.73261],[139.78386,35.73245],[139.78416,35.73241],[139.78491,35.73232],[139.7852,35.73228],[139.7866,35.7321],[139.78665,35.73209],[139.78684,35.73207],[139.78711,35.73203],[139.78841,35.73184],[139.78867,35.73181],[139.78893,35.73178],[139.78971,35.73168],[139.79122,35.73146],[139.79136,35.73144],[139.79152,35.73142],[139.79168,35.7314],[139.79203,35.73136],[139.7925,35.7313],[139.79269,35.73128],[139.79496,35.73098],[139.7953,35.73095],[139.79558,35.73096],[139.79612,35.73102],[139.7965,35.73112],[139.79689,35.7313],[139.79712,35.73142],[139.79748,35.73165],[139.79794,35.73202],[139.79822,35.73228],[139.79831,35.73237],[139.79848,35.73256],[139.79865,35.73278],[139.7989,35.73314],[139.79925,35.73366],[139.79964,35.73431],[139.80002,35.73499],[139.80032,35.73563],[139.80038,35.73579],[139.80051,35.73609],[139.80066,35.73649],[139.80103,35.7376],[139.80127,35.73838],[139.80134,35.73862],[139.8015,35.73917],[139.80165,35.7396],[139.8021,35.74108],[139.8022,35.74138],[139.80247,35.7423],[139.80258,35.74284],[139.80267,35.74313],[139.80278,35.74348],[139.80281,35.74356],[139.80303,35.74429],[139.80312,35.74455],[139.80362,35.74616],[139.80382,35.74668],[139.80388,35.74684],[139.80449,35.74835],[139.80479,35.74934],[139.80541,35.75124],[139.80562,35.75188],[139.80586,35.75253],[139.8061,35.75298],[139.80621,35.75323],[139.8064,35.75368],[139.80675,35.75428],[139.80721,35.75491],[139.8076,35.75537],[139.80852,35.75642],[139.80967,35.75772],[139.8106,35.7588],[139.81104,35.75931],[139.81141,35.7597],[139.81164,35.75991],[139.81188,35.76008],[139.81216,35.76026],[139.81253,35.76046],[139.81296,35.76066],[139.81327,35.76078],[139.81347,35.76084],[139.81381,35.76091],[139.81432,35.76098],[139.81538,35.76108],[139.8157,35.76111],[139.81819,35.76138],[139.82051,35.76165],[139.82268,35.76192],[139.82367,35.76205],[139.8262,35.76228],[139.82868,35.76253],[139.82947,35.76261],[139.83008,35.76265],[139.83078,35.76273],[139.83101,35.76275],[139.83283,35.76292],[139.83554,35.76318],[139.83566,35.76319],[139.83744,35.76337],[139.83755,35.76339],[139.83937,35.76359],[139.8406,35.76375],[139.84127,35.76386],[139.84178,35.76398],[139.84239,35.76413],[139.84276,35.76423],[139.84341,35.76445],[139.8439,35.76464],[139.8443,35.76482],[139.84465,35.76502],[139.84522,35.76533],[139.84581,35.76568],[139.84652,35.76609],[139.84756,35.76656],[139.8486,35.76697],[139.8487,35.76702],[139.84905,35.76712],[139.84937,35.76718],[139.8499,35.76729],[139.85051,35.76737],[139.8516,35.76746],[139.85165,35.76747],[139.85337,35.76764],[139.8558,35.76785],[139.85645,35.76791],[139.85778,35.76803],[139.85877,35.76814],[139.86007,35.76828],[139.86338,35.76858],[139.86453,35.76867],[139.86543,35.76877],[139.86639,35.7689],[139.86804,35.76917],[139.86913,35.76939],[139.86926,35.76941],[139.87152,35.76961],[139.87166,35.76962],[139.87175,35.76963],[139.87275,35.7697],[139.87293,35.76972],[139.87319,35.76973],[139.87365,35.76974],[139.87411,35.76971],[139.87451,35.76969],[139.87495,35.76965],[139.87526,35.76961],[139.87539,35.7696],[139.87591,35.76954],[139.87792,35.76937],[139.87817,35.76934],[139.8783,35.76933],[139.87838,35.76932],[139.87968,35.76919],[139.8831,35.76885],[139.88332,35.76882],[139.88358,35.7688],[139.88408,35.76879],[139.88461,35.76879],[139.88508,35.76883],[139.88582,35.76897],[139.88648,35.76913],[139.88654,35.76914],[139.88683,35.7692],[139.88696,35.76923],[139.88774,35.76939],[139.88863,35.76952],[139.88891,35.76955],[139.88903,35.76956],[139.88961,35.76962],[139.89054,35.76978],[139.89127,35.76998],[139.89147,35.77005],[139.89164,35.7701],[139.89229,35.77034],[139.89289,35.7706],[139.89347,35.7709],[139.89415,35.77126],[139.89492,35.77188],[139.89583,35.7727],[139.89616,35.77316],[139.89659,35.77374],[139.89738,35.77519],[139.89782,35.77642],[139.89835,35.77788],[139.89893,35.77953],[139.89909,35.77995],[139.89968,35.78163],[139.90039,35.78349],[139.90096,35.78496],[139.90113,35.78574],[139.90138,35.7864],[139.90147,35.78663],[139.90157,35.78688],[139.90173,35.78723],[139.90219,35.7883],[139.90287,35.7896],[139.9029,35.78964],[139.90342,35.79066],[139.9039,35.79145],[139.90451,35.79237],[139.90538,35.79368],[139.90634,35.79478],[139.90784,35.79637],[139.90869,35.79728],[139.90931,35.79794],[139.911,35.7997],[139.91225,35.80103],[139.91247,35.80133],[139.91317,35.80226],[139.9143,35.80384],[139.91527,35.80541],[139.91561,35.8061],[139.91628,35.80809],[139.91674,35.80958],[139.91687,35.81003],[139.91709,35.81077],[139.91755,35.8126],[139.91782,35.81384],[139.91834,35.81579],[139.91884,35.8175],[139.91926,35.81895],[139.91956,35.82007],[139.92009,35.82186],[139.92054,35.82347],[139.92059,35.82365],[139.92081,35.82442],[139.92118,35.82549],[139.92159,35.8264],[139.92165,35.82653],[139.92189,35.82699],[139.92235,35.82765],[139.92246,35.82779],[139.92308,35.82858],[139.92337,35.8289],[139.92455,35.82996],[139.92547,35.83059],[139.92628,35.83102],[139.92724,35.8315],[139.92835,35.83205],[139.92967,35.83266],[139.93183,35.83368],[139.93357,35.83458],[139.9361,35.83582],[139.93683,35.8362],[139.93751,35.83656],[139.9405,35.838],[139.94434,35.83984],[139.94704,35.84116],[139.94887,35.84205],[139.95202,35.84357],[139.95337,35.84422],[139.95398,35.84453],[139.95423,35.84466],[139.95519,35.84517],[139.95623,35.84576],[139.95763,35.84676],[139.9588,35.84768],[139.96064,35.84934],[139.96138,35.85011],[139.96234,35.85115],[139.963,35.85201],[139.96401,35.85329],[139.96562,35.85533],[139.96581,35.85556],[139.96607,35.85589],[139.96673,35.85671],[139.96735,35.85753],[139.96861,35.85912],[139.97011,35.86104],[139.97094,35.86208],[139.97125,35.86248],[139.9718,35.86316],[139.9728,35.86436],[139.97447,35.86648],[139.975,35.86716],[139.97573,35.86808],[139.97622,35.86872],[139.97724,35.86996],[139.97771,35.87051],[139.97832,35.87103],[139.97939,35.87178],[139.98051,35.87257],[139.98174,35.87342],[139.98306,35.8743],[139.98326,35.87444],[139.98365,35.8747],[139.98414,35.87497],[139.98464,35.87517],[139.98494,35.87529],[139.98557,35.87548],[139.98603,35.87559],[139.98669,35.87567],[139.9874,35.8757],[139.98789,35.8757],[139.98817,35.87568],[139.98868,35.87562],[139.99026,35.87525],[139.99253,35.87473],[139.99285,35.87465],[139.99578,35.87393],[139.99674,35.87372],[140.00092,35.8728],[140.00234,35.8725],[140.0037,35.87232],[140.00481,35.8723],[140.00584,35.87239],[140.00918,35.87253],[140.0113,35.87272],[140.01161,35.87272],[140.01674,35.87281],[140.01875,35.87291],[140.0203,35.87307],[140.0214,35.87313],[140.02267,35.87317],[140.02579,35.87304],[140.02857,35.87294],[140.03097,35.87287],[140.03217,35.87284],[140.03514,35.87272],[140.03819,35.87261],[140.03942,35.87256],[140.0398,35.87256],[140.04082,35.87252],[140.041,35.87252],[140.04213,35.87248],[140.04251,35.87246],[140.04428,35.87245],[140.04491,35.87251],[140.04571,35.87267],[140.04646,35.87291],[140.04734,35.87328],[140.04793,35.8736],[140.04854,35.87403],[140.04903,35.87446],[140.04935,35.87478],[140.04973,35.87543],[140.05147,35.87806],[140.05166,35.87835],[140.05282,35.88009],[140.05335,35.88122],[140.05408,35.88251],[140.05571,35.88511],[140.057,35.88696],[140.05859,35.88936],[140.05996,35.89143],[140.06092,35.89292],[140.06128,35.89345],[140.06141,35.89366],[140.06204,35.89454]]}},{"type":"Feature","properties":{"line_name":"南武線"},"geometry":{"type":"LineString","coordinates":[[139.41356,35.69751],[139.41505,35.69756],[139.41707,35.6979],[139.41727,35.69792],[139.4175,35.69793],[139.41817,35.69795],[139.41875,35.69795],[139.41966,35.69799],[139.42003,35.69799],[139.42029,35.69796],[139.42059,35.6979],[139.42117,35.69773],[139.42145,35.6976],[139.42173,35.69746],[139.42209,35.69724],[139.42236,35.69704],[139.42261,35.69682],[139.42285,35.69657],[139.42307,35.69626],[139.42325,35.69588],[139.42338,35.69552],[139.42362,35.69478],[139.42376,35.69427],[139.42405,35.69331],[139.42427,35.69259],[139.42443,35.69213],[139.42459,35.69173],[139.42472,35.69141],[139.42558,35.6895],[139.4261,35.68836],[139.42631,35.68789],[139.42641,35.68769],[139.42661,35.6873],[139.42696,35.68677],[139.4273,35.68638],[139.42764,35.68611],[139.42794,35.68594],[139.42849,35.68568],[139.42909,35.68546],[139.42976,35.68532],[139.43098,35.68516],[139.4322,35.68499],[139.43493,35.68464],[139.43722,35.68434],[139.43863,35.68412],[139.43956,35.68393],[139.44044,35.68367],[139.44129,35.68341],[139.44269,35.68289],[139.44289,35.68282],[139.44604,35.68165],[139.44752,35.68111],[139.44934,35.68051],[139.4504,35.68009],[139.45081,35.67989],[139.45128,35.67952],[139.45169,35.67911],[139.45207,35.67857],[139.4521,35.67848],[139.45233,35.67797],[139.45249,35.6774],[139.45254,35.67694],[139.45254,35.67564],[139.45262,35.67519],[139.45277,35.67474],[139.45292,35.67433],[139.45326,35.67384],[139.45359,35.67349],[139.45407,35.67312],[139.45498,35.67252],[139.45597,35.67187],[139.45716,35.67109],[139.45762,35.67078],[139.45871,35.67007],[139.45894,35.6699],[139.45901,35.66984],[139.45977,35.66938],[139.46065,35.66882],[139.46094,35.66865],[139.46168,35.66819],[139.4621,35.66797],[139.46255,35.66783],[139.46289,35.66774],[139.4633,35.6677],[139.46369,35.66768],[139.46403,35.66769],[139.46448,35.66772],[139.46504,35.66777],[139.46671,35.66806],[139.46835,35.66833],[139.46948,35.66851],[139.46958,35.66852],[139.46983,35.66853],[139.47128,35.66858],[139.47355,35.66867],[139.47398,35.66863],[139.47429,35.66856],[139.47486,35.6684],[139.47536,35.66817],[139.47582,35.6679],[139.47606,35.66773],[139.47639,35.66743],[139.47655,35.66723],[139.47667,35.66705],[139.47675,35.66687],[139.47687,35.66654],[139.47689,35.6665],[139.47694,35.66642],[139.47698,35.66638],[139.47733,35.66581],[139.47748,35.66535],[139.47823,35.66313],[139.47857,35.66222],[139.47894,35.6615],[139.47934,35.6609],[139.47978,35.66041],[139.47997,35.6602],[139.48137,35.65896],[139.48189,35.65841],[139.48217,35.65809],[139.48252,35.65761],[139.48267,35.65734],[139.48274,35.65716],[139.48285,35.65692],[139.48305,35.65594],[139.48342,35.65396],[139.48373,35.65241],[139.48393,35.65142],[139.484,35.65126],[139.48414,35.65106],[139.48468,35.65055],[139.4849,35.65036],[139.48516,35.65019],[139.48538,35.65007],[139.48555,35.65001],[139.48622,35.64975],[139.48734,35.6494],[139.48765,35.64932],[139.48787,35.64927],[139.48835,35.64919],[139.4891,35.64918],[139.48999,35.64925],[139.4916,35.64934],[139.49181,35.64933],[139.49214,35.64925],[139.49253,35.64914],[139.49284,35.64904],[139.49319,35.64887],[139.49436,35.64823],[139.49548,35.64762],[139.49679,35.6469],[139.49832,35.64613],[139.49931,35.64569],[139.50062,35.64515],[139.50184,35.64461],[139.50338,35.64394],[139.50449,35.64348],[139.50505,35.64327],[139.50536,35.64321],[139.50607,35.64317],[139.50668,35.64314],[139.50842,35.64307],[139.50856,35.64306],[139.50939,35.64304],[139.51043,35.64301],[139.51131,35.64298],[139.51355,35.64292],[139.51595,35.64281],[139.5177,35.64273],[139.5186,35.64264],[139.519,35.64252],[139.51984,35.64207],[139.52103,35.6414],[139.52203,35.64081],[139.52319,35.64015],[139.52385,35.63977],[139.52386,35.63977],[139.52499,35.6391],[139.52618,35.63839],[139.52753,35.63761],[139.52854,35.63704],[139.53002,35.63617],[139.53134,35.63539],[139.53257,35.63469],[139.53286,35.63451],[139.53334,35.63423],[139.534,35.63392],[139.53484,35.63365],[139.53512,35.6336],[139.53675,35.63322],[139.53849,35.63284],[139.54007,35.63249],[139.54191,35.63207],[139.5423,35.63199],[139.54268,35.6319],[139.54337,35.63174],[139.54557,35.63128],[139.54697,35.63094],[139.54927,35.63041],[139.55044,35.63015],[139.55045,35.63015],[139.5517,35.62989],[139.55437,35.62926],[139.55554,35.62891],[139.55611,35.62873],[139.55674,35.62845],[139.55743,35.62801],[139.55791,35.62765],[139.55864,35.62696],[139.55893,35.6266],[139.56035,35.6249],[139.56037,35.62488],[139.56099,35.62422],[139.56145,35.62379],[139.56241,35.62308],[139.56334,35.62252],[139.56385,35.6223],[139.56472,35.62198],[139.566,35.62169],[139.56754,35.62143],[139.56896,35.62117],[139.56947,35.62101],[139.5701,35.62077],[139.57105,35.62035],[139.57146,35.62009],[139.57205,35.6196],[139.57348,35.61833],[139.57407,35.61784],[139.57446,35.61753],[139.57478,35.61735],[139.57581,35.61693],[139.57695,35.61648],[139.57832,35.61592],[139.57887,35.61569],[139.58022,35.61515],[139.58243,35.61425],[139.58288,35.61409],[139.58341,35.61402],[139.58445,35.61397],[139.58542,35.6139],[139.58605,35.61383],[139.58657,35.61373],[139.58706,35.61357],[139.58786,35.61313],[139.58874,35.61264],[139.58956,35.61217],[139.59024,35.61178],[139.59095,35.61137],[139.59159,35.61099],[139.59161,35.61098],[139.59172,35.61091],[139.59188,35.61081],[139.59232,35.61054],[139.59383,35.60967],[139.59485,35.60906],[139.59528,35.60874],[139.59549,35.60855],[139.59569,35.60829],[139.59585,35.60805],[139.59608,35.6076],[139.59649,35.60672],[139.59671,35.60638],[139.59696,35.60603],[139.59738,35.60564],[139.59779,35.60533],[139.59861,35.60485],[139.5999,35.60414],[139.60008,35.60402],[139.60136,35.60328],[139.60239,35.60267],[139.60274,35.60247],[139.60361,35.60198],[139.60458,35.60142],[139.60492,35.60127],[139.6054,35.60116],[139.60608,35.60102],[139.60807,35.60057],[139.60906,35.60037],[139.60939,35.60024],[139.60999,35.59989],[139.61055,35.59945],[139.6122,35.59818],[139.61415,35.59669],[139.61532,35.59581],[139.61694,35.59453],[139.61905,35.59291],[139.62025,35.59199],[139.6205,35.5918],[139.62136,35.59114],[139.62178,35.59081],[139.62217,35.59056],[139.62245,35.59039],[139.62385,35.58974],[139.62431,35.58953],[139.62672,35.58844],[139.62737,35.58816],[139.62774,35.588],[139.62783,35.58795],[139.63035,35.58688],[139.63042,35.58685],[139.63109,35.58658],[139.63164,35.58632],[139.63206,35.58609],[139.63224,35.58598],[139.63272,35.58571],[139.63362,35.5852],[139.63456,35.58466],[139.636,35.58388],[139.63663,35.58355],[139.63753,35.58307],[139.63984,35.58181],[139.64144,35.58094],[139.64284,35.58018],[139.64408,35.57945],[139.64501,35.57894],[139.64673,35.57805],[139.64726,35.57779],[139.6473,35.57777],[139.64789,35.5775],[139.64861,35.57727],[139.64924,35.57711],[139.64978,35.57699],[139.65063,35.57685],[139.65161,35.57673],[139.65229,35.57666],[139.65286,35.57662],[139.65339,35.57662],[139.65492,35.57661],[139.65578,35.57659],[139.65815,35.57659],[139.65925,35.57658],[139.66003,35.57656],[139.66014,35.57655],[139.66103,35.57653],[139.66139,35.57653],[139.66252,35.57653],[139.6628,35.57653],[139.66316,35.57652],[139.66352,35.57646],[139.66372,35.57643],[139.66394,35.57636],[139.66431,35.57623],[139.66469,35.57608],[139.66502,35.57591],[139.66539,35.57568],[139.66564,35.57548],[139.66588,35.57528],[139.66601,35.57515],[139.66623,35.5749],[139.6664,35.57469],[139.66656,35.5744],[139.66675,35.57398],[139.66714,35.57271],[139.66745,35.57164],[139.66757,35.57126],[139.66787,35.57027],[139.66803,35.56967],[139.66824,35.5689],[139.66896,35.56642],[139.66956,35.5645],[139.66979,35.56381],[139.66995,35.56339],[139.67029,35.56249],[139.67094,35.56098],[139.67125,35.56015],[139.67226,35.55779],[139.67251,35.55718],[139.67251,35.55717],[139.67339,35.55503],[139.67417,35.55324],[139.67481,35.55183],[139.67515,35.55108],[139.67557,35.55023],[139.67601,35.5492],[139.67636,35.54843],[139.67698,35.54706],[139.67798,35.5449],[139.67893,35.54281],[139.68017,35.53996],[139.68029,35.53966],[139.68068,35.53876],[139.68111,35.53769],[139.68116,35.53758],[139.68136,35.53715],[139.68186,35.53608],[139.68245,35.53484],[139.68301,35.53373],[139.68379,35.53204],[139.68401,35.53159],[139.68401,35.53158],[139.68459,35.53037],[139.68465,35.53028],[139.68492,35.52977],[139.68508,35.52948],[139.6853,35.52916],[139.6854,35.52866],[139.68541,35.52857],[139.68546,35.52833],[139.68552,35.52815],[139.68566,35.52789],[139.6858,35.52762],[139.68604,35.52715],[139.68623,35.52687],[139.68641,35.52659],[139.68659,35.5264],[139.68679,35.52623],[139.68759,35.52555],[139.68802,35.52521],[139.68855,35.52477],[139.68925,35.52422],[139.6896,35.52394],[139.68989,35.52376],[139.69036,35.5235],[139.69057,35.52341],[139.69099,35.52323],[139.69176,35.52291],[139.69243,35.52259],[139.69295,35.52234],[139.69347,35.52208],[139.69402,35.52175],[139.6941,35.52171],[139.69447,35.52148],[139.69502,35.52114],[139.69623,35.52037],[139.69781,35.5193],[139.69886,35.51859],[139.69966,35.51806],[139.70072,35.51735],[139.70203,35.51646],[139.70297,35.51583],[139.70345,35.5155],[139.70432,35.51493],[139.70441782,35.51486348],[139.70507,35.51442],[139.70573907,35.51396719],[139.70606,35.51375],[139.70728,35.51294],[139.70779,35.51259],[139.70822,35.51236],[139.70863,35.51217],[139.70987,35.51172],[139.7109,35.51135],[139.71221,35.51089],[139.71272,35.51069],[139.7131,35.51055],[139.71343,35.51045],[139.71413,35.51032]]}},{"type":"Feature","properties":{"line_name":"横浜線"},"geometry":{"type":"LineString","coordinates":[[139.6324,35.47706],[139.63393,35.47869],[139.63495,35.47977],[139.63524,35.48007],[139.6355,35.48037],[139.6356,35.48049],[139.63628,35.4812],[139.63657,35.48151],[139.63684,35.48175],[139.63711,35.48198],[139.63734,35.48213],[139.63763,35.48234],[139.63789,35.48249],[139.63812,35.48263],[139.63836,35.48274],[139.6386,35.48286],[139.6388,35.48294],[139.63905,35.48302],[139.63923,35.48308],[139.64131,35.48367],[139.64229,35.48396],[139.64329,35.48425],[139.64352,35.48432],[139.64401,35.48446],[139.64444,35.4846],[139.64482,35.48472],[139.64522,35.48489],[139.64535,35.48496],[139.64563,35.48511],[139.64588,35.48527],[139.64606,35.48541],[139.64626,35.4856],[139.64649,35.48584],[139.64658,35.48596],[139.64677,35.48627],[139.64682,35.48636],[139.64685,35.48641],[139.64698,35.48668],[139.64711,35.48708],[139.64716,35.48735],[139.64718,35.48755],[139.64719,35.48767],[139.64719,35.48787],[139.64718,35.48805],[139.64714,35.48832],[139.64699,35.48904],[139.64697,35.48912],[139.64694,35.48932],[139.64685,35.48975],[139.64668,35.4905],[139.64643,35.4918],[139.64624,35.49279],[139.64601,35.49392],[139.64595,35.49425],[139.6459,35.49445],[139.6458,35.49484],[139.64566,35.49547],[139.64552,35.49597],[139.64526,35.49677],[139.64506,35.49733],[139.64483,35.49786],[139.64472,35.49816],[139.64461,35.49843],[139.64447,35.49872],[139.6444,35.49892],[139.64375,35.50021],[139.64312,35.50144],[139.64238,35.50287],[139.64234,35.50296],[139.64221,35.50322],[139.6422,35.50326],[139.64156,35.50458],[139.64135,35.50493],[139.64123,35.50508],[139.6412,35.50512],[139.64103,35.50532],[139.64073,35.50557],[139.64061,35.50567],[139.64025,35.50592],[139.63994,35.50611],[139.63959,35.5063],[139.63901,35.50656],[139.63889,35.50662],[139.63888,35.50662],[139.63818,35.50693],[139.63692,35.50749],[139.63485,35.50841],[139.63382,35.50884],[139.63315,35.50912],[139.63293,35.50919],[139.63235,35.50938],[139.63193,35.50947],[139.63171,35.50951],[139.63127,35.50958],[139.63098,35.5096],[139.63064,35.50963],[139.63003,35.50966],[139.62959,35.50966],[139.62893,35.50968],[139.62807,35.50962],[139.62736,35.50951],[139.62668,35.50937],[139.62632,35.50925],[139.62592,35.50911],[139.62533,35.50888],[139.62428,35.50846],[139.62303,35.50794],[139.62222,35.50761],[139.62179,35.50744],[139.62155,35.50736],[139.62136,35.5073],[139.62128,35.50729],[139.62115,35.50726],[139.62095,35.50722],[139.6206,35.50716],[139.62038,35.50713],[139.61987,35.50706],[139.61849,35.50687],[139.61636,35.50666],[139.61454,35.50644],[139.61362,35.50632],[139.6107,35.506],[139.60973,35.50588],[139.60875,35.50579],[139.60848,35.50577],[139.60802,35.50579],[139.60763,35.50583],[139.60659,35.50592],[139.60589,35.50604],[139.60485,35.50629],[139.6039,35.50663],[139.60289,35.50707],[139.60046,35.50824],[139.59878,35.50903],[139.59804,35.50935],[139.5967,35.50992],[139.59563,35.51037],[139.59478,35.51068],[139.59459,35.51074],[139.59331,35.5109],[139.59243,35.51106],[139.59157,35.51117],[139.58952,35.51145],[139.58808,35.51164],[139.58724,35.51179],[139.58511,35.51222],[139.58457,35.51233],[139.58286,35.51269],[139.58131,35.51299],[139.58101,35.51302],[139.58014,35.51301],[139.57981,35.51296],[139.57867,35.51277],[139.57574,35.5123],[139.57347,35.51193],[139.57027,35.5114],[139.56781,35.51099],[139.56609,35.51071],[139.56506,35.51053],[139.56474,35.51048],[139.56348,35.51026],[139.5625,35.51011],[139.56094,35.50988],[139.55945,35.50963],[139.55942,35.50962],[139.55805,35.50954],[139.5563,35.50956],[139.55516,35.50973],[139.55279,35.51028],[139.55124,35.51065],[139.54869,35.51132],[139.54771,35.51158],[139.54735,35.51166],[139.54659,35.51185],[139.54438,35.51239],[139.5434,35.51266],[139.54273,35.51292],[139.54204,35.51328],[139.54001,35.51435],[139.53994,35.51439],[139.53918,35.51479],[139.53842,35.51519],[139.53488,35.51703],[139.5293,35.51993],[139.52909,35.52004],[139.52835,35.52042],[139.52425,35.52256],[139.52279,35.52333],[139.52059,35.52444],[139.52007,35.5247],[139.51923,35.52514],[139.51797,35.52578],[139.51731,35.52601],[139.51723,35.52604],[139.51702,35.5261],[139.51667,35.52621],[139.51576,35.52649],[139.51315,35.52735],[139.51241,35.52759],[139.50961,35.52848],[139.50704,35.52931],[139.50408,35.53026],[139.50377,35.53037],[139.50322,35.53054],[139.50281,35.53067],[139.50245,35.53078],[139.50213,35.53089],[139.50027,35.53149],[139.49954,35.53162],[139.49885,35.53165],[139.4968,35.53167],[139.49628,35.53167],[139.49538,35.53164],[139.49508,35.53163],[139.49429,35.53159],[139.49226,35.53151],[139.48949,35.53139],[139.48906,35.53137],[139.48809,35.53134],[139.48689,35.53129],[139.48593,35.53125],[139.48578,35.53125],[139.48429,35.5312],[139.48386,35.53119],[139.48171,35.53112],[139.48092,35.53112],[139.48059,35.53115],[139.48019,35.53119],[139.47985,35.53124],[139.47961,35.53127],[139.47916,35.53139],[139.47878,35.53149],[139.47845,35.53162],[139.47789,35.53186],[139.47749,35.53207],[139.47714,35.53223],[139.47672,35.53252],[139.47584,35.5332],[139.47501,35.53388],[139.47433,35.53443],[139.47417,35.53457],[139.47378,35.53488],[139.47364,35.53498],[139.47309,35.53532],[139.47217,35.53584],[139.47196,35.53596],[139.47163,35.53611],[139.47132,35.53624],[139.4709,35.53642],[139.47047,35.53656],[139.47002,35.53669],[139.4693,35.53689],[139.46881,35.53698],[139.46805,35.53709],[139.46754,35.53714],[139.46702,35.53717],[139.46646,35.53719],[139.46584,35.53719],[139.4652,35.53719],[139.46382,35.53718],[139.46244,35.53717],[139.4614,35.53716],[139.46101,35.53716],[139.45916,35.53715],[139.45866,35.53713],[139.458,35.5371],[139.45711,35.53709],[139.45646,35.5371],[139.45611,35.5371],[139.45585,35.53711],[139.45554,35.53713],[139.45499,35.5373],[139.45465,35.53741],[139.45442,35.53751],[139.4543,35.53756],[139.45392,35.53773],[139.45358,35.53791],[139.45254,35.53845],[139.45192,35.53878],[139.45147,35.53902],[139.45037,35.53959],[139.44924,35.54017],[139.44875,35.54042],[139.44786,35.54089],[139.4475,35.54106],[139.44568,35.54203],[139.44521,35.54229],[139.44501,35.5424],[139.4439,35.54302],[139.44263,35.54369],[139.4413,35.54441],[139.4405,35.54483],[139.43986,35.54515],[139.43962,35.54527],[139.43898,35.54564],[139.43851,35.54587],[139.43804,35.54612],[139.43696,35.54667],[139.43577,35.5473],[139.43469,35.54786],[139.43354,35.54848],[139.43231,35.54911],[139.43141,35.54961],[139.43032,35.55018],[139.43011,35.55028],[139.42915,35.55079],[139.42871,35.55101],[139.42818,35.5513],[139.42806,35.55136],[139.42778,35.55151],[139.42743,35.55169],[139.42663,35.55211],[139.4254,35.55274],[139.42401,35.55347],[139.42282,35.55409],[139.42175,35.55466],[139.42085,35.55514],[139.42001,35.55556],[139.41943,35.55588],[139.41905,35.55608],[139.41885,35.55618],[139.41787,35.55672],[139.41663,35.55734],[139.41563,35.55787],[139.41387,35.55879],[139.41223,35.55965],[139.41063,35.5605],[139.40973,35.56096],[139.40906,35.56132],[139.40793,35.56192],[139.40688,35.56246],[139.40599,35.56295],[139.40495,35.56348],[139.40422,35.56385],[139.40356,35.56421],[139.40208,35.56497],[139.40134,35.56535],[139.40041,35.56584],[139.40006,35.56602],[139.3987,35.56675],[139.39766,35.5673],[139.39727,35.56751],[139.39681,35.56775],[139.39541,35.56846],[139.3952,35.56856],[139.39486,35.56873],[139.39439,35.56897],[139.39343,35.56948],[139.39136,35.57056],[139.39011,35.57122],[139.38883,35.57188],[139.38795,35.57234],[139.3873,35.57269],[139.38697,35.57287],[139.38616,35.5733],[139.38577,35.5735],[139.38424,35.57429],[139.38233,35.57532],[139.38122,35.57591],[139.37987,35.57661],[139.37833,35.57742],[139.37646,35.5784],[139.3758,35.57874],[139.3742,35.57958],[139.3718,35.58087],[139.37162,35.58097],[139.3708,35.58141],[139.37041,35.58159],[139.36966,35.58198],[139.36912,35.58226],[139.36796,35.58287],[139.36702,35.58337],[139.3656,35.58412],[139.36442,35.58476],[139.36387,35.58505],[139.36371,35.58513],[139.36358,35.5852],[139.36351,35.58524],[139.36325,35.58536],[139.36201,35.58604],[139.361,35.58657],[139.35847,35.58786],[139.35622,35.58902],[139.35564,35.58933],[139.35412,35.59012],[139.35165,35.59142],[139.35105,35.59173],[139.35057,35.59198],[139.34998,35.5923],[139.34693,35.5939],[139.34601,35.59436],[139.34513,35.59482],[139.34476,35.59502],[139.34418,35.59532],[139.34212,35.59641],[139.33897,35.59809],[139.33633,35.59951],[139.33518,35.60011],[139.33491,35.60026],[139.33407,35.60072],[139.33342,35.60118],[139.33303,35.60149],[139.33279,35.60175],[139.3326,35.60201],[139.33246,35.60225],[139.33233,35.60251],[139.33222,35.60279],[139.33211,35.6032],[139.33202,35.6036],[139.332,35.60378],[139.33198,35.6039],[139.33193,35.60427],[139.33183,35.60531],[139.33174,35.60635],[139.33162,35.60751],[139.33152,35.60865],[139.33145,35.60924],[139.33134,35.6107],[139.3313,35.61186],[139.33135,35.61229],[139.33162,35.61316],[139.3317,35.61338],[139.33174,35.61354],[139.33189,35.61404],[139.33217,35.61486],[139.33228,35.61519],[139.3328,35.61682],[139.33296,35.6173],[139.33316,35.61787],[139.3334,35.61859],[139.33346,35.61882],[139.33349,35.61903],[139.33351,35.61919],[139.33352,35.61937],[139.33352,35.61955],[139.33352,35.61967],[139.33351,35.61985],[139.33347,35.62015],[139.33334,35.62058],[139.33322,35.62092],[139.33312,35.62112],[139.33301,35.62129],[139.33277,35.62159],[139.33237,35.62196],[139.33199,35.62229],[139.33153,35.6227],[139.33049,35.62361],[139.32977,35.62429],[139.32959,35.6245],[139.32946,35.62466],[139.32935,35.62485],[139.32923,35.62508],[139.32916,35.62523],[139.32909,35.62549],[139.32901,35.62574],[139.32897,35.62599],[139.32895,35.62613],[139.32894,35.62624],[139.32894,35.62645],[139.32896,35.62666],[139.32902,35.6269],[139.32922,35.62739],[139.32956,35.62818],[139.3301,35.62934],[139.33065,35.63057],[139.33079,35.63089],[139.33111,35.63157],[139.33131,35.63201],[139.33214,35.6338],[139.33235,35.63424],[139.33258,35.63456],[139.33301,35.63507],[139.33328,35.63533],[139.33352,35.63554],[139.33376,35.63569],[139.33422,35.63596],[139.33486,35.6363],[139.33603,35.63692],[139.33697,35.63744],[139.3381,35.63802],[139.33932,35.63869],[139.34032,35.63923],[139.34041,35.63928],[139.34192,35.64007],[139.3426,35.64043],[139.34297,35.64062],[139.34386,35.64109],[139.34481,35.64162],[139.34552,35.64202],[139.34612,35.64243],[139.34647,35.64267],[139.34672,35.64292],[139.347,35.64323],[139.34735,35.64367],[139.34748,35.64388],[139.34764,35.64418],[139.3479,35.6447],[139.34808,35.64519],[139.34816,35.64545],[139.34832,35.6459],[139.34845,35.64631],[139.34851,35.64656],[139.34859,35.64685],[139.34863,35.64715],[139.34868,35.64751],[139.34868,35.64799],[139.34864,35.64854],[139.34861,35.64874],[139.34852,35.64911],[139.34833,35.64959],[139.34805,35.65035],[139.34792,35.65072],[139.34778,35.651],[139.34752,35.65141],[139.34701,35.65207],[139.34638,35.65273],[139.34625,35.65284],[139.34593,35.6531],[139.34526,35.65358],[139.34504,35.65373],[139.34447,35.65408],[139.34404,35.65427],[139.34381,35.65435],[139.3437,35.65438],[139.34326,35.65449],[139.34276,35.65459],[139.3419,35.65474],[139.34111,35.6549],[139.33939,35.65519]]}},{"type":"Feature","properties":{"line_name":"相模線"},"geometry":{"type":"LineString","coordinates":[[139.40606,35.33035],[139.40695,35.33065],[139.40797,35.33101],[139.40963,35.3316],[139.40994,35.33172],[139.41022,35.33185],[139.41059,35.33215],[139.41078,35.3324],[139.41093,35.33263],[139.41102,35.33283],[139.41105,35.33305],[139.41104,35.33321],[139.41099,35.33336],[139.41077,35.33381],[139.41028,35.33466],[139.40967,35.33574],[139.40919,35.33661],[139.40856,35.33775],[139.40773,35.3392],[139.40721,35.34016],[139.40681,35.34087],[139.40642,35.34155],[139.40636,35.34167],[139.4063,35.34179],[139.40618,35.34199],[139.40477,35.34454],[139.4044,35.3452],[139.40305,35.34763],[139.40294,35.34782],[139.40268,35.34828],[139.40175,35.34998],[139.40114,35.35111],[139.40096,35.35159],[139.40076,35.35229],[139.40057,35.35313],[139.40027,35.35447],[139.39991,35.35621],[139.39975,35.35699],[139.39957,35.35764],[139.39942,35.35801],[139.39925,35.35836],[139.39905,35.35872],[139.39873,35.35918],[139.39846,35.35955],[139.39817,35.35986],[139.39787,35.36017],[139.3974,35.36058],[139.39647,35.36131],[139.39535,35.36209],[139.39441,35.36275],[139.39421,35.36289],[139.39405,35.36301],[139.39394,35.36308],[139.39391,35.3631],[139.39293,35.36377],[139.39119,35.36496],[139.38931,35.36627],[139.38811,35.36713],[139.38773,35.3674],[139.3869,35.36801],[139.38662,35.36819],[139.38619,35.36844],[139.3858,35.36866],[139.385,35.369],[139.38426,35.36935],[139.38368,35.3696],[139.38318,35.3698],[139.38281,35.36993],[139.3824,35.37002],[139.38211,35.37007],[139.38173,35.37014],[139.38155,35.37018],[139.381,35.37037],[139.38058,35.37053],[139.38019,35.37073],[139.37991,35.37089],[139.37947,35.37118],[139.37924,35.37137],[139.37898,35.37165],[139.37877,35.37192],[139.37859,35.37224],[139.37829,35.37279],[139.37818,35.37301],[139.3781,35.37321],[139.37804,35.37344],[139.37797,35.37381],[139.3779,35.3742],[139.37788,35.37455],[139.3779,35.37486],[139.37799,35.37526],[139.37804,35.37554],[139.37837,35.37656],[139.37886,35.37812],[139.37945,35.37995],[139.37963,35.38062],[139.37969,35.38097],[139.37972,35.38129],[139.37971,35.38153],[139.3797,35.38189],[139.37963,35.38254],[139.37948,35.38373],[139.37931,35.38534],[139.37926,35.3858],[139.37917,35.38656],[139.37911,35.38712],[139.37903,35.38784],[139.37895,35.38817],[139.37883,35.38858],[139.37873,35.38885],[139.37859,35.3892],[139.37827,35.39006],[139.37809,35.39065],[139.37799,35.39106],[139.37792,35.39145],[139.3779,35.39176],[139.37789,35.39261],[139.37791,35.39332],[139.37794,35.39367],[139.37801,35.39402],[139.37811,35.39437],[139.37823,35.39466],[139.37854,35.39545],[139.37902,35.39657],[139.37944,35.39755],[139.3798,35.3984],[139.38032,35.39955],[139.38089,35.40083],[139.38108,35.40125],[139.38133,35.40181],[139.38144,35.40213],[139.38153,35.40252],[139.38156,35.40277],[139.38156,35.40307],[139.38156,35.40344],[139.38154,35.40372],[139.38149,35.40395],[139.38142,35.40419],[139.38124,35.40462],[139.3812,35.40472],[139.38108,35.40497],[139.38103,35.40506],[139.3809,35.4053],[139.38054,35.40589],[139.38022,35.40643],[139.37989,35.40697],[139.37894,35.40849],[139.37815,35.40981],[139.37792,35.41022],[139.37783,35.41043],[139.3778,35.41057],[139.37776,35.41093],[139.37764,35.41227],[139.37741,35.4157],[139.3773,35.41803],[139.37722,35.41993],[139.37721,35.42008],[139.37716,35.42074],[139.37706,35.42263],[139.37701,35.42372],[139.37703,35.42405],[139.37709,35.42428],[139.37718,35.42451],[139.37721,35.4246],[139.37742,35.42499],[139.3775,35.42513],[139.37781,35.42555],[139.37823,35.42605],[139.37851,35.42633],[139.37867,35.42651],[139.37902,35.42689],[139.37943,35.42732],[139.37978,35.4277],[139.37986,35.42779],[139.38003,35.42799],[139.38022,35.42831],[139.38038,35.42869],[139.38047,35.42895],[139.38049,35.42902],[139.38058,35.42944],[139.38063,35.42983],[139.38064,35.43002],[139.38065,35.43017],[139.38065,35.43031],[139.38066,35.43039],[139.38069,35.43098],[139.38073,35.43141],[139.38076,35.43182],[139.38079,35.43226],[139.38082,35.43257],[139.38086,35.4331],[139.3809,35.43362],[139.38094,35.43422],[139.38094,35.43438],[139.38092,35.43449],[139.38088,35.43467],[139.38078,35.43504],[139.38063,35.43538],[139.38048,35.43574],[139.38025,35.43624],[139.37998,35.43684],[139.37976,35.43738],[139.37938,35.43821],[139.3791,35.43888],[139.37899,35.43914],[139.37865,35.43993],[139.37857,35.4401],[139.37851,35.44031],[139.37847,35.4405],[139.37844,35.44082],[139.37842,35.4411],[139.37843,35.44152],[139.37846,35.4421],[139.37852,35.4427],[139.37855,35.44312],[139.37857,35.4435],[139.37864,35.44414],[139.37873,35.44509],[139.37877,35.44566],[139.37882,35.44606],[139.37891,35.4468],[139.37901,35.44758],[139.37905,35.4479],[139.37906,35.44797],[139.37909,35.44808],[139.37916,35.44825],[139.37929,35.44859],[139.37936,35.44875],[139.37945,35.44892],[139.37961,35.44914],[139.37974,35.44929],[139.38004,35.44956],[139.38025,35.44972],[139.38055,35.44993],[139.38123,35.4503],[139.38182,35.45059],[139.38268,35.45102],[139.3834,35.45137],[139.38348,35.45141],[139.38418,35.45174],[139.38501,35.45214],[139.38579,35.45252],[139.38698,35.45311],[139.3882,35.4537],[139.3889,35.45403],[139.3897,35.45443],[139.39033,35.45474],[139.39085,35.45505],[139.3913,35.45536],[139.39166,35.45566],[139.39193,35.45593],[139.39208,35.4561],[139.39214,35.45617],[139.39221,35.45626],[139.39232,35.45643],[139.39253,35.45677],[139.39279,35.45731],[139.3929,35.45758],[139.393,35.45792],[139.39341,35.45988],[139.39349,35.46028],[139.39369,35.46123],[139.39393,35.46231],[139.39421,35.46354],[139.39428,35.46387],[139.39449,35.46482],[139.39477,35.46619],[139.39516,35.46786],[139.39533,35.46873],[139.39538,35.46894],[139.39539,35.469],[139.39544,35.46923],[139.39554,35.46973],[139.39555,35.47011],[139.39549,35.47058],[139.39541,35.47113],[139.39538,35.4712],[139.39525,35.47151],[139.39511,35.47183],[139.39444,35.47313],[139.39304,35.47599],[139.39281,35.47645],[139.39204,35.47805],[139.3917,35.47871],[139.39093,35.48029],[139.38995,35.48227],[139.38952,35.4831],[139.38919,35.48386],[139.38899,35.48421],[139.38887,35.4844],[139.38856,35.4848],[139.3881,35.48537],[139.38782,35.48582],[139.38771,35.48609],[139.38764,35.48625],[139.38757,35.48648],[139.38746,35.48696],[139.3873,35.48768],[139.38703,35.48899],[139.38689,35.48972],[139.38686,35.48988],[139.38668,35.49085],[139.38661,35.4912],[139.38642,35.49226],[139.38622,35.49329],[139.38601,35.49429],[139.38595,35.49473],[139.38589,35.49509],[139.38586,35.49543],[139.38582,35.49606],[139.3856,35.4995],[139.38544,35.50228],[139.38539,35.50325],[139.38526,35.50559],[139.38525,35.50569],[139.38524,35.50592],[139.38512,35.50787],[139.38508,35.50864],[139.38494,35.51078],[139.38492,35.51111],[139.38486,35.51134],[139.38473,35.51173],[139.38445,35.51237],[139.38405,35.5133],[139.38388,35.51363],[139.38377,35.51383],[139.38373,35.51387],[139.38365,35.51397],[139.38334,35.51433],[139.38314,35.51458],[139.38274,35.51499],[139.38248,35.51525],[139.38218,35.51555],[139.38207,35.51567],[139.38192,35.51584],[139.38187,35.51589],[139.38183,35.51594],[139.38175,35.51603],[139.38169,35.51611],[139.38161,35.51621],[139.3815,35.51636],[139.3814,35.51652],[139.38127,35.51672],[139.38103,35.5172],[139.38071,35.51788],[139.38031,35.51876],[139.38005,35.51936],[139.37997,35.51954],[139.37984,35.51983],[139.37962,35.52029],[139.37955,35.52045],[139.37938,35.5208],[139.37902,35.52152],[139.37861,35.52225],[139.37825,35.52287],[139.37788,35.52354],[139.37742,35.52439],[139.3769,35.52539],[139.37679,35.5256],[139.37672,35.52583],[139.37667,35.52608],[139.37635,35.52749],[139.37628,35.52775],[139.37621,35.52792],[139.37609,35.52814],[139.37586,35.52846],[139.37564,35.52874],[139.37509,35.52925],[139.37457,35.52969],[139.37422,35.53002],[139.37404,35.53021],[139.37386,35.53042],[139.37371,35.53064],[139.37347,35.53105],[139.37318,35.53166],[139.37294,35.53211],[139.37266,35.53272],[139.37242,35.53316],[139.37214,35.53356],[139.37181,35.53402],[139.3714,35.53455],[139.37066,35.53557],[139.37028,35.53613],[139.36987,35.53672],[139.3693,35.53749],[139.36864,35.53841],[139.36785,35.53953],[139.36722,35.54036],[139.36691,35.54082],[139.36575,35.54242],[139.36491,35.5434],[139.36427,35.54413],[139.36379,35.54463],[139.36337,35.5451],[139.36307,35.54543],[139.36289,35.54562],[139.36241,35.54613],[139.36197,35.54662],[139.36155,35.54716],[139.36124,35.5477],[139.3611,35.54803],[139.36097,35.54855],[139.36099,35.5492],[139.36101,35.54942],[139.36104,35.54961],[139.3611,35.54984],[139.36117,35.55002],[139.36139,35.55048],[139.36178,35.55133],[139.36209,35.55199],[139.36215,35.5521],[139.36231,35.55242],[139.36242,35.55263],[139.36256,35.55293],[139.36266,35.55314],[139.36308,35.55399],[139.36344,35.55483],[139.36363,35.55537],[139.36364,35.55553],[139.36366,35.55579],[139.36361,35.55643],[139.36358,35.55667],[139.36352,35.55694],[139.36345,35.55714],[139.36332,35.55737],[139.36318,35.55757],[139.36295,35.55791],[139.36285,35.55804],[139.36275,35.55816],[139.36197,35.55908],[139.36109,35.55994],[139.36017,35.56079],[139.3596,35.56126],[139.35932,35.56152],[139.359,35.56177],[139.35866,35.56202],[139.35824,35.56235],[139.35758,35.56273],[139.35702,35.56302],[139.35673,35.56316],[139.35637,35.56333],[139.35583,35.5636],[139.35553,35.56373],[139.35523,35.56397],[139.35478,35.56445],[139.35419,35.56532],[139.35358,35.56632],[139.3529,35.56739],[139.35252,35.56798],[139.35214,35.56862],[139.35193,35.569],[139.35181,35.56956],[139.35184,35.57053],[139.35185,35.57082],[139.35199,35.57291],[139.35212,35.57518],[139.3522,35.57637],[139.35226,35.57748],[139.35232,35.57858],[139.35237,35.57965],[139.35238,35.57982],[139.35246,35.58098],[139.35258,35.58286],[139.35269,35.585],[139.35281,35.58657],[139.35289,35.58753],[139.35298,35.58829],[139.35299,35.58888],[139.35294,35.58927],[139.35285,35.58964],[139.35271,35.58996],[139.35257,35.59022],[139.35234,35.59055],[139.35206,35.59083],[139.35159,35.5913],[139.35105,35.59173],[139.35057,35.59198],[139.34998,35.5923],[139.34693,35.5939],[139.34601,35.59436],[139.34513,35.59482],[139.34476,35.59502],[139.34418,35.59532]]}},{"type":"Feature","properties":{"line_name":"青梅線"},"geometry":{"type":"LineString","coordinates":[[139.41516,35.69803],[139.41505,35.69803],[139.41254,35.69802],[139.41238,35.69802],[139.41148,35.69803],[139.41053,35.698],[139.40975,35.69797],[139.40883,35.69785],[139.40834,35.69778],[139.4081,35.69772],[139.4078,35.69763],[139.40729,35.69747],[139.40698,35.69738],[139.40667,35.69731],[139.4064,35.69727],[139.40605,35.69725],[139.40538,35.69729],[139.40423,35.69751],[139.40273,35.69782],[139.40196,35.69798],[139.40158,35.69808],[139.40104,35.69822],[139.40054,35.69839],[139.40012,35.69858],[139.39966,35.69884],[139.39938,35.69903],[139.39902,35.69932],[139.39896,35.69938],[139.39847,35.69985],[139.39787,35.70059],[139.3976,35.70092],[139.39733,35.70126],[139.39711,35.70154],[139.39681,35.70188],[139.39672,35.70198],[139.39664,35.70207],[139.39658,35.70213],[139.39645,35.70224],[139.39632,35.70234],[139.39617,35.70245],[139.396,35.70255],[139.39576,35.7027],[139.39503,35.70305],[139.3944,35.70324],[139.39404,35.70335],[139.39353,35.7035],[139.39306,35.70364],[139.39192,35.704],[139.39101,35.70429],[139.38969,35.7047],[139.3851,35.70612],[139.38409,35.70643],[139.3824,35.70696],[139.38093,35.70741],[139.37679,35.70867],[139.37463,35.70933],[139.3728,35.70981],[139.3718,35.7101],[139.36922,35.7109],[139.36771,35.71136],[139.36534,35.7121],[139.36339,35.7127],[139.36292,35.71284],[139.36035,35.7136],[139.359,35.71402],[139.3588,35.71408],[139.35681,35.71467],[139.35553,35.71506],[139.35359,35.71564],[139.35181,35.71619],[139.35085,35.71648],[139.34917,35.71702],[139.34845,35.71726],[139.34843,35.71726],[139.34721,35.71766],[139.34646,35.71798],[139.34608,35.71821],[139.3456,35.7185],[139.34536,35.7187],[139.34504,35.71903],[139.34464,35.71955],[139.34431,35.72002],[139.34409,35.72037],[139.34319,35.72156],[139.34285,35.72202],[139.34222,35.72281],[139.3413,35.72397],[139.34112,35.72421],[139.34093,35.72448],[139.34036,35.72528],[139.33888,35.72733],[139.33821,35.72831],[139.33799,35.72863],[139.33664,35.7305],[139.33453,35.73333],[139.33429,35.73365],[139.33329,35.73502],[139.33182,35.73699],[139.32958,35.74001],[139.3285,35.74147],[139.32699,35.7435],[139.32384,35.74778],[139.32202,35.75028],[139.32171,35.75068],[139.32122,35.75133],[139.32067,35.75211],[139.31986,35.75322],[139.31952,35.75367],[139.31882,35.75459],[139.3182,35.7554],[139.31769,35.75607],[139.31672,35.75734],[139.31588,35.75854],[139.31479,35.75999],[139.31438,35.76053],[139.31346,35.76177],[139.3121,35.7636],[139.31088,35.76526],[139.30971,35.76681],[139.30864,35.76824],[139.30839,35.76857],[139.30722,35.77018],[139.30592,35.77194],[139.30509,35.773],[139.30441,35.77394],[139.3039,35.77464],[139.30365,35.77495],[139.30318,35.77536],[139.30263,35.77577],[139.30192,35.77634],[139.30171,35.77652],[139.30089,35.7771],[139.30053,35.77731],[139.29989,35.77762],[139.29869,35.77814],[139.29667,35.77905],[139.2964,35.77918],[139.29466,35.77997],[139.29461,35.77999],[139.29217,35.78109],[139.29089,35.78166],[139.28945,35.78233],[139.28712,35.78338],[139.28494,35.78439],[139.28317,35.78516],[139.28315,35.78517],[139.28176,35.78577],[139.28044,35.78636],[139.27913,35.78694],[139.27817,35.78735],[139.27715,35.78781],[139.27588,35.78838],[139.2752,35.78867],[139.27417,35.78915],[139.27344,35.78951],[139.27217,35.79012],[139.27111,35.7906],[139.27064,35.79083],[139.2701,35.79098],[139.2696,35.79109],[139.26954,35.79111],[139.26906,35.79112],[139.26864,35.79105],[139.2677,35.79085],[139.26613,35.79046],[139.2649,35.79015],[139.26442,35.79003],[139.26369,35.78987],[139.26315,35.78983],[139.26253,35.78988],[139.26209,35.78997],[139.26123,35.7902],[139.26068,35.79034],[139.26,35.79042],[139.25884,35.7905],[139.25741,35.79059],[139.2573,35.79059],[139.25668,35.79064],[139.25616,35.79067],[139.25536,35.79073],[139.25461,35.79079],[139.2538,35.79087],[139.25309,35.79091],[139.25249,35.79098],[139.25203,35.79102],[139.2515,35.79108],[139.2507,35.7912],[139.25003,35.7913],[139.24965,35.79135],[139.24929,35.7914],[139.24884,35.79148],[139.24837,35.79157],[139.24775,35.79167],[139.24735,35.79173],[139.24706,35.79176],[139.24681,35.79177],[139.24668,35.79177],[139.2463,35.79176],[139.24597,35.79171],[139.24569,35.79164],[139.24542,35.79158],[139.24509,35.79149],[139.24439,35.7913],[139.24387,35.79114],[139.2434,35.79093],[139.24243,35.79042],[139.2416,35.78998],[139.24086,35.78955],[139.24014,35.78917],[139.23954,35.78882],[139.23865,35.78832],[139.23776,35.78782],[139.23687,35.78736],[139.23677,35.78731],[139.23585,35.78688],[139.23526,35.78661],[139.2352,35.78658],[139.23513,35.78655],[139.23503,35.78651],[139.23495,35.78648],[139.23483,35.78644],[139.23471,35.78641],[139.23451,35.78641],[139.2344,35.78641],[139.23426,35.7864],[139.23407,35.7864],[139.23315,35.78637],[139.23303,35.78636],[139.23289,35.78637],[139.23277,35.78639],[139.23263,35.7864],[139.23223,35.78648],[139.23215,35.7865],[139.23209,35.78653],[139.23201,35.78656],[139.23197,35.78658],[139.23193,35.7866],[139.2319,35.78661],[139.23155,35.7868],[139.23139,35.7869],[139.23114,35.7871],[139.23058,35.78758],[139.23012,35.78798],[139.22975,35.78833],[139.22932,35.78896],[139.2292,35.78933],[139.22909,35.78988],[139.22898,35.79052],[139.2289,35.79093],[139.22884,35.79124],[139.22869,35.79183],[139.22862,35.79203],[139.22855,35.79218],[139.22848,35.79233],[139.22833,35.79256],[139.22798,35.79307],[139.22787,35.79322],[139.22761,35.79359],[139.2275,35.79376],[139.22735,35.79394],[139.2273,35.79398],[139.22716,35.79409],[139.22711,35.79413],[139.22702,35.7942],[139.22699,35.79423],[139.22692,35.79429],[139.2268,35.79438],[139.22674,35.79443],[139.22668,35.7945],[139.22659,35.7946],[139.22655,35.79467],[139.22649,35.79475],[139.22642,35.79483],[139.22637,35.79492],[139.22634,35.79497],[139.22629,35.79504],[139.22626,35.79508],[139.2262,35.79518],[139.22615,35.79528],[139.22614,35.79531],[139.22611,35.79536],[139.22587,35.79578],[139.22571,35.79601],[139.22537,35.79652],[139.2249,35.79714],[139.2247,35.79735],[139.22411,35.79786],[139.2238,35.7981],[139.2224,35.7992],[139.22165,35.79976],[139.22129,35.80004],[139.22048,35.80064],[139.21997,35.80101],[139.21919,35.80158],[139.2183,35.80224],[139.21771,35.80269],[139.21697,35.80328],[139.21645,35.80369],[139.21584,35.8042],[139.21524,35.80482],[139.21488,35.80523],[139.21442,35.80577],[139.21381,35.80653],[139.21335,35.80703],[139.21288,35.8074],[139.2123,35.80775],[139.21185,35.80799],[139.21147,35.80815],[139.21122,35.80823],[139.2111,35.80826],[139.21098,35.80829],[139.21083,35.80831],[139.21064,35.80831],[139.21038,35.8083],[139.21019,35.80826],[139.20973,35.80818],[139.20877,35.80801],[139.2082,35.80786],[139.20798,35.80778],[139.20732,35.80738],[139.20721,35.80727],[139.20674,35.80686],[139.20656,35.80672],[139.20642,35.80661],[139.20625,35.80651],[139.20605,35.80642],[139.20579,35.80633],[139.20544,35.80622],[139.20486,35.80609],[139.20445,35.80603],[139.20366,35.80583],[139.20323,35.80572],[139.20259,35.80554],[139.20189,35.80538],[139.20133,35.80531],[139.20084,35.80531],[139.20028,35.80531],[139.1999,35.80529],[139.1992,35.80525],[139.19773,35.80518],[139.19765,35.80518],[139.19722,35.80516],[139.19715,35.80516],[139.1967,35.80515],[139.19602,35.80528],[139.19527,35.80548],[139.19452,35.80568],[139.19389,35.80583],[139.19291,35.80607],[139.19244,35.80619],[139.19135,35.80646],[139.19086,35.80657],[139.19044,35.80665],[139.19012,35.80668],[139.18971,35.80671],[139.18943,35.80672],[139.18924,35.80672],[139.18892,35.80671],[139.18877,35.80669],[139.1886,35.80666],[139.18844,35.80662],[139.18825,35.80656],[139.18797,35.80646],[139.18771,35.80633],[139.18725,35.80609],[139.18724,35.80608],[139.18691,35.80589],[139.1869,35.80589],[139.18636,35.80557],[139.1858,35.80513],[139.18564,35.80493],[139.18545,35.80456],[139.18529,35.80409],[139.18511,35.80361],[139.18506,35.80343],[139.18486,35.80281],[139.18476,35.80252],[139.18471,35.80241],[139.18465,35.8023],[139.18455,35.80213],[139.18446,35.80204],[139.18434,35.80193],[139.18419,35.80181],[139.184,35.8017],[139.18379,35.8016],[139.18361,35.80152],[139.18328,35.80145],[139.18312,35.80143],[139.18283,35.80143],[139.18255,35.80141],[139.18198,35.80138],[139.18147,35.80134],[139.18109,35.80132],[139.18049,35.80129],[139.17972,35.80124],[139.17933,35.80123],[139.17893,35.80122],[139.17878,35.80124],[139.1786,35.80128],[139.17843,35.80134],[139.17819,35.80143],[139.17794,35.80154],[139.17771,35.80169],[139.17767,35.80172],[139.17762,35.80177],[139.17757,35.80181],[139.17752,35.80185],[139.17747,35.80189],[139.17742,35.80193],[139.17736,35.80198],[139.17729,35.80206],[139.17724,35.80214],[139.17719,35.80223],[139.17714,35.80232],[139.17713,35.80236],[139.17713,35.8024],[139.17711,35.80247],[139.1771,35.80258],[139.1771,35.80269],[139.1771,35.80276],[139.17709,35.8028],[139.1771,35.80283],[139.17711,35.80306],[139.17725,35.8037],[139.17739,35.80415],[139.17758,35.80483],[139.17771,35.80531],[139.17778,35.8057],[139.17785,35.80618],[139.17785,35.80633],[139.17784,35.80655],[139.17778,35.80678],[139.17772,35.80694],[139.17767,35.80705],[139.17763,35.80715],[139.17756,35.80726],[139.17742,35.80743],[139.17729,35.80759],[139.17714,35.80772],[139.17697,35.80786],[139.17683,35.80796],[139.17673,35.80801],[139.17643,35.80815],[139.17613,35.80825],[139.17577,35.80832],[139.1757,35.80832],[139.17539,35.80831],[139.17503,35.80828],[139.17472,35.80822],[139.17457,35.80817],[139.17431,35.80808],[139.17413,35.80801],[139.17395,35.80792],[139.17374,35.80781],[139.17334,35.80757],[139.17287,35.80731],[139.17263,35.80716],[139.17242,35.80707],[139.17228,35.80703],[139.17205,35.80699],[139.17191,35.80698],[139.1718,35.80698],[139.17164,35.80701],[139.17148,35.80705],[139.17132,35.80711],[139.17114,35.80718],[139.17097,35.80726],[139.17078,35.80738],[139.1707,35.80744],[139.17058,35.80755],[139.1705,35.80766],[139.17018,35.80806],[139.16998,35.80832],[139.16988,35.80847],[139.1698,35.80863],[139.16974,35.80876],[139.16967,35.80893],[139.16953,35.80921],[139.16937,35.80959],[139.16899,35.81039],[139.16881,35.81064],[139.16854,35.811],[139.16843,35.8111],[139.16822,35.81131],[139.16795,35.81154],[139.16755,35.81185],[139.1668,35.8124],[139.16668,35.81248],[139.16622,35.81284],[139.16573,35.81321],[139.16553,35.81336],[139.16512,35.81358],[139.16468,35.81374],[139.16464,35.81375],[139.16451,35.81376],[139.16393,35.81379],[139.16377,35.81379],[139.16374,35.81379],[139.16367,35.81377],[139.16352,35.81372],[139.16345,35.8137],[139.16331,35.81365],[139.16315,35.8136],[139.16306,35.81356],[139.16293,35.81351],[139.16276,35.81342],[139.16246,35.81326],[139.16228,35.81313],[139.16214,35.813],[139.16203,35.81286],[139.16187,35.81255],[139.16167,35.8121],[139.16156,35.81185],[139.16154,35.81182],[139.16149,35.81175],[139.16144,35.81168],[139.16137,35.81157],[139.1613,35.81151],[139.16128,35.81148],[139.16122,35.81143],[139.16116,35.81138],[139.16104,35.81127],[139.16089,35.81121],[139.16063,35.81111],[139.16041,35.81102],[139.16017,35.81095],[139.15992,35.81087],[139.15972,35.81082],[139.15962,35.81079],[139.15942,35.81075],[139.15925,35.81072],[139.15917,35.8107],[139.15901,35.8107],[139.1588,35.81069],[139.15864,35.81073],[139.15862,35.81073],[139.15829,35.81082],[139.15777,35.81107],[139.15739,35.81129],[139.15687,35.81163],[139.15652,35.81186],[139.15645,35.81189],[139.15617,35.8121],[139.15609,35.8122],[139.15604,35.81231],[139.15599,35.81251],[139.15595,35.8127],[139.15592,35.81286],[139.15589,35.81316],[139.15585,35.81346],[139.15574,35.81418],[139.15565,35.81443],[139.1555,35.81476],[139.15531,35.81506],[139.15505,35.81545],[139.15482,35.81574],[139.15459,35.81591],[139.15439,35.81603],[139.15419,35.81613],[139.15382,35.81626],[139.15351,35.81633],[139.15302,35.81639],[139.15274,35.81641],[139.15229,35.8164],[139.15172,35.81635],[139.15056,35.81629],[139.15049,35.81629],[139.15019,35.81626],[139.14973,35.8162],[139.14933,35.81617],[139.149,35.81613],[139.14874,35.81604],[139.14846,35.81592],[139.14819,35.81578],[139.14778,35.8155],[139.14765,35.81539],[139.14729,35.81519],[139.14691,35.81505],[139.14656,35.81502],[139.14614,35.81505],[139.14593,35.8151],[139.14574,35.81514],[139.14556,35.81519],[139.14533,35.81527],[139.14513,35.81535],[139.14484,35.8155],[139.14434,35.81578],[139.14406,35.81591],[139.14363,35.81603],[139.14315,35.81609],[139.14282,35.8161],[139.14178,35.81608],[139.14129,35.81607],[139.14074,35.81606],[139.14008,35.81604],[139.1396,35.81604],[139.13926,35.81602],[139.13896,35.816],[139.13864,35.81595],[139.13844,35.81589],[139.13813,35.81578],[139.13787,35.81565],[139.13753,35.81547],[139.13726,35.81535],[139.1371,35.81529],[139.13682,35.8152],[139.13657,35.81515],[139.13629,35.81513],[139.136,35.81511],[139.13576,35.81512],[139.13482,35.81525],[139.13465,35.81527],[139.13423,35.81533],[139.13392,35.81539],[139.13349,35.8155],[139.13292,35.81563],[139.13202,35.81579],[139.13155,35.81584],[139.13122,35.81582],[139.13112,35.81582],[139.13074,35.81576],[139.1303,35.81566],[139.12992,35.81553],[139.12931,35.81528],[139.12857,35.81493],[139.12849,35.81489],[139.12832,35.8148],[139.1282,35.81475],[139.12805,35.81469],[139.12782,35.81459],[139.12769,35.81453],[139.12756,35.81447],[139.12694,35.81421],[139.12642,35.81399],[139.12568,35.81368],[139.12526,35.81347],[139.12498,35.81332],[139.12463,35.81313],[139.12432,35.81297],[139.12413,35.81285],[139.12394,35.81279],[139.12374,35.81271],[139.12362,35.81268],[139.12348,35.81266],[139.12329,35.81263],[139.12314,35.81263],[139.1229,35.81264],[139.1227,35.81265],[139.12247,35.81266],[139.12212,35.81268],[139.12182,35.81272],[139.12105,35.81281],[139.12099,35.81282],[139.12045,35.81289],[139.12041,35.81289],[139.12008,35.81292],[139.11961,35.81295],[139.11947,35.81294],[139.11939,35.81294],[139.11893,35.81292],[139.11856,35.81288],[139.11746,35.81276],[139.11704,35.81272],[139.11673,35.81267],[139.1166,35.81264],[139.11583,35.81238],[139.11542,35.81219],[139.11526,35.81209],[139.11508,35.81197],[139.11458,35.81147],[139.11444,35.81132],[139.11404,35.81084],[139.11402,35.81082],[139.11358,35.81046],[139.11356,35.81044],[139.11222,35.80948],[139.11185,35.80927],[139.11156,35.80911],[139.11071,35.80874],[139.11026,35.80855],[139.10979,35.80841],[139.10956,35.80836],[139.1093,35.80831],[139.10881,35.80826],[139.10839,35.80822],[139.10792,35.80821],[139.10754,35.8082],[139.10709,35.80822],[139.10647,35.80822],[139.10614,35.80822],[139.10578,35.80824],[139.10532,35.80825],[139.10486,35.80825],[139.1045,35.80826],[139.10407,35.80827],[139.10359,35.80829],[139.10329,35.80831],[139.1032,35.80831],[139.103,35.80831],[139.10227,35.80833],[139.10177,35.80834],[139.1009,35.80838],[139.10035,35.80838],[139.09969,35.80841],[139.09935,35.80843],[139.09909,35.80843],[139.09874,35.80845],[139.09848,35.80848],[139.09818,35.80855],[139.09799,35.8086],[139.09779,35.80869],[139.0977,35.80874],[139.09765,35.80877],[139.09753,35.80885],[139.09735,35.80898],[139.09714,35.80915],[139.097,35.8093],[139.09688,35.80945],[139.09674,35.80968]]}},{"type":"Feature","properties":{"line_name":"五日市線"},"geometry":{"type":"LineString","coordinates":[[139.34409,35.72037],[139.34319,35.72156],[139.34285,35.72202],[139.34222,35.72281],[139.3413,35.72397],[139.34112,35.72421],[139.34086,35.72443],[139.34041,35.72479],[139.33993,35.72515],[139.33937,35.72557],[139.33883,35.72601],[139.33856,35.72624],[139.33785,35.72682],[139.33748,35.72713],[139.33697,35.72755],[139.3366,35.72782],[139.33609,35.72813],[139.33537,35.72845],[139.33504,35.72855],[139.33448,35.72868],[139.33397,35.72872],[139.33372,35.72871],[139.33334,35.72864],[139.33303,35.72859],[139.33266,35.72853],[139.33071,35.72811],[139.33024,35.72801],[139.32909,35.72778],[139.32861,35.72767],[139.32853,35.72765],[139.32725,35.72739],[139.32562,35.72704],[139.3239,35.72668],[139.32292,35.72647],[139.32272,35.72643],[139.32233,35.72635],[139.32151,35.72619],[139.32017,35.72593],[139.31907,35.72578],[139.31873,35.72578],[139.31727,35.72582],[139.31559,35.72591],[139.31454,35.72595],[139.3124,35.72594],[139.31095,35.72593],[139.30953,35.72589],[139.3094,35.72589],[139.3072,35.72587],[139.3055,35.72585],[139.30326,35.72585],[139.30274,35.72589],[139.30033,35.72623],[139.29838,35.7265],[139.29789,35.72657],[139.29552,35.72689],[139.29356,35.72716],[139.29169,35.72742],[139.29064,35.72754],[139.28912,35.72774],[139.28745,35.72795],[139.28605,35.72815],[139.2853,35.72823],[139.28372,35.72844],[139.28198,35.72862],[139.28174,35.72865],[139.28053,35.72877],[139.27931,35.72888],[139.2775,35.72906],[139.27579,35.7292],[139.27414,35.72934],[139.27251,35.72947],[139.27179,35.72953],[139.27072,35.72962],[139.26945,35.72976],[139.26806,35.72989],[139.26735,35.72995],[139.26566,35.7301],[139.26384,35.73027],[139.26193,35.73045],[139.25996,35.73062],[139.25826,35.73078],[139.25704,35.73089],[139.25557,35.73102],[139.25348,35.7312],[139.25233,35.73129],[139.25071,35.73133],[139.24914,35.73132],[139.24835,35.73131],[139.24681,35.73126],[139.24624,35.73121],[139.24573,35.7312],[139.24534,35.7312],[139.24497,35.73124],[139.24424,35.73138],[139.24377,35.73146],[139.24333,35.73155],[139.2427,35.73165],[139.24217,35.73168],[139.24175,35.73166],[139.24127,35.73163],[139.24066,35.73154],[139.23988,35.73142],[139.23923,35.73129],[139.23844,35.73116],[139.23788,35.73107],[139.23721,35.73098],[139.2369,35.73098],[139.23666,35.73106],[139.23613,35.73126],[139.23598,35.73135],[139.23538,35.73171],[139.23445,35.73224],[139.23368,35.73273],[139.23306,35.7331],[139.23208,35.73369],[139.23204,35.7337],[139.23188,35.73379],[139.23168,35.73384],[139.23148,35.73388],[139.23123,35.7339],[139.23095,35.73388],[139.23063,35.73381],[139.23049,35.73375],[139.23034,35.73368],[139.22994,35.73347],[139.22943,35.73315],[139.2288,35.73274],[139.22876,35.73271],[139.22748,35.73158]]}},{"type":"Feature","properties":{"line_name":"武蔵野線"},"geometry":{"type":"LineString","coordinates":[[139.95915,35.70669],[139.95932,35.70692],[139.95935,35.70696],[139.95948,35.70714],[139.95957,35.70728],[139.95966,35.70738],[139.95984,35.70768],[139.95989,35.70775],[139.96002,35.70802],[139.96058,35.70912],[139.96106,35.71037],[139.96123,35.71079],[139.96176,35.71187],[139.96252,35.71329],[139.96269,35.71352],[139.9644,35.71596],[139.96501,35.71682],[139.96626,35.71854],[139.96737,35.72015],[139.96773,35.72082],[139.96787,35.72114],[139.96792,35.72127],[139.96798,35.72148],[139.96812,35.72225],[139.96815,35.72244],[139.96821,35.72284],[139.96825,35.72325],[139.96827,35.72372],[139.96831,35.72629],[139.96826,35.72701],[139.96812,35.7276],[139.968,35.728],[139.96777,35.72863],[139.9676,35.72892],[139.96727,35.72947],[139.9671,35.72977],[139.96692,35.73009],[139.96659,35.73071],[139.96649,35.73088],[139.96632,35.73115],[139.9658,35.73204],[139.96524,35.73301],[139.96408,35.73494],[139.96392,35.73521],[139.96341,35.73612],[139.9631,35.73664],[139.96223,35.73813],[139.96165,35.73914],[139.96001,35.74192],[139.95955,35.74269],[139.95786,35.74557],[139.95654,35.74788],[139.95582,35.74904],[139.95577,35.74913],[139.95507,35.75031],[139.95455,35.75113],[139.95407,35.75184],[139.95394,35.75201],[139.9534,35.75269],[139.95298,35.75323],[139.95222,35.75419],[139.95183,35.75468],[139.95176,35.7548],[139.9508,35.75601],[139.95069,35.75617],[139.95026,35.7567],[139.95016,35.75682],[139.94968,35.75742],[139.94948,35.75767],[139.949,35.75825],[139.94801,35.75951],[139.94774,35.75992],[139.94763,35.76009],[139.94747,35.7603],[139.94735,35.76052],[139.9472,35.76081],[139.94713,35.76104],[139.94669,35.76215],[139.94655,35.76258],[139.94637,35.76315],[139.9463,35.76336],[139.94625,35.7635],[139.94608,35.76401],[139.946,35.76422],[139.94594,35.7644],[139.9454,35.76604],[139.94487,35.76756],[139.94464,35.76827],[139.94425,35.76927],[139.9441,35.76977],[139.94372,35.77091],[139.94364,35.77115],[139.94362,35.77121],[139.94332,35.77216],[139.94308,35.77301],[139.94283,35.77398],[139.94267,35.77464],[139.94244,35.7756],[139.9424,35.77574],[139.94232,35.77603],[139.94223,35.77636],[139.94209,35.77692],[139.9419,35.77773],[139.94182,35.77807],[139.94154,35.77926],[139.9415,35.77946],[139.9414,35.77986],[139.94101,35.78138],[139.94094,35.78166],[139.9409,35.78184],[139.94068,35.78271],[139.94063,35.7829],[139.94045,35.78358],[139.94005,35.78525],[139.93994,35.78565],[139.9399,35.78582],[139.93981,35.78617],[139.93976,35.78638],[139.9396,35.78702],[139.93927,35.78831],[139.93915,35.78882],[139.93906,35.78918],[139.93904,35.78927],[139.93879,35.79024],[139.93878,35.79029],[139.93867,35.79077],[139.93844,35.79181],[139.93838,35.79205],[139.93806,35.79347],[139.93781,35.79462],[139.93775,35.79486],[139.93772,35.79501],[139.93771,35.79505],[139.93765,35.79532],[139.93744,35.7962],[139.93742,35.79626],[139.93737,35.7965],[139.93703,35.79781],[139.93698,35.79802],[139.93686,35.79838],[139.93668,35.79893],[139.93621,35.8001],[139.93614,35.80028],[139.93609,35.8004],[139.93591,35.80087],[139.93585,35.80101],[139.93581,35.80112],[139.93574,35.8013],[139.9355,35.80188],[139.93541,35.80214],[139.93522,35.80263],[139.93494,35.80334],[139.93485,35.80356],[139.93458,35.80424],[139.93454,35.80436],[139.93411,35.80548],[139.93363,35.80669],[139.93309,35.8081],[139.9325,35.80966],[139.93246,35.80978],[139.93208,35.81074],[139.93199,35.81096],[139.93188,35.81123],[139.93177,35.8115],[139.93135,35.81255],[139.93124,35.81281],[139.93106,35.81332],[139.93101,35.81345],[139.93066,35.81442],[139.93024,35.81554],[139.92986,35.81638],[139.92934,35.8177],[139.92892,35.81875],[139.92849,35.81969],[139.92812,35.82048],[139.92803,35.82064],[139.92773,35.82107],[139.92735,35.82162],[139.92725,35.82173],[139.92709,35.82192],[139.92692,35.82207],[139.9266,35.82235],[139.92608,35.82272],[139.92584,35.82288],[139.9254,35.8232],[139.92502,35.82343],[139.92465,35.82362],[139.92328,35.82436],[139.92307,35.82447],[139.92208,35.825],[139.9216,35.82523],[139.92154,35.82526],[139.92136,35.82535],[139.92043,35.82585],[139.91838,35.82692],[139.9167,35.82779],[139.91506,35.82864],[139.91402,35.8292],[139.91384,35.82929],[139.91249,35.82996],[139.91109,35.83076],[139.91059,35.83112],[139.90959,35.83196],[139.90923,35.83232],[139.90868,35.83291],[139.90832,35.83333],[139.90758,35.83413],[139.90635,35.83553],[139.90632,35.83556],[139.90559,35.83636],[139.90542,35.83655],[139.90535,35.83663],[139.90462,35.83744],[139.90384,35.83825],[139.90356,35.83856],[139.9034,35.83875],[139.903,35.83917],[139.90253,35.83968],[139.90184,35.84045],[139.90138,35.84095],[139.90105,35.84128],[139.90092,35.84141],[139.90054,35.84173],[139.89997,35.84217],[139.8995,35.84246],[139.89934,35.84257],[139.89901,35.84276],[139.89877,35.84289],[139.89842,35.84306],[139.89781,35.84332],[139.89754,35.8434],[139.89714,35.84352],[139.89613,35.8438],[139.89568,35.8439],[139.89545,35.84394],[139.89475,35.84405],[139.89417,35.84413],[139.89398,35.84415],[139.893,35.84424],[139.89281,35.84426],[139.89159,35.84438],[139.89028,35.84451],[139.88994,35.84455],[139.88835,35.8447],[139.88795,35.84474],[139.88773,35.84475],[139.88763,35.84476],[139.88604,35.84491],[139.88595,35.84492],[139.88543,35.84504],[139.88502,35.84514],[139.88423,35.84538],[139.88307,35.84586],[139.88285,35.84597],[139.88251,35.84616],[139.8814,35.84688],[139.88111,35.84712],[139.88064,35.84766],[139.88017,35.84823],[139.87971,35.84893],[139.87935,35.8495],[139.87879,35.85024],[139.87802,35.85103],[139.87681,35.85225],[139.87545,35.85346],[139.87385,35.85482],[139.87197,35.85634],[139.87175,35.85647],[139.8717,35.85654],[139.87139,35.85679],[139.87064,35.85741],[139.87013,35.85784],[139.86894,35.85894],[139.8678,35.85995],[139.86476,35.86257],[139.86463,35.86268],[139.86261,35.86438],[139.8625,35.86447],[139.86029,35.86634],[139.85918,35.86726],[139.858788,35.867567],[139.857455,35.868607],[139.85596,35.86977],[139.85471,35.8707],[139.85443,35.87091],[139.85417,35.87109],[139.85373,35.87137],[139.8497,35.874],[139.84817,35.87492],[139.84738,35.87537],[139.84677,35.87568],[139.84616,35.87592],[139.84582,35.87603],[139.84562,35.8761],[139.84488,35.87631],[139.84458,35.87638],[139.84405,35.87652],[139.84397,35.87653],[139.84338,35.87664],[139.84288,35.87669],[139.8425,35.87672],[139.84207,35.87672],[139.84148,35.87671],[139.84142,35.8767],[139.84046,35.87667],[139.84017,35.87667],[139.84,35.87667],[139.83982,35.87666],[139.83908,35.87665],[139.83807,35.87662],[139.83781,35.87661],[139.83745,35.8766],[139.83721,35.87659],[139.837,35.87658],[139.83679,35.87656],[139.83634,35.87656],[139.83423,35.8765],[139.83396,35.87648],[139.83388,35.87648],[139.83313,35.87646],[139.833,35.87645],[139.83136,35.87639],[139.83102,35.87638],[139.83061,35.87637],[139.83053,35.87637],[139.82995,35.87635],[139.82898,35.87633],[139.82813,35.8763],[139.82638,35.87625],[139.82617,35.87624],[139.82327,35.87614],[139.82293,35.87613],[139.82267,35.87612],[139.82125,35.87607],[139.8208,35.87605],[139.82046,35.87605],[139.82036,35.87604],[139.81953,35.87601],[139.81948,35.87601],[139.81846,35.87597],[139.81771,35.87597],[139.81731,35.87596],[139.8156,35.8759],[139.81526,35.87588],[139.8144,35.87586],[139.81362,35.87586],[139.81334,35.87586],[139.81075,35.87588],[139.81049,35.87588],[139.80834,35.8759],[139.8083,35.8759],[139.80692,35.87591],[139.80492,35.87592],[139.80386,35.87594],[139.80291,35.87594],[139.80177,35.87596],[139.79966,35.87599],[139.79884,35.87599],[139.79849,35.876],[139.79718,35.87602],[139.79682,35.87604],[139.79588,35.87604],[139.79501,35.87604],[139.79187,35.87605],[139.79182,35.87605],[139.79179,35.87605],[139.79048,35.87604],[139.78986,35.87604],[139.78917,35.87604],[139.78559,35.87605],[139.78403,35.87605],[139.78304,35.87604],[139.78249,35.87603],[139.78057,35.87603],[139.77997,35.87604],[139.77784,35.87604],[139.77727,35.87604],[139.77503,35.87605],[139.77137,35.87602],[139.76996,35.876],[139.76962,35.87599],[139.76956,35.87599],[139.76699,35.87597],[139.76361,35.87597],[139.76276,35.87596],[139.76144,35.87596],[139.76086,35.87595],[139.75916,35.87596],[139.75811,35.87595],[139.75783,35.87594],[139.75727,35.87594],[139.75697,35.87594],[139.75664,35.87594],[139.75482,35.87593],[139.75409,35.87592],[139.75302,35.87591],[139.75129,35.87589],[139.75036,35.87589],[139.74983,35.87589],[139.74981,35.87588],[139.74969,35.87589],[139.74892,35.87589],[139.74882,35.87588],[139.74783,35.87586],[139.74764,35.87585],[139.74754,35.87583],[139.747,35.87575],[139.74676,35.87571],[139.7457,35.87549],[139.74496,35.87535],[139.74477,35.87531],[139.74456,35.87527],[139.74363,35.87508],[139.7435,35.87506],[139.7432,35.875],[139.74186,35.87476],[139.7402,35.87443],[139.73948,35.87429],[139.73933,35.87426],[139.73917,35.87423],[139.7383,35.87408],[139.73819,35.87406],[139.73697,35.87384],[139.73591,35.87364],[139.73517,35.8735],[139.73485,35.87345],[139.73391,35.87328],[139.73389,35.87327],[139.73262,35.87305],[139.7314,35.87283],[139.73022,35.87262],[139.72782,35.87216],[139.72722,35.87205],[139.72688,35.872],[139.72594,35.87182],[139.72531,35.87168],[139.72481,35.87157],[139.72462,35.87155],[139.72412,35.87145],[139.72324,35.87123],[139.72219,35.87098],[139.72157,35.87081],[139.72116,35.8707],[139.72024,35.87042],[139.72015,35.87039],[139.71998,35.87033],[139.71974,35.87025],[139.71945,35.87015],[139.71882,35.86991],[139.71761,35.86941],[139.71571,35.8686],[139.7151,35.86834],[139.71436,35.86806],[139.71371,35.86777],[139.71309,35.86752],[139.7122,35.86717],[139.71085,35.86662],[139.70863,35.86574],[139.70782,35.86539],[139.70757,35.8653],[139.70745,35.86525],[139.707,35.86507],[139.70547,35.86445],[139.70496,35.86422],[139.70467,35.8641],[139.70398,35.86385],[139.70309,35.86351],[139.70209,35.86311],[139.70186,35.86302],[139.70073,35.86256],[139.69953,35.86209],[139.69858,35.86171],[139.69761,35.86132],[139.69689,35.86104],[139.69649,35.86088],[139.69497,35.86026],[139.69335,35.85962],[139.69265,35.85934],[139.6912,35.85876],[139.6899,35.85823],[139.68863,35.85772],[139.68775,35.85737],[139.68744,35.85723],[139.68696,35.85705],[139.68624,35.85676],[139.68595,35.85665],[139.68524,35.85637],[139.68342,35.85565],[139.68239,35.85524],[139.682,35.8551],[139.68089,35.85465],[139.6805,35.85449],[139.68006,35.85431],[139.67947,35.85409],[139.67853,35.8537],[139.67796,35.85342],[139.67724,35.85301],[139.6768,35.85276],[139.67658,35.85263],[139.6756,35.85197],[139.67501,35.85157],[139.67379,35.85075],[139.67237,35.84983],[139.67073,35.84875],[139.6695,35.84795],[139.66838,35.84722],[139.66786,35.84689],[139.6671,35.8465],[139.66617,35.84614],[139.66559,35.84597],[139.66487,35.8458],[139.66388,35.84563],[139.66312,35.84557],[139.6629,35.84558],[139.66118,35.84552],[139.66071,35.84549],[139.65888,35.84552],[139.65798,35.84553],[139.65712,35.84557],[139.65614,35.84559],[139.65548,35.84558],[139.65473,35.84562],[139.65466,35.84563],[139.65093,35.84575],[139.65044,35.84577],[139.64947,35.84581],[139.64895,35.84586],[139.6487,35.84589],[139.64717,35.8462],[139.64585,35.84652],[139.64548,35.84659],[139.64512,35.84665],[139.64439,35.84683],[139.64392,35.84693],[139.64326,35.84709],[139.64235,35.8473],[139.6411,35.84762],[139.64031,35.84782],[139.63943,35.84803],[139.63906,35.84808],[139.63874,35.84812],[139.63809,35.84817],[139.63742,35.8482],[139.63652,35.84821],[139.63582,35.84815],[139.63536,35.8481],[139.63456,35.84795],[139.63385,35.84776],[139.63349,35.84765],[139.6332,35.84754],[139.63292,35.8474],[139.63213,35.84697],[139.63077,35.84612],[139.62971,35.84544],[139.62831,35.84452],[139.62722,35.84385],[139.62544,35.84276],[139.62388,35.84176],[139.62282,35.84107],[139.62177,35.84038],[139.6212,35.83997],[139.62075,35.83959],[139.62024,35.83907],[139.61877,35.83742],[139.61798,35.83655],[139.61731,35.83576],[139.61611,35.8344],[139.61394,35.83191],[139.612,35.82971],[139.61119,35.82879],[139.60965,35.82745],[139.60939,35.82725],[139.60892,35.82689],[139.60834,35.82654],[139.60764,35.82615],[139.60646,35.82559],[139.60416,35.82453],[139.60153,35.82331],[139.59994,35.82256],[139.59859,35.82195],[139.59766,35.82153],[139.5952,35.8204],[139.59448,35.82002],[139.59317,35.81935],[139.59205,35.81861],[139.58988,35.81719],[139.58872,35.81643],[139.5879,35.8159],[139.58656,35.81504],[139.58406,35.81336],[139.5807,35.81117],[139.57799,35.8094],[139.57795,35.80937],[139.57591,35.80808],[139.57516,35.80762],[139.57413,35.80699],[139.57245,35.80615],[139.57087,35.80557],[139.56941,35.80515],[139.56746,35.80474],[139.56496,35.80444],[139.56469,35.80441],[139.56265,35.80421],[139.55985,35.80404],[139.55823,35.80396],[139.55712,35.80388],[139.55611,35.80378],[139.55546,35.80368],[139.55509,35.80363],[139.55461,35.80353],[139.55433,35.80347],[139.55407,35.80341],[139.55228,35.80302],[139.54981,35.80249],[139.54711,35.80191],[139.54683,35.80185],[139.54327,35.80113],[139.54167,35.80078],[139.53841,35.80011],[139.53589,35.79958],[139.53303,35.79899],[139.53168,35.79871],[139.53118,35.79862],[139.5291,35.79831],[139.52777,35.79814],[139.52541,35.79794],[139.52321,35.79775],[139.52271,35.79772],[139.52172,35.79764],[139.52149,35.79762],[139.52119,35.79759],[139.52093,35.79755],[139.52075,35.79751],[139.52046,35.79744],[139.52019,35.79733],[139.51988,35.79722],[139.5185,35.79665],[139.51724,35.79607],[139.5154,35.79527],[139.51368,35.79451],[139.51335,35.79437],[139.51273,35.79409],[139.50989,35.79284],[139.50898,35.79243],[139.50859,35.79228],[139.50762,35.7918],[139.50718,35.79149],[139.50638,35.79092],[139.50515,35.78995],[139.50493,35.78978],[139.50471,35.78961],[139.50406,35.78909],[139.50289,35.78815],[139.5025,35.78788],[139.50076,35.78649],[139.49951,35.78548],[139.49915,35.78511],[139.49873,35.78458],[139.49774,35.78334],[139.4971,35.78258],[139.49679,35.78217],[139.49674,35.78215],[139.49668,35.78209],[139.49665,35.78205],[139.49659,35.78198],[139.49641,35.78174],[139.49607,35.7813],[139.49589,35.78107],[139.49542,35.78046],[139.49508,35.78001],[139.49469,35.77951],[139.4944,35.77914],[139.49432,35.77903],[139.49393,35.77853],[139.49358,35.77809],[139.49318,35.77761],[139.49301,35.77739],[139.49282,35.77716],[139.49246,35.77671],[139.49223,35.77644],[139.49199,35.77613],[139.4916,35.77568],[139.49128,35.77529],[139.49091,35.77483],[139.4905,35.77431],[139.49007,35.77376],[139.48961,35.77315],[139.4891,35.77252],[139.48876,35.77209],[139.48819,35.77132],[139.48787,35.77089],[139.48751,35.7704],[139.48716,35.76993],[139.48686,35.76956],[139.48685,35.76955],[139.48666,35.7693],[139.48609,35.76869],[139.48513,35.76755],[139.48467,35.76647],[139.48459,35.76634],[139.48425,35.76575],[139.48408,35.76539],[139.48395,35.76518],[139.48376,35.76479],[139.48357,35.76441],[139.48336,35.76395],[139.48314,35.76346],[139.48291,35.76296],[139.48278,35.76266],[139.48271,35.76251],[139.48252,35.76212],[139.48227,35.76158],[139.4822,35.76142],[139.48202,35.76107],[139.48193,35.76093],[139.48178,35.76058],[139.48169,35.76037],[139.48163,35.76025],[139.48151,35.76007],[139.48131,35.75966],[139.48112,35.75926],[139.48044,35.75785],[139.48035,35.75764],[139.48024,35.75738],[139.48007,35.75704],[139.47986,35.75665],[139.47959,35.75601],[139.47945,35.75569],[139.47927,35.75529],[139.47909,35.75494],[139.479,35.75479],[139.47887,35.7545],[139.4787,35.75412],[139.47858,35.75389],[139.47848,35.7537],[139.47839,35.75353],[139.47828,35.75338],[139.47815,35.75322],[139.47775,35.75244],[139.47702,35.75104],[139.47658,35.75016],[139.47601,35.74905],[139.47534,35.74765],[139.47487,35.74644],[139.47452,35.7452],[139.47373,35.74221],[139.47356,35.74152],[139.47338,35.7408],[139.47327,35.74035],[139.47278,35.73848],[139.47241,35.73708],[139.47148,35.73396],[139.47092,35.73201],[139.47084,35.73175],[139.47071,35.73145],[139.47052,35.73099],[139.47029,35.73039],[139.47013,35.72998],[139.46963,35.72856],[139.46953,35.72826],[139.46905,35.72678],[139.46864,35.72548],[139.46858,35.72531],[139.4682,35.72414],[139.468,35.7235],[139.46779,35.72285],[139.46769,35.72226],[139.46761,35.72167],[139.4675,35.72042],[139.46734,35.71842],[139.46723,35.7171],[139.46716,35.7164],[139.46703,35.71528],[139.46694,35.71448],[139.46676,35.71283],[139.46655,35.71058],[139.4664,35.70908],[139.46631,35.70802],[139.46627,35.70742],[139.46617,35.70626],[139.46601,35.7046],[139.4659,35.70343],[139.46588,35.70305],[139.46584,35.70261],[139.46584,35.70235],[139.46585,35.70214],[139.46586,35.70164],[139.46591,35.70082],[139.46592,35.70063],[139.46605,35.69919],[139.46606,35.69904],[139.46612,35.69818],[139.46617,35.69764],[139.46635,35.6962],[139.46641,35.69581],[139.46644,35.69566],[139.46654,35.69534],[139.46655,35.69531],[139.46717,35.69352],[139.46762,35.69216],[139.4678,35.69161],[139.46796,35.69112],[139.46863,35.68899],[139.46879,35.68857],[139.4688,35.68854],[139.46892,35.6882],[139.46906,35.68776],[139.46972,35.6859],[139.46985,35.68551],[139.46999,35.68517],[139.47023,35.68463],[139.47063,35.6838],[139.47102,35.68291],[139.47127,35.68233],[139.47158,35.68148],[139.47201,35.68023],[139.47207,35.67997],[139.47209,35.67984],[139.47211,35.67969],[139.47214,35.67955],[139.47222,35.67923],[139.47248,35.67836],[139.47361,35.67536],[139.47391,35.67467],[139.47451,35.67314],[139.4759,35.6699],[139.47664,35.66772],[139.47695,35.66675],[139.47699,35.6666],[139.47699,35.66656],[139.477,35.66649],[139.47699,35.66643],[139.47698,35.66638],[139.47707,35.66577],[139.47722,35.6653]]}},{"type":"Feature","properties":{"line_name":"京急本線"},"geometry":{"type":"LineString","coordinates":[[139.74008,35.6388],[139.73938,35.63746],[139.73879,35.63584],[139.7384,35.63483],[139.73814,35.63374],[139.73816,35.63245],[139.73816,35.63228],[139.73825,35.62888],[139.73826,35.62841],[139.73819,35.62802],[139.73799,35.62774],[139.73796,35.62751],[139.73807,35.62689],[139.73808,35.62684],[139.73842,35.62567],[139.73856,35.62524],[139.73867,35.62505],[139.73897,35.62472],[139.73903,35.62465],[139.73909,35.62452],[139.73911,35.62448],[139.73914,35.62438],[139.73917,35.6243],[139.73923,35.62389],[139.73925,35.62285],[139.73926,35.62261],[139.73929,35.6224],[139.73934,35.62222],[139.73941,35.62205],[139.73974,35.62135],[139.73985,35.62118],[139.74022,35.62063],[139.74062,35.62],[139.74075,35.61972],[139.74097,35.61907],[139.7413,35.61764],[139.74134,35.61744],[139.74137,35.6173],[139.74143,35.61699],[139.74149,35.61672],[139.74154,35.61644],[139.74166,35.61586],[139.74168,35.61576],[139.74222,35.61341],[139.74296,35.61008],[139.74302,35.60979],[139.74303,35.60974],[139.74324,35.60864],[139.74326,35.60857],[139.74349,35.60754],[139.74353,35.60728],[139.74353,35.60695],[139.74347,35.60665],[139.74335,35.60631],[139.74278,35.6055],[139.74275,35.60545],[139.74214,35.60469],[139.74211,35.60465],[139.74155,35.60391],[139.7412,35.60332],[139.74083,35.60255],[139.73977,35.60029],[139.73912,35.59888],[139.7391,35.59884],[139.73879,35.59817],[139.73875,35.59808],[139.7387,35.59796],[139.73865,35.59787],[139.73862,35.59779],[139.73803,35.59654],[139.73764,35.59569],[139.73705,35.59444],[139.73686,35.59403],[139.73656,35.59337],[139.73619,35.59256],[139.73598,35.59188],[139.73596,35.59176],[139.73589,35.59143],[139.73586,35.59114],[139.73572,35.59012],[139.73567,35.58985],[139.73561,35.58944],[139.73558,35.58917],[139.73543,35.58816],[139.73543,35.58811],[139.7353,35.58737],[139.73526,35.58711],[139.73524,35.58705],[139.73523,35.58699],[139.73517,35.58658],[139.73515,35.58628],[139.73513,35.58581],[139.73513,35.58531],[139.73517,35.58464],[139.73523,35.58395],[139.73528,35.58359],[139.73538,35.58312],[139.73544,35.58283],[139.73549,35.58249],[139.73553,35.58216],[139.73553,35.58193],[139.73552,35.58141],[139.73549,35.58114],[139.73546,35.58084],[139.73541,35.58049],[139.73532,35.58008],[139.73519,35.5795],[139.73504,35.5789],[139.73495,35.57862],[139.73485,35.57835],[139.73464,35.5779],[139.73413,35.57703],[139.73387,35.57658],[139.73377,35.57637],[139.73356,35.5759],[139.73328,35.57528],[139.73318,35.575],[139.73258,35.57359],[139.73241,35.57313],[139.73219,35.57279],[139.73183,35.57221],[139.73107,35.57094],[139.73024,35.56971],[139.72942,35.56853],[139.7284,35.56707],[139.72794,35.5665],[139.72716,35.56558],[139.72629,35.56453],[139.72591,35.56402],[139.72541,35.56324],[139.72515659,35.56286733],[139.72473,35.56224],[139.7243,35.56163],[139.724,35.56122],[139.72346,35.56054],[139.72244,35.55928],[139.72141,35.55801],[139.72111,35.55767],[139.72074,35.55723],[139.71967,35.55594],[139.71886,35.55497],[139.71806,35.554],[139.71752,35.55336],[139.71707,35.55284],[139.71672,35.55239],[139.71644,35.55201],[139.71612,35.55149],[139.7152,35.55006],[139.71487,35.54949],[139.71451,35.54893],[139.71347,35.54749],[139.71298,35.54686],[139.71197,35.54565],[139.71071,35.54414],[139.7098,35.54305],[139.70936,35.54254],[139.70846,35.54148],[139.70781,35.54081],[139.70732,35.54025],[139.70582,35.53851],[139.70475,35.53729],[139.70403,35.53643],[139.70352,35.53581],[139.70274,35.53491],[139.7021,35.5342],[139.70132,35.53338],[139.70056,35.53264],[139.70018,35.53224],[139.69943,35.53144],[139.69732,35.52922],[139.69547,35.52725],[139.69342,35.52509],[139.693,35.52465],[139.69172,35.52331],[139.69118,35.52274],[139.69017,35.52165],[139.68944,35.52087],[139.68911,35.52052],[139.68851,35.51992],[139.68764,35.519],[139.68704,35.51833],[139.68677,35.51801],[139.68621,35.51717],[139.68533,35.51575],[139.68455,35.51451],[139.68427,35.51407],[139.6836,35.51301],[139.68303,35.51208],[139.68276,35.5117],[139.6825,35.51137],[139.68222,35.51105],[139.68189,35.51072],[139.68102,35.50992],[139.6799,35.50895],[139.67884,35.50802],[139.67811,35.50725],[139.67773,35.50685],[139.67743,35.50652],[139.67708,35.50604],[139.67668,35.50547],[139.67529,35.50326],[139.67523,35.50317],[139.67497,35.5028],[139.67454,35.50216],[139.67431,35.50183],[139.67415,35.50162],[139.67387,35.50127],[139.67368,35.50108],[139.6732,35.50063],[139.67252,35.50002],[139.67019,35.49804],[139.66896,35.49698],[139.66776,35.49596],[139.66691,35.49524],[139.66636,35.49476],[139.66543,35.49393],[139.66436,35.49303],[139.66333,35.49222],[139.66311,35.49202],[139.66235,35.49136],[139.66205,35.4911],[139.66157,35.4907],[139.66125,35.49043],[139.6612,35.49039],[139.66085,35.49012],[139.65992,35.48945],[139.65941,35.4891],[139.65895,35.48878],[139.65847,35.48849],[139.65794,35.48818],[139.65725,35.48783],[139.6568,35.48762],[139.65634,35.48741],[139.65536,35.48703],[139.65451,35.48667],[139.65357,35.48629],[139.6529,35.48603],[139.65245,35.48589],[139.65182,35.48568],[139.65132,35.48555],[139.65089,35.48545],[139.65054,35.4854],[139.64999,35.48532],[139.64978,35.4853],[139.64949,35.48527],[139.64909,35.48524],[139.64889,35.48522],[139.64855,35.48518],[139.64757,35.48509],[139.6469,35.48503],[139.64669,35.485],[139.6463,35.48491],[139.64572,35.48478],[139.64552,35.48473],[139.64525,35.48466],[139.64488,35.48455],[139.64452,35.4844],[139.64435,35.48433],[139.64394,35.4841],[139.64346,35.48381],[139.64295,35.48347],[139.64282,35.48339],[139.64131,35.48235],[139.64106,35.48219],[139.64078,35.48199],[139.63956,35.48104],[139.63763,35.47959],[139.63679,35.47895],[139.63671,35.47889],[139.63663,35.47883],[139.63604,35.47838],[139.63596,35.47833],[139.63582,35.47822],[139.63541,35.47793],[139.63444,35.47718],[139.63408,35.47691],[139.63263,35.47582],[139.63211,35.47543],[139.63161,35.47505],[139.63112,35.47468],[139.63102,35.4746],[139.6308,35.47445],[139.62971,35.47362],[139.62906,35.47313],[139.62863,35.47264],[139.62764,35.47151],[139.62719,35.47099],[139.62662,35.47034],[139.62611,35.46976],[139.62575,35.46933],[139.62411,35.46748],[139.62388,35.46722],[139.62237,35.46528],[139.62211,35.46494],[139.62201,35.46471],[139.62196,35.46451],[139.62194,35.46435],[139.62194,35.46418],[139.62195,35.46397],[139.62199,35.46354],[139.622,35.46343],[139.622,35.46336],[139.62198,35.46322],[139.62196,35.46315],[139.62186,35.46294],[139.62179,35.4628],[139.62133,35.46227],[139.62115,35.46208],[139.6204,35.46123],[139.61992,35.46068],[139.61929,35.46006],[139.61892,35.45968],[139.61875,35.45944],[139.61861,35.45912],[139.61861,35.45877],[139.61873,35.45835],[139.61936,35.45713],[139.61976,35.45619],[139.6203,35.45503],[139.62059,35.45429],[139.62095,35.45302],[139.62136,35.45155],[139.62151,35.45107],[139.62179,35.45063],[139.62185,35.45056],[139.62216,35.45023],[139.62256,35.44982],[139.62288,35.44947],[139.62329,35.44913],[139.62369,35.44877],[139.62438,35.44817],[139.62481,35.44782],[139.6252,35.4475],[139.6254,35.44734],[139.62558,35.44718],[139.62591,35.44685],[139.62606,35.44668],[139.62621,35.44648],[139.62631,35.44626],[139.62649,35.44597],[139.62652,35.44591],[139.62657,35.44583],[139.6267,35.44556],[139.62685,35.44522],[139.62689,35.44511],[139.62692,35.44499],[139.62695,35.44482],[139.62695,35.44466],[139.62697,35.44448],[139.62697,35.44437],[139.62696,35.44425],[139.62693,35.44413],[139.62691,35.44401],[139.62687,35.44389],[139.62682,35.44377],[139.626,35.44242],[139.62576,35.44203],[139.62558,35.44174],[139.62541,35.44148],[139.62526,35.44129],[139.62495,35.441],[139.62482,35.44088],[139.62466,35.44075],[139.62437,35.44055],[139.624,35.44032],[139.62376,35.44019],[139.62358,35.44009],[139.62349,35.44005],[139.62315,35.4399],[139.62197,35.43951],[139.62179,35.43942],[139.62088,35.43911],[139.61974,35.43876],[139.61821,35.43824],[139.61706,35.43783],[139.61651,35.43764],[139.61606,35.43745],[139.61564,35.43725],[139.61526,35.43714],[139.61427,35.43699],[139.613,35.43679],[139.6129,35.43677],[139.61253,35.4367],[139.61153,35.43653],[139.60974,35.43621],[139.60917,35.4361],[139.60883,35.43606],[139.60846,35.43602],[139.60823,35.43598],[139.60797,35.4359],[139.6076,35.43579],[139.60738,35.4357],[139.60698,35.43557],[139.60676,35.43548],[139.60541,35.43502],[139.60451,35.43476],[139.60423,35.43469],[139.60335,35.43448],[139.60312,35.43442],[139.6017,35.43413],[139.60132,35.43406],[139.60118,35.43402],[139.59987,35.43373],[139.59944,35.43364],[139.59885,35.43352],[139.59829,35.43339],[139.59784,35.43323],[139.59749,35.43303],[139.59724,35.43284],[139.59693,35.43262],[139.59665,35.43233],[139.59643,35.43204],[139.59618,35.43159],[139.59605,35.43125],[139.59598,35.43095],[139.59594,35.43079],[139.59591,35.43061],[139.59593,35.42994],[139.59595,35.42909],[139.59602,35.42851],[139.5961,35.42731],[139.59617,35.42694],[139.59625,35.42651],[139.59652,35.42534],[139.59679,35.42449],[139.59703,35.42371],[139.59731,35.42278],[139.59752,35.42201],[139.59776,35.42088],[139.59781,35.42058],[139.59774,35.41994],[139.59771,35.41958],[139.59766,35.41912],[139.5976,35.41863],[139.59744,35.41787],[139.59703,35.41623],[139.597,35.41609],[139.59672,35.41488],[139.59662,35.41431],[139.59658,35.41394],[139.59654,35.41345],[139.59655,35.41269],[139.59654,35.41244],[139.59655,35.41225],[139.59655,35.41188],[139.59657,35.41118],[139.59658,35.41026],[139.59664,35.40843],[139.59668,35.40702],[139.59677,35.40629],[139.59689,35.40584],[139.59713,35.4051],[139.59758,35.40416],[139.59822,35.40296],[139.59856,35.40234],[139.59889,35.40187],[139.599,35.40173],[139.59909,35.4016],[139.59946,35.40128],[139.6002,35.40072],[139.60085,35.40021],[139.60104,35.40004],[139.60128,35.39983],[139.60169,35.39932],[139.6023,35.39847],[139.60251,35.39817],[139.60255,35.3981],[139.60302,35.39763],[139.60337,35.39738],[139.60373,35.3972],[139.60415,35.39706],[139.60484,35.39692],[139.60675,35.39649],[139.60689,35.39645],[139.6075,35.39629],[139.60811,35.39607],[139.6085,35.39583],[139.60872,35.39566],[139.60909,35.39538],[139.60954,35.39498],[139.60973,35.3948],[139.60992,35.39462],[139.60997,35.39458],[139.61091,35.39368],[139.61143,35.39315],[139.61161,35.39296],[139.61188,35.39264],[139.61215,35.39231],[139.6124,35.39193],[139.61258,35.39161],[139.61275,35.3913],[139.61297,35.39076],[139.61322,35.39],[139.61347,35.38894],[139.61366,35.38808],[139.61388,35.38741],[139.61407,35.38688],[139.61442,35.38617],[139.61491,35.38523],[139.61503,35.38501],[139.61541,35.38427],[139.61581,35.38354],[139.61617,35.38284],[139.61798,35.37937],[139.61837,35.37861],[139.61851,35.37837],[139.61887,35.37778],[139.61911,35.37741],[139.61946,35.37706],[139.62003,35.3766],[139.6205,35.37625],[139.62073,35.37611],[139.62111,35.37588],[139.62122,35.37582],[139.62143,35.37569],[139.62179,35.37548],[139.62263,35.37497],[139.624,35.3743],[139.62435,35.3742],[139.62506,35.37405],[139.6257,35.37389],[139.62612,35.37379],[139.62645,35.37367],[139.62701,35.3733],[139.62814,35.37236],[139.62859,35.37194],[139.62875,35.37166],[139.62891,35.37128],[139.62909,35.37062],[139.62919,35.3701],[139.62944,35.36879],[139.6296,35.36774],[139.62964,35.36751],[139.62969,35.36723],[139.62983,35.36619],[139.62991,35.36543],[139.62986,35.36506],[139.62962,35.36244],[139.62947,35.36119],[139.62936,35.36075],[139.62918,35.36041],[139.62891,35.35988],[139.62827,35.35858],[139.62806,35.35818],[139.62793,35.35764],[139.62794,35.35684],[139.62797,35.35542],[139.62801,35.35428],[139.62799,35.354],[139.62786,35.35337],[139.6277,35.35281],[139.62749,35.35225],[139.62711,35.35158],[139.62707,35.35152],[139.62692,35.3513],[139.62625,35.35069],[139.62541,35.35],[139.6251,35.34973],[139.62485,35.34943],[139.62426,35.34844],[139.62336,35.34699],[139.62314,35.34664],[139.62251,35.34576],[139.62233,35.34547],[139.62214,35.34478],[139.62189,35.34372],[139.62179,35.3433],[139.62165,35.34277],[139.6213,35.34158],[139.62082,35.33974],[139.62078,35.3396],[139.62066,35.33915],[139.6206,35.33895],[139.62043,35.33834],[139.62027,35.33773],[139.62017,35.33731],[139.62014,35.33702],[139.62014,35.33661],[139.62014,35.33625],[139.62013,35.3341],[139.62012,35.33283],[139.62011,35.33179],[139.62014,35.33047],[139.62013,35.32979],[139.6201,35.32928],[139.62007,35.32895],[139.62001,35.3285],[139.61993,35.32809],[139.61988,35.32788],[139.61981,35.32759],[139.61978,35.32749],[139.61973,35.32719],[139.61967,35.32696],[139.61957,35.32665],[139.61946,35.32633],[139.61934,35.32601],[139.61919,35.32554],[139.61913,35.32531],[139.61906,35.32506],[139.61897,35.32478],[139.61893,35.32458],[139.61888,35.32438],[139.61885,35.32413],[139.61882,35.32389],[139.61884,35.32361],[139.61885,35.32343],[139.61894,35.32301],[139.61898,35.32285],[139.61908,35.32254],[139.61922,35.32221],[139.6195,35.32175],[139.61984,35.32117],[139.62021,35.32054],[139.62037,35.32027],[139.62054,35.32],[139.62076,35.31964],[139.62088,35.31946],[139.621,35.31932],[139.62123,35.31905],[139.62144,35.31884],[139.62164,35.31866],[139.62172,35.31858],[139.62179,35.31853],[139.62222,35.31826],[139.62238,35.31814],[139.62251,35.31805],[139.62302,35.31771],[139.62352,35.31738],[139.62385,35.31713],[139.62414,35.31686],[139.62431,35.31664],[139.62459,35.31632],[139.62473,35.31617],[139.62489,35.31585],[139.62495,35.31561],[139.62504,35.31527],[139.6251,35.31493],[139.62508,35.31456],[139.62508,35.31453],[139.62505,35.31433],[139.62492,35.3139],[139.62462,35.31304],[139.6244,35.31226],[139.62413,35.31146],[139.62393,35.31069],[139.62391,35.31044],[139.62394,35.30872],[139.62398,35.30786],[139.62401,35.30719],[139.62399,35.30693],[139.62397,35.30667],[139.62386,35.30627],[139.62367,35.30566],[139.62359,35.30538],[139.62353,35.30489],[139.62351,35.30438],[139.62353,35.30415],[139.62365,35.30367],[139.62375,35.30338],[139.62391,35.30293],[139.62405,35.3026],[139.62417,35.30237],[139.62433,35.3021],[139.62454,35.3018],[139.62469,35.30162],[139.62482,35.30146],[139.62525,35.30094],[139.62557,35.30059],[139.62567,35.30045],[139.62577,35.30031],[139.62597,35.30002],[139.62612,35.29974],[139.62624,35.29946],[139.62647,35.2988],[139.62657,35.29829],[139.62667,35.29768],[139.62684,35.29652],[139.62692,35.29605],[139.62699,35.2956],[139.62708,35.29511],[139.62716,35.29462],[139.62721,35.29422],[139.62728,35.29388],[139.62744,35.29336],[139.62755,35.29311],[139.62761,35.29295],[139.62772,35.29272],[139.62794,35.29227],[139.628,35.29214],[139.62846,35.29151],[139.6288,35.29108],[139.62932,35.29063],[139.62954,35.29047],[139.62964,35.29039],[139.62978,35.29029],[139.63015,35.29001],[139.63138,35.28907],[139.63169,35.28885],[139.63178,35.28878],[139.63202,35.28862],[139.63261,35.28817],[139.63313,35.28781],[139.63358,35.28748],[139.63388,35.28727],[139.63423,35.28707],[139.63452,35.28693],[139.63474,35.28685],[139.63495,35.28676],[139.63597,35.28656],[139.63684,35.2864],[139.63735,35.28632],[139.63802,35.28625],[139.63863,35.28621],[139.63889,35.28623],[139.63915,35.28628],[139.63964,35.28637],[139.64035,35.28652],[139.64076,35.28659],[139.64103,35.28663],[139.64126,35.28667],[139.64175,35.28671],[139.64238,35.28673],[139.64261,35.28671],[139.64271,35.28671],[139.64303,35.28666],[139.64338,35.2866],[139.64362,35.28653],[139.64373,35.28649],[139.64393,35.28642],[139.64417,35.28633],[139.64439,35.28623],[139.64461,35.28609],[139.64514,35.28575],[139.64535,35.28559],[139.6459,35.28519],[139.6461,35.28503],[139.64644,35.2848],[139.64668,35.28461],[139.64755,35.28397],[139.64813,35.28357],[139.64856,35.28332],[139.64883,35.28303],[139.64995,35.28222],[139.65012,35.2821],[139.65069,35.28172],[139.65095,35.28154],[139.65143,35.28122],[139.65148,35.2812],[139.65151,35.28118],[139.65154,35.28117],[139.65173,35.28105],[139.652,35.28092],[139.65253,35.28065],[139.65284,35.28051],[139.65306,35.28041],[139.65326,35.28036],[139.65348,35.28032],[139.65369,35.28029],[139.65387,35.28027],[139.65573,35.28024],[139.65834,35.28019],[139.65899,35.2802],[139.66133,35.28025],[139.66184,35.28029],[139.66319,35.28034],[139.66338,35.28035],[139.66346,35.28035],[139.66454,35.28023],[139.66563,35.28014],[139.66672,35.27994],[139.66781,35.27959],[139.66878,35.27922],[139.6691,35.27911],[139.66937,35.27902],[139.66947,35.27899],[139.66959,35.27894],[139.66966,35.27891],[139.66976,35.27886],[139.66995,35.27877],[139.67072,35.27837],[139.6708,35.27832],[139.67095,35.27824],[139.67106,35.27817],[139.67128,35.27805],[139.672,35.27757],[139.67246,35.27724],[139.67282,35.27684],[139.67303,35.27663],[139.67329,35.27627],[139.6736,35.2759],[139.67397,35.27539],[139.67428,35.27492],[139.67435,35.27464],[139.67443,35.2744],[139.67446,35.27416],[139.67447,35.2739],[139.67447,35.27338],[139.67448,35.27316],[139.6745,35.27293],[139.67454,35.27262],[139.67458,35.27246],[139.67464,35.27227],[139.67469,35.27215],[139.67478,35.27197],[139.67485,35.27182],[139.67493,35.27168],[139.67511,35.27142],[139.67525,35.27124],[139.67538,35.27109],[139.67551,35.27096],[139.67576,35.27069],[139.6759,35.27058],[139.67611,35.27041],[139.67668,35.27001],[139.67708,35.26974],[139.67719,35.26967],[139.67728,35.2696],[139.67748,35.26947],[139.67786,35.26926],[139.6781,35.26912],[139.67835,35.26899],[139.67886,35.26869],[139.67911,35.26855],[139.67917,35.26852],[139.68005,35.26803],[139.68092,35.26756],[139.68185,35.26705],[139.68216,35.26687],[139.68242,35.26671],[139.68249,35.26665],[139.68265,35.26651],[139.68318,35.26595],[139.68371,35.26545],[139.68418,35.265],[139.68464,35.26458],[139.68474,35.26449],[139.68487,35.2644],[139.68498,35.26432],[139.68503,35.26429],[139.68508,35.26425],[139.68542,35.26402],[139.68635,35.26351],[139.68772,35.26279],[139.6878,35.26276],[139.6879,35.26271],[139.68812,35.26261],[139.68883,35.26235],[139.6892,35.26223],[139.68942,35.26217],[139.68964,35.26214],[139.69026,35.2621],[139.69088,35.26207],[139.69149,35.26203],[139.69187,35.26201],[139.69218,35.26198],[139.69236,35.26197],[139.69283,35.26192],[139.6932,35.2619],[139.6933,35.26188],[139.6934,35.26185],[139.69347,35.26182],[139.69357,35.26179],[139.6946,35.26133],[139.69614,35.26068],[139.69671,35.26044],[139.69771,35.26003],[139.69842,35.25975],[139.69893,35.25956],[139.6993,35.25942],[139.69997,35.25922],[139.70023,35.25917],[139.70061,35.25913],[139.70127,35.2591],[139.70214,35.25913],[139.70273,35.25919],[139.70324,35.25927],[139.70359,35.25932],[139.70422,35.25942],[139.70437,35.25945],[139.70461,35.25948],[139.7048,35.25952],[139.7052,35.25957],[139.70525,35.25958],[139.70546,35.2596],[139.70561,35.2596],[139.70578,35.2596],[139.70603,35.25959],[139.70699,35.25958],[139.70884,35.25954],[139.70918,35.2595],[139.70962,35.25943],[139.71007,35.25934],[139.71049,35.25921],[139.71078,35.25907],[139.71124,35.25881],[139.71186,35.25837],[139.71198,35.25828],[139.71235,35.25797],[139.71253,35.25781],[139.71282,35.25744],[139.7133,35.25662],[139.71354,35.25603],[139.71389,35.25511],[139.71429,35.25429],[139.71479,35.25329],[139.71488,35.25306],[139.71495,35.25286],[139.715,35.25261],[139.71505,35.25219],[139.71507,35.2519],[139.71506,35.25156],[139.71502,35.25112]]}},{"type":"Feature","properties":{"line_name":"京成本線"},"geometry":{"type":"LineString","coordinates":[[140.38551,35.76452],[140.3871,35.76693],[140.3877,35.7678],[140.388,35.76828],[140.38883,35.76973],[140.38893,35.77001],[140.38896,35.77025],[140.38893,35.77063],[140.3889,35.77096],[140.38882,35.77116],[140.38866,35.77143],[140.38846,35.77178],[140.38676,35.77414],[140.3865,35.77451],[140.38618,35.77491],[140.3861,35.77504],[140.38585,35.77542],[140.38556,35.77584],[140.38531,35.77623],[140.38504,35.77657],[140.38496,35.77668],[140.38449,35.77733],[140.38415,35.77749],[140.38381,35.77766],[140.38341,35.77775],[140.38308,35.77779],[140.38269,35.77778],[140.38245,35.77771],[140.38211,35.77762],[140.38177,35.77744],[140.38135,35.77715],[140.38088,35.77683],[140.3804,35.77646],[140.38012,35.77629],[140.3797,35.7761],[140.37931,35.77594],[140.37915,35.7759],[140.37878,35.77586],[140.37849,35.77583],[140.37806,35.77581],[140.37607,35.77649],[140.37598,35.77651],[140.37558,35.77666],[140.37496,35.77686],[140.37494,35.77688],[140.37462,35.77699],[140.37439,35.77707],[140.37171,35.77789],[140.37079,35.77799],[140.37043,35.77801],[140.37003,35.77803],[140.36923,35.77808],[140.36881,35.77807],[140.36806,35.77804],[140.36754,35.77799],[140.36726,35.77796],[140.36684,35.77789],[140.36621,35.77775],[140.36587,35.77767],[140.36508,35.77745],[140.36434,35.77724],[140.36285,35.77679],[140.36284,35.77678],[140.36277,35.77678],[140.36264,35.77673],[140.36241,35.77666],[140.36234,35.77665],[140.36195,35.77652],[140.36173,35.77647],[140.35966,35.77592],[140.35951,35.77589],[140.35909,35.77578],[140.35864,35.77568],[140.35808,35.77555],[140.3576,35.77544],[140.35743,35.77542],[140.3574,35.77541],[140.3568,35.77532],[140.35601,35.77525],[140.35569,35.77522],[140.35519,35.77517],[140.35513,35.77517],[140.35414,35.77508],[140.35384,35.77505],[140.35382,35.77506],[140.35286,35.77496],[140.35276,35.77497],[140.35158,35.77485],[140.3515,35.77486],[140.3512,35.77483],[140.35116,35.77482],[140.35056,35.77478],[140.35008,35.77473],[140.34984,35.77471],[140.34903,35.77463],[140.34854,35.77458],[140.34847,35.77459],[140.34827,35.77456],[140.34808,35.77455],[140.3478,35.77452],[140.34776,35.77453],[140.34775,35.77452],[140.34768,35.77451],[140.34762,35.77451],[140.3471,35.77446],[140.34678,35.77443],[140.34674,35.77442],[140.3458,35.77435],[140.34571,35.77434],[140.34464,35.77426],[140.34425,35.77423],[140.34343,35.77417],[140.34246,35.77411],[140.34159,35.77406],[140.34104,35.77403],[140.34048,35.77401],[140.33969,35.77402],[140.33823,35.77407],[140.33791,35.7741],[140.33777,35.77411],[140.33718,35.77416],[140.33679,35.77419],[140.33676,35.7742],[140.33627,35.77425],[140.3359,35.77429],[140.33526,35.77438],[140.335,35.77443],[140.33462,35.77449],[140.33437,35.77454],[140.33378,35.77466],[140.33302,35.77482],[140.33256,35.77492],[140.33248,35.77495],[140.33203,35.77505],[140.33152,35.7752],[140.33141,35.77523],[140.33107,35.77533],[140.33082,35.7754],[140.33069,35.77544],[140.33055,35.77549],[140.33043,35.77551],[140.33,35.77566],[140.32991,35.77567],[140.32943,35.77584],[140.32936,35.77586],[140.32909,35.77596],[140.32839,35.77623],[140.32822,35.7763],[140.32783,35.77647],[140.32773,35.77651],[140.3274,35.77666],[140.32713,35.77678],[140.32679,35.77694],[140.32604,35.7773],[140.32516,35.77772],[140.32515,35.77773],[140.32404,35.77826],[140.32335,35.77857],[140.32291,35.77874],[140.32288,35.77875],[140.32264,35.77882],[140.32231,35.77891],[140.32193,35.77897],[140.32165,35.779],[140.32131,35.77902],[140.32075,35.77901],[140.32044,35.77899],[140.31997,35.77891],[140.31982,35.77887],[140.31968,35.77884],[140.31929,35.7787],[140.31922,35.77869],[140.3188,35.77851],[140.31849,35.77835],[140.3181,35.77809],[140.3177,35.77782],[140.31732,35.77754],[140.31699,35.77731],[140.31667,35.77709],[140.31666,35.77708],[140.31663,35.77707],[140.31653,35.77699],[140.31651,35.77699],[140.31612,35.77671],[140.31481,35.77583],[140.31464,35.77569],[140.3146,35.77567],[140.31457,35.77564],[140.31452,35.77562],[140.31422,35.77536],[140.31419,35.77535],[140.31332,35.77465],[140.31319,35.77455],[140.3129,35.7743],[140.31229,35.77375],[140.31219,35.77365],[140.31191,35.7734],[140.31157,35.77303],[140.31121,35.77258],[140.31085,35.77218],[140.31049,35.77183],[140.31028,35.77167],[140.31009,35.77154],[140.30989,35.77142],[140.30988,35.77142],[140.3098,35.77136],[140.30975,35.77134],[140.30962,35.77128],[140.30954,35.77124],[140.30947,35.77119],[140.30909,35.77103],[140.30882,35.77092],[140.30857,35.77083],[140.30797,35.77066],[140.30788,35.77062],[140.30777,35.77057],[140.30767,35.77051],[140.30742,35.77029],[140.30718,35.77004],[140.30582,35.76856],[140.30568,35.76842],[140.30554,35.76826],[140.3055,35.76822],[140.3054,35.76811],[140.30538,35.7681],[140.30517,35.76788],[140.30516,35.76785],[140.30502,35.76771],[140.30491,35.7676],[140.30443,35.76707],[140.30427,35.76689],[140.30387,35.76645],[140.30369,35.76623],[140.30337,35.76593],[140.30315,35.76577],[140.30295,35.76566],[140.30275,35.76559],[140.30188,35.76536],[140.30127,35.76513],[140.30094,35.76498],[140.30089,35.76496],[140.30071,35.76486],[140.30051,35.76472],[140.30047,35.76469],[140.30032,35.76459],[140.30017,35.76444],[140.3,35.76426],[140.29945,35.76364],[140.2989,35.76295],[140.29852,35.7625],[140.29802,35.76204],[140.2977,35.76176],[140.29695,35.76122],[140.29658,35.7609],[140.29643,35.76082],[140.29619,35.76072],[140.29589,35.76062],[140.2956,35.76054],[140.29486,35.76033],[140.29403,35.76009],[140.29366,35.75996],[140.29268,35.75965],[140.29206,35.75946],[140.28913,35.75855],[140.28865,35.7584],[140.28715,35.75793],[140.28628,35.75765],[140.28573,35.75742],[140.28553,35.75733],[140.28531,35.75721],[140.28507,35.75707],[140.285,35.757],[140.28475,35.75683],[140.28438,35.7565],[140.2843,35.75644],[140.28376,35.75592],[140.2837,35.75585],[140.28367,35.75583],[140.28336,35.7555],[140.28331,35.75544],[140.28266,35.75454],[140.2824,35.75419],[140.28206,35.75379],[140.2816,35.75324],[140.2811,35.75274],[140.28031,35.75196],[140.2783,35.74999],[140.27718,35.74886],[140.27575,35.74741],[140.27514,35.74676],[140.27491,35.74646],[140.27465,35.74602],[140.27425,35.74537],[140.27389,35.74467],[140.27366,35.7442],[140.27305,35.74294],[140.27288,35.74251],[140.27278,35.74224],[140.2725,35.74131],[140.27225,35.74043],[140.27206,35.73976],[140.27194,35.73936],[140.27179,35.73903],[140.27157,35.73858],[140.27129,35.73814],[140.271,35.73776],[140.27065,35.73739],[140.2697,35.73644],[140.26925,35.73599],[140.26895,35.73567],[140.26876,35.73549],[140.26837,35.73521],[140.26797,35.735],[140.26755,35.73486],[140.26692,35.73469],[140.26577,35.7344],[140.26328,35.73377],[140.26139,35.7333],[140.26124,35.73326],[140.25999,35.73295],[140.25712,35.73224],[140.25404,35.73146],[140.25339,35.73128],[140.25274,35.73098],[140.25109,35.73012],[140.25102,35.73008],[140.25042,35.72978],[140.24952,35.72931],[140.24883,35.72893],[140.24839,35.72862],[140.24752,35.72799],[140.24672,35.72731],[140.24669,35.72729],[140.24614,35.72696],[140.24588,35.72683],[140.24568,35.72673],[140.245,35.72647],[140.24483,35.7264],[140.24441,35.72627],[140.24395,35.72615],[140.24372,35.72609],[140.24334,35.72602],[140.2433,35.72602],[140.24285,35.72596],[140.24259,35.72594],[140.24206,35.72592],[140.24175,35.72592],[140.24129,35.72591],[140.24017,35.72587],[140.23921,35.72585],[140.23859,35.72583],[140.23852,35.72583],[140.23844,35.72583],[140.23596,35.72575],[140.23494,35.72571],[140.23439,35.72566],[140.23408,35.72561],[140.23388,35.72559],[140.23311,35.72544],[140.23285,35.72539],[140.23232,35.72533],[140.23218,35.72532],[140.23211,35.72532],[140.23205,35.72531],[140.23172,35.72529],[140.23072,35.72524],[140.22901,35.72517],[140.22853,35.72515],[140.22801,35.72512],[140.2279,35.72512],[140.22757,35.72511],[140.22717,35.72509],[140.22697,35.72509],[140.22674,35.72512],[140.22651,35.72516],[140.22621,35.72524],[140.22604,35.72529],[140.22581,35.72536],[140.22553,35.72546],[140.22495,35.72573],[140.22407,35.72614],[140.22406,35.72615],[140.22316,35.72658],[140.22258,35.72684],[140.22217,35.72703],[140.22183,35.7272],[140.2215,35.72734],[140.22087,35.72759],[140.22049,35.72773],[140.22047,35.72774],[140.21829,35.72858],[140.21748,35.7289],[140.21659,35.72925],[140.21579,35.72955],[140.21515,35.7298],[140.21477,35.72998],[140.21439,35.73024],[140.2141,35.7305],[140.2139,35.73072],[140.2137,35.73095],[140.21328,35.73146],[140.21292,35.73193],[140.21202,35.73302],[140.21184,35.73325],[140.21165,35.7335],[140.2114,35.7338],[140.21087,35.73422],[140.21057,35.73443],[140.20956,35.73502],[140.20942,35.73509],[140.20863,35.73555],[140.20848,35.73562],[140.20817,35.7358],[140.20762,35.73611],[140.20365,35.73832],[140.20295,35.7387],[140.20237,35.73901],[140.20214,35.7391],[140.20194,35.73918],[140.20165,35.73925],[140.2013,35.73929],[140.20095,35.73929],[140.20065,35.73926],[140.19968,35.73902],[140.19847,35.7387],[140.19829,35.73865],[140.19471,35.7377],[140.19423,35.73758],[140.19012,35.73649],[140.18992,35.73643],[140.18977,35.73639],[140.18921,35.73625],[140.18912,35.73623],[140.18905,35.73621],[140.18782,35.73588],[140.18741,35.73576],[140.18734,35.73575],[140.18716,35.73569],[140.18683,35.73559],[140.18667,35.73553],[140.18624,35.73534],[140.18599,35.73519],[140.18578,35.73506],[140.18557,35.7349],[140.18549,35.73484],[140.18511,35.73448],[140.1846,35.73392],[140.18448,35.73379],[140.18445,35.73377],[140.18435,35.73365],[140.18422,35.73353],[140.18412,35.73342],[140.18343,35.73271],[140.18278,35.73205],[140.18271,35.73197],[140.18266,35.73193],[140.18256,35.73182],[140.18243,35.7317],[140.18224,35.73149],[140.18207,35.73133],[140.18167,35.73091],[140.1813,35.73053],[140.18031,35.72952],[140.17985,35.72904],[140.17933,35.72852],[140.17916,35.72833],[140.17864,35.72782],[140.17822,35.72749],[140.17746,35.72701],[140.17691,35.72671],[140.17629,35.72652],[140.17491,35.72619],[140.17464,35.72613],[140.17434,35.72605],[140.17393,35.72596],[140.17307,35.72575],[140.17183,35.72544],[140.17152,35.72537],[140.17115,35.72528],[140.1703,35.72507],[140.16976,35.72495],[140.16941,35.72487],[140.16904,35.72478],[140.16814,35.72458],[140.16738,35.72439],[140.16677,35.72425],[140.16614,35.7241],[140.16582,35.72402],[140.16544,35.72394],[140.16514,35.72386],[140.16472,35.72377],[140.16446,35.72371],[140.16428,35.72366],[140.16292,35.72335],[140.16194,35.72314],[140.16169,35.72308],[140.16029,35.72274],[140.15993,35.72266],[140.1598,35.72262],[140.15968,35.7226],[140.15943,35.72253],[140.15915,35.72247],[140.15884,35.72239],[140.15809,35.72221],[140.15778,35.72214],[140.15732,35.72204],[140.15698,35.72197],[140.1568,35.72193],[140.15641,35.72184],[140.15535,35.72158],[140.15465,35.72141],[140.15425,35.72132],[140.15352,35.72115],[140.1532,35.72107],[140.15294,35.72101],[140.15281,35.72098],[140.15232,35.72086],[140.15205,35.7208],[140.15118,35.7206],[140.15068,35.72043],[140.15013,35.72018],[140.15007,35.72016],[140.14955,35.71982],[140.14888,35.71934],[140.14846,35.71903],[140.14805,35.71872],[140.14789,35.7186],[140.14773,35.7185],[140.14751,35.71836],[140.14711,35.71814],[140.1469,35.71803],[140.14636,35.7178],[140.1463,35.71778],[140.14589,35.71763],[140.1456,35.71755],[140.14533,35.71747],[140.14453,35.71734],[140.14421,35.7173],[140.14371,35.71726],[140.14315,35.7172],[140.14214,35.7171],[140.14132,35.71701],[140.1413,35.71701],[140.13999,35.71688],[140.13938,35.71681],[140.13899,35.71676],[140.13872,35.71674],[140.13849,35.71672],[140.1384,35.71671],[140.13799,35.71666],[140.1376,35.71662],[140.13727,35.71659],[140.13633,35.71648],[140.13626,35.71648],[140.13613,35.71646],[140.13584,35.71643],[140.13523,35.71636],[140.13497,35.71633],[140.1349,35.71633],[140.13392,35.71622],[140.13369,35.71619],[140.13342,35.71617],[140.13267,35.71609],[140.12806,35.71559],[140.12796,35.71559],[140.12786,35.71557],[140.1277,35.71555],[140.12724,35.7155],[140.12685,35.71547],[140.12524,35.71531],[140.12476,35.71526],[140.12406,35.71518],[140.12391,35.71517],[140.12321,35.7151],[140.12247,35.71502],[140.12227,35.715],[140.12173,35.71498],[140.1202,35.71481],[140.11747,35.71456],[140.11654,35.71449],[140.11535,35.71437],[140.115,35.71433],[140.11426,35.71424],[140.11381,35.71418],[140.11342,35.71411],[140.11308,35.71402],[140.11283,35.71395],[140.1121,35.71369],[140.11183,35.7136],[140.10925,35.71259],[140.10801,35.71213],[140.10736,35.71188],[140.10672,35.71163],[140.10633,35.71146],[140.10497,35.71089],[140.10423,35.71057],[140.10378,35.71038],[140.10364,35.71031],[140.10234,35.70968],[140.10176,35.70939],[140.10112,35.70908],[140.09979,35.70843],[140.09912,35.70804],[140.09866,35.70771],[140.09808,35.70727],[140.09681,35.70624],[140.09624,35.70577],[140.09392,35.7039],[140.09135,35.70182],[140.09019,35.70089],[140.08837,35.69942],[140.08802,35.69914],[140.08668,35.69803],[140.0859,35.6974],[140.08523,35.69668],[140.08449,35.69585],[140.08439,35.69573],[140.08342,35.69467],[140.0824,35.69352],[140.08229,35.69341],[140.08221,35.69331],[140.08088,35.69183],[140.0788,35.68951],[140.07851,35.68922],[140.07818,35.68897],[140.07803,35.68888],[140.07782,35.68878],[140.0775,35.68866],[140.07746,35.68865],[140.07722,35.6886],[140.07584,35.68834],[140.07382,35.68795],[140.06908,35.68703],[140.06875,35.68697],[140.06741,35.68673],[140.06555,35.68637],[140.06434,35.68615],[140.06383,35.68606],[140.06291,35.68596],[140.06211,35.68591],[140.05968,35.68591],[140.05737,35.68591],[140.05472,35.68591],[140.05233,35.68592],[140.05073,35.68593],[140.04917,35.68592],[140.04804,35.68593],[140.04786,35.68593],[140.04657,35.68594],[140.04542,35.68589],[140.0446,35.6858],[140.04401,35.68568],[140.04361,35.68554],[140.04298,35.68529],[140.04129,35.68443],[140.04045,35.68401],[140.04033,35.68395],[140.0402,35.68388],[140.03742,35.68247],[140.03616,35.68195],[140.03445,35.68141],[140.03295,35.68098],[140.03249,35.68088],[140.03215,35.68082],[140.03198,35.68079],[140.03172,35.68077],[140.03133,35.68077],[140.0308,35.68086],[140.0303,35.68098],[140.02996,35.68121],[140.02886,35.68187],[140.02748,35.68273],[140.02742,35.68276],[140.02687,35.68304],[140.0259,35.68343],[140.02558,35.68349],[140.02411,35.68379],[140.02381,35.68385],[140.02307,35.68399],[140.02258,35.68408],[140.02237,35.68412],[140.02134,35.6843],[140.02023,35.6844],[140.01965,35.68439],[140.01788,35.68439],[140.01582,35.68439],[140.01533,35.68439],[140.01154,35.68439],[140.01093,35.68441],[140.01051,35.68442],[140.00949,35.68456],[140.00903,35.68467],[140.00849,35.68487],[140.00777,35.68521],[140.00763,35.68528],[140.0074,35.68541],[140.00695,35.68566],[140.00553,35.68642],[140.0035,35.6875],[140.00341,35.68755],[140.00211,35.68821],[140.00096,35.68862],[140.00055,35.68875],[139.99884,35.68928],[139.99797,35.68961],[139.99768,35.68975],[139.99733,35.68993],[139.99704,35.69006],[139.99675,35.69023],[139.99469,35.69137],[139.99268,35.69252],[139.99246,35.69268],[139.99215,35.69294],[139.99197,35.69311],[139.99168,35.69349],[139.99155,35.69365],[139.99137,35.69396],[139.99119,35.69429],[139.99109,35.6946],[139.991,35.69489],[139.99096,35.69524],[139.99099,35.69554],[139.99126,35.6967],[139.99141,35.69734],[139.99154,35.6979],[139.99166,35.69848],[139.99171,35.69869],[139.99173,35.69895],[139.99173,35.69914],[139.9917,35.69931],[139.99167,35.69942],[139.99163,35.69958],[139.99158,35.6997],[139.99148,35.69989],[139.99142,35.7],[139.99135,35.70009],[139.99121,35.70025],[139.99097,35.70044],[139.99082,35.70053],[139.99056,35.70063],[139.99022,35.70071],[139.98993,35.70077],[139.98948,35.70083],[139.98879,35.70089],[139.98837,35.70089],[139.98818,35.70087],[139.98751,35.70074],[139.98705,35.70061],[139.98619,35.70036],[139.98591,35.70029],[139.98503,35.69998],[139.98484,35.69991],[139.98479,35.69989],[139.98462,35.69986],[139.98443,35.69985],[139.98424,35.69988],[139.98393,35.69993],[139.98379,35.69995],[139.98357,35.69999],[139.98182,35.70053],[139.98079,35.70085],[139.9805,35.70098],[139.98023,35.70111],[139.97993,35.70135],[139.97967,35.70161],[139.97936,35.70207],[139.97917,35.70236],[139.97894,35.70276],[139.9787,35.7031],[139.9784,35.70341],[139.97819,35.70358],[139.97799,35.70373],[139.97784,35.70382],[139.97766,35.70389],[139.97693,35.70411],[139.97662,35.70417],[139.97597,35.70427],[139.97558,35.70433],[139.97456,35.70449],[139.97432,35.70455],[139.97405,35.70462],[139.97375,35.70473],[139.97347,35.70487],[139.97313,35.70506],[139.97223,35.70564],[139.97213,35.70569],[139.97144,35.70616],[139.97118,35.70631],[139.97028,35.70688],[139.9678,35.70845],[139.96584,35.70972],[139.96533,35.71004],[139.96475,35.71038],[139.9645,35.71047],[139.96408,35.71062],[139.96383,35.71064],[139.96315,35.71072],[139.96052,35.71093],[139.96036,35.71094],[139.9602,35.711],[139.95975,35.71119],[139.95927,35.71146],[139.95842,35.71192],[139.95756,35.71243],[139.95635,35.71315],[139.95531,35.71367],[139.95486,35.71382],[139.9531,35.7143],[139.95217,35.71454],[139.95203,35.71458],[139.95007,35.71511],[139.94818,35.71564],[139.9473,35.71588],[139.94709,35.71595],[139.94653,35.71612],[139.94601,35.71629],[139.94555,35.71648],[139.94544,35.71652],[139.94518,35.71662],[139.94493,35.71673],[139.94383,35.71717],[139.94374,35.7172],[139.94357,35.71727],[139.94133,35.71818],[139.93991,35.71876],[139.93893,35.71923],[139.9383,35.71955],[139.93743,35.71998],[139.93732,35.72004],[139.93716,35.72013],[139.93613,35.72069],[139.93549,35.72101],[139.93519,35.72116],[139.93509,35.7212],[139.93451,35.72147],[139.9341,35.72159],[139.93337,35.72173],[139.93184,35.722],[139.93159,35.72205],[139.93114,35.72216],[139.9307,35.72232],[139.93055,35.72238],[139.93038,35.72248],[139.93008,35.72268],[139.92944,35.72307],[139.92875,35.7235],[139.92854,35.72362],[139.9278,35.7241],[139.92734,35.72439],[139.92687,35.72468],[139.92557,35.72533],[139.9253,35.72547],[139.92415,35.72602],[139.92254,35.72677],[139.92008,35.72796],[139.91994,35.72802],[139.91885,35.72853],[139.91848,35.7287],[139.91789,35.72893],[139.91703,35.72927],[139.91621,35.72955],[139.91564,35.72974],[139.91424,35.73022],[139.91404,35.73029],[139.91299,35.73067],[139.91233,35.73095],[139.91202,35.7311],[139.91154,35.7314],[139.91123,35.73162],[139.91065,35.7322],[139.90971,35.73318],[139.90937,35.73353],[139.90921,35.73369],[139.90874,35.73415],[139.90852,35.73437],[139.90783,35.73506],[139.9077,35.73515],[139.90755,35.73526],[139.90721,35.73544],[139.90696,35.73555],[139.90667,35.73565],[139.90653,35.73569],[139.90609,35.7358],[139.90566,35.7359],[139.90472,35.73609],[139.90444,35.73614],[139.90426,35.73618],[139.90282,35.73644],[139.90264,35.73648],[139.90064,35.73688],[139.89658,35.73769],[139.89646,35.73772],[139.89612,35.73779],[139.89585,35.73784],[139.89506,35.73799],[139.89496,35.73801],[139.89463,35.73807],[139.89264,35.7385],[139.89234,35.73856],[139.88973,35.73919],[139.88903,35.73938],[139.88786,35.7397],[139.88757,35.7398],[139.88723,35.73991],[139.88677,35.74011],[139.88646,35.7403],[139.88457,35.74156],[139.88419,35.74182],[139.88304,35.74261],[139.88215,35.74319],[139.88184,35.74341],[139.88161,35.74356],[139.87971,35.74486],[139.87923,35.7452],[139.87732,35.74649],[139.87682,35.74682],[139.87483,35.74818],[139.87354,35.74906],[139.87306,35.74944],[139.87248,35.74989],[139.87175,35.75045],[139.87152,35.75057],[139.87121,35.75066],[139.87061,35.75078],[139.87018,35.7509],[139.86945,35.75099],[139.86919,35.75098],[139.86876,35.75098],[139.86768,35.75092],[139.86746,35.75091],[139.86572,35.75083],[139.86551,35.75081],[139.86531,35.75076],[139.86455,35.75049],[139.85901,35.74849],[139.85848,35.74827],[139.85814,35.74808],[139.85792,35.7479],[139.85761,35.74756],[139.85673,35.74648],[139.85669,35.74642],[139.85585,35.74532],[139.85579,35.74525],[139.85558,35.74497],[139.85499,35.74465],[139.85451,35.74446],[139.85396,35.74433],[139.85362,35.74432],[139.85326,35.74435],[139.85157,35.74497],[139.84906,35.74589],[139.8482,35.74613],[139.84665,35.74645],[139.84511,35.74673],[139.84455,35.74684],[139.84371,35.747],[139.84077,35.74748],[139.84044,35.74753],[139.84033,35.74755],[139.83944,35.74768],[139.83812,35.74785],[139.83784,35.74786],[139.83658,35.74784],[139.83418,35.74778],[139.83288,35.74775],[139.83178,35.74772],[139.82988,35.74768],[139.82965,35.74767],[139.82924,35.74767],[139.82878,35.74766],[139.82802,35.74765],[139.82706,35.74765],[139.8269,35.74764],[139.82658,35.74763],[139.82493,35.74757],[139.82468,35.74756],[139.82383,35.74753],[139.82355,35.7475],[139.82325,35.74746],[139.82295,35.74738],[139.82188,35.74702],[139.81902,35.74603],[139.81644,35.74514],[139.81495,35.74461],[139.81436,35.7444],[139.81401,35.74428],[139.81386,35.74424],[139.81356,35.74416],[139.81341,35.74412],[139.81321,35.7441],[139.813,35.74407],[139.81226,35.744],[139.81144,35.74393],[139.81128,35.74393],[139.81091,35.74388],[139.81053,35.74384],[139.81049,35.74383],[139.80975,35.74372],[139.80793,35.7434],[139.80766,35.74335],[139.80641,35.74311],[139.80612,35.74306],[139.80581,35.743],[139.8048,35.74291],[139.80456,35.74289],[139.80356,35.74277],[139.80284,35.74262],[139.80186,35.7423],[139.80077,35.74191],[139.80033,35.74181],[139.79992,35.74177],[139.79933,35.74178],[139.79875,35.74188],[139.79759,35.74224],[139.79749,35.74227],[139.79661,35.74255],[139.79654,35.74258],[139.79595,35.74278],[139.79529,35.74305],[139.79375,35.74396],[139.79329,35.74424],[139.79289,35.74441],[139.79212,35.74462],[139.79158,35.74471],[139.79116,35.7447],[139.79069,35.74464],[139.78967,35.74435],[139.78909,35.74416],[139.78806,35.74383],[139.78779,35.7438],[139.78609,35.74376],[139.78583,35.74373],[139.78485,35.74347],[139.78368,35.74329],[139.78317,35.74316],[139.78256,35.74294],[139.78222,35.74277],[139.78197,35.74264],[139.78166,35.74241],[139.78108,35.74197],[139.781,35.7419],[139.78028,35.74131],[139.77892,35.74028],[139.77825,35.73982],[139.77769,35.73947],[139.77571,35.73828],[139.77468,35.73765],[139.77462,35.73761],[139.77451,35.73755],[139.77406,35.73728],[139.77348,35.73693],[139.77344,35.7369],[139.77081,35.73521],[139.76956,35.73439],[139.76918,35.7341],[139.76894,35.73386],[139.7688,35.73361],[139.76868,35.73334],[139.76862,35.73305],[139.7686,35.73276],[139.76862,35.73244],[139.76867,35.73203],[139.76903,35.73103],[139.76923,35.73059],[139.76931,35.73043],[139.76973,35.72972],[139.76981,35.72963],[139.77015,35.7292],[139.77043,35.72892],[139.77065,35.72873],[139.77086,35.72854],[139.77109,35.72835],[139.77215,35.72748],[139.77273,35.727],[139.77371,35.72618],[139.77453,35.72548],[139.77474,35.72525],[139.77488,35.72504],[139.77493,35.72483],[139.77494,35.72462],[139.77489,35.72443],[139.77485,35.72425],[139.77476,35.72405],[139.77472,35.72396],[139.77467,35.72386],[139.77456,35.7237],[139.77446,35.72354],[139.77435,35.72339],[139.77412,35.72306],[139.77393,35.72263],[139.77367,35.72185],[139.77365,35.72152],[139.774,35.72085],[139.77436,35.72013],[139.7743,35.71973],[139.77416,35.71949],[139.77397,35.71923],[139.7735,35.71875],[139.77254,35.71783],[139.77235,35.71745],[139.77226,35.7169],[139.77235,35.71642],[139.7726,35.71582],[139.77323,35.71442],[139.7731,35.71394],[139.773,35.7137],[139.77296,35.71349],[139.77306,35.71284],[139.7734,35.71181],[139.77362,35.71081]]}},{"type":"Feature","properties":{"line_name":"東急東横線"},"geometry":{"type":"LineString","coordinates":[[139.702303,35.659955],[139.702524,35.659078],[139.702926,35.658263],[139.703477,35.657717],[139.704344,35.65706],[139.70501,35.656556],[139.705391,35.655975],[139.705711,35.655482],[139.70616,35.655074],[139.706677,35.654568],[139.706844,35.65439],[139.706922,35.654291],[139.706987,35.65417],[139.707041,35.654065],[139.707077,35.653946],[139.707118,35.653813],[139.707135,35.653664],[139.70713,35.653503],[139.707118,35.653355],[139.707077,35.653185],[139.706933,35.65292],[139.70663,35.6525],[139.70597,35.65158],[139.70565,35.65113],[139.70518,35.65034],[139.7046,35.64926],[139.70434,35.64892],[139.70382,35.64845],[139.70316,35.64805],[139.7031,35.648],[139.7018,35.6469],[139.70166,35.64678],[139.70158,35.64672],[139.70108,35.6463],[139.70091,35.64612],[139.70078,35.64574],[139.70064,35.64561],[139.70041,35.64541],[139.69958,35.64474],[139.69952,35.64469],[139.69918,35.6444],[139.69886,35.64414],[139.69815,35.64352],[139.69809,35.64347],[139.6962,35.64189],[139.69554,35.64148],[139.69462,35.64098],[139.69404,35.64067],[139.69344,35.64026],[139.69311,35.63997],[139.69277,35.63961],[139.69117,35.63769],[139.69115,35.63766],[139.69035,35.63668],[139.69029,35.63661],[139.68957,35.63573],[139.68909,35.63514],[139.68889,35.63485],[139.68868,35.63451],[139.68833,35.63394],[139.68756,35.63263],[139.68688,35.6315],[139.6861,35.63023],[139.68565,35.62945],[139.68561,35.62938],[139.68487,35.62816],[139.68483,35.62809],[139.68338,35.62559],[139.68318,35.62529],[139.68126,35.62313],[139.68107,35.62291],[139.68057,35.62236],[139.68052,35.62231],[139.68022,35.62198],[139.67994,35.62168],[139.67974,35.62144],[139.6794,35.62105],[139.67931,35.62095],[139.67919,35.62082],[139.67872,35.62034],[139.67857,35.62019],[139.67847,35.62008],[139.67821,35.61979],[139.677,35.61845],[139.67692,35.61836],[139.67596,35.61734],[139.67589,35.61726],[139.67392,35.6151],[139.67386,35.61502],[139.67297,35.61405],[139.67211,35.61313],[139.6719,35.61287],[139.67148,35.61227],[139.67088,35.61122],[139.67073,35.61096],[139.67063,35.61078],[139.66952,35.60878],[139.66906,35.60798],[139.66902,35.60789],[139.66882,35.60751],[139.66863,35.60714],[139.66838,35.60665],[139.66831,35.60649],[139.66804,35.60584],[139.66794,35.60539],[139.66779,35.60428],[139.66738,35.60016],[139.66729,35.59895],[139.66727,35.59863],[139.66727,35.5986],[139.66726,35.59795],[139.66731,35.59663],[139.66747,35.59472],[139.66747,35.59469],[139.66748,35.59446],[139.66752,35.59417],[139.66771,35.59338],[139.66827,35.59124],[139.66831,35.59105],[139.66848,35.59037],[139.66888,35.58892],[139.6689,35.5887],[139.6689,35.58848],[139.66887,35.58837],[139.66871,35.58811],[139.66858,35.58799],[139.66834,35.58779],[139.66817,35.58765],[139.66742,35.58704],[139.66687,35.58658],[139.66512,35.58529],[139.66447,35.58481],[139.66419,35.58454],[139.66406,35.58441],[139.66392,35.58425],[139.66382,35.58412],[139.66362,35.58381],[139.66351,35.58363],[139.66339,35.58342],[139.66293,35.58251],[139.6622,35.581],[139.66168,35.57992],[139.66103,35.57856],[139.66006,35.57663],[139.66003,35.57656],[139.65909,35.57464],[139.65885,35.57415],[139.65879,35.57401],[139.65877,35.57396],[139.65849,35.57341],[139.65842,35.57325],[139.65838,35.57317],[139.65766,35.57174],[139.65756,35.57154],[139.65606,35.56846],[139.6552,35.56672],[139.65506,35.56642],[139.655,35.5663],[139.65443,35.56511],[139.65416,35.56453],[139.65378,35.56376],[139.65371,35.5636],[139.65303,35.5622],[139.65248,35.56123],[139.65199,35.56045],[139.65161,35.55992],[139.65143,35.55969],[139.65125,35.55949],[139.65067,35.55892],[139.65052,35.55879],[139.65044,35.55871],[139.65029,35.55857],[139.65018,35.55846],[139.64918,35.55753],[139.64899,35.55736],[139.64831,35.55671],[139.6479,35.5563],[139.64769,35.55601],[139.64756,35.55577],[139.64747,35.55549],[139.64737,35.55516],[139.64669,35.55282],[139.64651,35.55236],[139.64627,35.55179],[139.64541,35.54965],[139.64535,35.54951],[139.64517,35.54913],[139.64507,35.5489],[139.64492,35.54865],[139.64478,35.54846],[139.64365,35.54714],[139.64352,35.54697],[139.64209,35.54533],[139.64144,35.54457],[139.63975,35.54261],[139.63816885,35.54075109],[139.63753,35.54],[139.63574,35.5379],[139.6351,35.53717],[139.63449,35.53646],[139.63431,35.53621],[139.63421,35.53607],[139.63411,35.53585],[139.63399,35.5355],[139.63395,35.53526],[139.6339,35.53487],[139.63387,35.53461],[139.63388,35.53291],[139.63388,35.53274],[139.63385,35.53235],[139.6338,35.5321],[139.63374,35.53191],[139.63365,35.53171],[139.63354,35.53151],[139.63349,35.53143],[139.63322,35.53099],[139.63267,35.53008],[139.63224,35.52935],[139.63202,35.5289],[139.63183,35.52843],[139.63097,35.52614],[139.63031,35.52434],[139.63001556,35.52352717],[139.62990548,35.52317167],[139.62984837,35.52290993],[139.62982219,35.52269433],[139.6298103,35.52241355],[139.62982,35.52221],[139.62983,35.52193],[139.62985446,35.52168791],[139.62987,35.52155],[139.63007,35.51994],[139.63029,35.51833],[139.63039,35.51754],[139.63045,35.51675],[139.63052,35.51625],[139.63072,35.51459],[139.63085,35.51355],[139.63102,35.51224],[139.63118,35.51127],[139.63129,35.51055],[139.63145,35.50972],[139.63159,35.50937],[139.63168,35.50925],[139.63188,35.50901],[139.63206,35.50885],[139.63227,35.5087],[139.6326,35.50843],[139.63315,35.50808],[139.6336,35.50776],[139.63381,35.50759],[139.63394,35.50746],[139.63408,35.50729],[139.63421,35.50713],[139.63437,35.50686],[139.63445,35.50672],[139.63451,35.50658],[139.63456,35.50641],[139.63459,35.50626],[139.63463,35.50607],[139.63465,35.50577],[139.63468,35.50326],[139.63465,35.50293],[139.63458,35.50266],[139.6345,35.50234],[139.63439,35.50204],[139.63425,35.50168],[139.63402,35.50108],[139.63385,35.50064],[139.63376,35.50042],[139.63366,35.50017],[139.63356,35.4999],[139.63344,35.4995],[139.63334,35.49913],[139.63327,35.49842],[139.63328,35.49764],[139.6333,35.49731],[139.63332,35.49687],[139.63334,35.49656],[139.63334,35.49629],[139.63332,35.49602],[139.6333,35.49589],[139.63328,35.49578],[139.63324,35.49563],[139.63321,35.49551],[139.63313,35.49531],[139.63302,35.4951],[139.63256,35.4943],[139.63228,35.49387],[139.63207,35.49357],[139.63194,35.49338],[139.63165,35.49296],[139.63141,35.49272],[139.6312,35.49252],[139.63032,35.49181],[139.62994,35.49152],[139.62965,35.49126],[139.62929,35.49099],[139.62903,35.49079],[139.62882,35.49064],[139.62856,35.4904],[139.62834,35.49016],[139.62819,35.48999],[139.62813,35.4899],[139.628,35.48974],[139.62794,35.48963],[139.6279,35.48953],[139.62786,35.48937],[139.62783,35.48923],[139.62779,35.48912],[139.62775,35.4888],[139.62774,35.48856],[139.62777,35.4884],[139.62778,35.48824],[139.6278,35.48805],[139.62786,35.48785],[139.62793,35.48761],[139.62803,35.48735],[139.62815,35.48703],[139.62873,35.48546],[139.62941,35.4837],[139.62942,35.4837],[139.62963,35.4831],[139.62965,35.48306],[139.62976,35.48258],[139.62995,35.48181],[139.63001,35.48153],[139.63005,35.4811],[139.63001,35.48079],[139.62996,35.48046],[139.62988,35.48021],[139.62965,35.47969],[139.62949,35.4794],[139.62916,35.47903],[139.62894,35.4788],[139.62831,35.47821],[139.62639,35.4765],[139.6261,35.47621],[139.62581,35.47587],[139.62567,35.47566],[139.62553,35.47534],[139.62544,35.47505],[139.6254,35.47491],[139.62535,35.47474],[139.62531,35.47428],[139.62534,35.47378],[139.62539,35.47338],[139.62544,35.47296],[139.62545,35.47293],[139.62554,35.47247],[139.62566,35.47193],[139.62569,35.47174],[139.62567,35.4714],[139.62562,35.47115],[139.62558,35.471],[139.62554,35.4708],[139.62546,35.4706],[139.62541,35.47048],[139.62535,35.47035],[139.62528,35.47022],[139.62519,35.47007],[139.62497,35.46972],[139.62477,35.46946],[139.62401,35.4684],[139.62371,35.46803],[139.6236,35.46789],[139.62319,35.4674],[139.62308,35.46726],[139.62275,35.46687],[139.62195,35.466]]}},{"type":"Feature","properties":{"line_name":"東急田園都市線"},"geometry":{"type":"LineString","coordinates":[[139.7021,35.65945],[139.69997,35.65945],[139.69954,35.65944],[139.69913,35.65936],[139.69807,35.65909],[139.6976,35.65892],[139.69738,35.65878],[139.69712,35.65858],[139.69686,35.65835],[139.6965,35.65794],[139.69644,35.65786],[139.6961,35.65742],[139.69575,35.65693],[139.6952,35.65612],[139.69481,35.65558],[139.6937,35.65434],[139.69341,35.65404],[139.69311,35.65383],[139.69303,35.6538],[139.69273,35.65367],[139.68857,35.65241],[139.68783,35.6522],[139.68714,35.65197],[139.68647,35.65165],[139.68555,35.65116],[139.68461,35.65066],[139.68397,35.65031],[139.68362,35.65012],[139.68231,35.64942],[139.68143,35.64895],[139.6796,35.64799],[139.67669,35.64639],[139.67608,35.64606],[139.67551,35.64575],[139.67451,35.64516],[139.67304,35.64433],[139.67209,35.64391],[139.67158,35.64368],[139.67125,35.64349],[139.67089,35.64323],[139.67074,35.64308],[139.6704,35.64267],[139.67024,35.64246],[139.6687,35.64042],[139.668,35.63949],[139.66699,35.63813],[139.66635,35.63731],[139.66599,35.63686],[139.66551,35.63626],[139.66522,35.63597],[139.66488,35.63568],[139.6639,35.63496],[139.66315,35.63442],[139.66273,35.63414],[139.66177,35.63351],[139.66016,35.63256],[139.65956,35.63222],[139.65856,35.63165],[139.65803,35.63142],[139.65757,35.6313],[139.65715,35.6312],[139.65614,35.63095],[139.65464,35.63056],[139.65374,35.63029],[139.65329,35.63035],[139.65308,35.63041],[139.65212,35.63066],[139.65139,35.63089],[139.65054,35.63118],[139.64932,35.63162],[139.64895,35.63173],[139.64856,35.63177],[139.64763,35.63176],[139.64658,35.63176],[139.64516,35.63172],[139.64436,35.63162],[139.64376,35.63151],[139.6428,35.63127],[139.64201,35.63106],[139.64127,35.63084],[139.64047,35.63054],[139.64016,35.63037],[139.63826,35.62913],[139.6374,35.62858],[139.63716,35.62844],[139.6369,35.62826],[139.63507,35.62721],[139.63415,35.62667],[139.63352,35.62586],[139.63288,35.62502],[139.63243,35.62436],[139.63203,35.62382],[139.63186,35.62345],[139.63168,35.62297],[139.63095,35.62118],[139.63077,35.62054],[139.6305,35.61981],[139.63007,35.61854],[139.62967,35.61747],[139.62902,35.61553],[139.62875,35.61474],[139.62829,35.61338],[139.62811,35.61298],[139.62784,35.6126],[139.62766,35.61248],[139.62742,35.61235],[139.6273,35.61229],[139.62709,35.61214],[139.6269,35.61199],[139.6268,35.61189],[139.6267,35.6118],[139.62662,35.61172],[139.62633,35.61138],[139.626,35.61097],[139.6257,35.61061],[139.6255,35.61036],[139.62547,35.61032],[139.62496,35.60971],[139.62401,35.60857],[139.62373,35.60825],[139.62355,35.60807],[139.62337,35.60792],[139.62335,35.6079],[139.62258,35.60721],[139.62212,35.60671],[139.62205,35.60663],[139.62178,35.60633],[139.6216,35.60613],[139.62134,35.60578],[139.62117,35.6056],[139.62099,35.6054],[139.62055,35.60502],[139.6202,35.60478],[139.61955,35.60443],[139.61852,35.60389],[139.61681,35.60303],[139.61452,35.60185],[139.6125,35.60084],[139.61134,35.60023],[139.61123,35.60019],[139.61089,35.60002],[139.61046,35.59976],[139.61016,35.59956],[139.60992,35.59939],[139.60978,35.59929],[139.60964,35.59917],[139.60942,35.59898],[139.609,35.59859],[139.60866,35.59821],[139.60809,35.59753],[139.60796,35.59734],[139.60735,35.59647],[139.60726,35.59633],[139.60705,35.59583],[139.60696,35.5955],[139.60677,35.59511],[139.60651,35.59467],[139.60619,35.59426],[139.60596,35.59402],[139.60559,35.59364],[139.60513,35.59322],[139.60495,35.59308],[139.60452,35.59279],[139.60396,35.59248],[139.60318,35.5921],[139.60273,35.59188],[139.60163,35.59132],[139.60012,35.59058],[139.5995,35.59026],[139.59845,35.5899],[139.59678,35.58934],[139.59607,35.58916],[139.59576,35.58908],[139.5952,35.58892],[139.59469,35.58875],[139.59418,35.58858],[139.59338,35.58826],[139.59254,35.58787],[139.59232,35.58776],[139.59193,35.58757],[139.59069,35.58702],[139.58993,35.58668],[139.58969,35.58658],[139.58938,35.58644],[139.58815,35.58591],[139.58726,35.58563],[139.58694,35.58553],[139.58616,35.58536],[139.58574,35.58533],[139.58492,35.58525],[139.58347,35.5851],[139.58252,35.58502],[139.58226,35.58498],[139.58202,35.58494],[139.58173,35.58488],[139.58153,35.58484],[139.58144,35.58482],[139.58068,35.58466],[139.58018,35.58452],[139.57963,35.58436],[139.57915,35.58419],[139.57898,35.58412],[139.57854,35.58391],[139.57783,35.58357],[139.57721,35.58321],[139.57677,35.58291],[139.57672,35.58288],[139.57624,35.58249],[139.576,35.58229],[139.57534,35.58168],[139.57471,35.58114],[139.5745,35.58094],[139.57376,35.58024],[139.57307,35.57965],[139.57272,35.57935],[139.57255,35.57921],[139.572,35.57881],[139.57155,35.57856],[139.57113,35.57838],[139.57066,35.57821],[139.57025,35.57812],[139.56958,35.57805],[139.56949,35.57805],[139.56913,35.57804],[139.56854,35.57801],[139.56633,35.57795],[139.56549,35.57792],[139.56528,35.57791],[139.5649,35.5779],[139.56354,35.57785],[139.56285,35.57784],[139.56276,35.57784],[139.56227,35.57782],[139.56217,35.57782],[139.5606,35.57777],[139.56033,35.57773],[139.56003,35.57769],[139.55955,35.57763],[139.55884,35.57751],[139.55842,35.57737],[139.55779,35.57711],[139.5573,35.57691],[139.55662,35.57654],[139.5561,35.57615],[139.55516,35.57502],[139.55509,35.57492],[139.55483,35.57442],[139.55455,35.57386],[139.55447,35.57359],[139.5544,35.57334],[139.55438,35.5732],[139.55425,35.57256],[139.55404,35.57142],[139.55376,35.56992],[139.55374,35.56981],[139.55364,35.56925],[139.55362,35.56914],[139.55355,35.56879],[139.55347,35.56841],[139.55296,35.56563],[139.55282,35.56434],[139.55281,35.56339],[139.5528,35.56303],[139.55273,35.56177],[139.55264,35.56119],[139.55249,35.56074],[139.55175,35.55915],[139.55163,35.55889],[139.55119,35.55818],[139.55107,35.55807],[139.55052,35.55752],[139.55036,35.55741],[139.55019,35.55729],[139.55013,35.55726],[139.54716,35.5558],[139.54444,35.55443],[139.54402,35.55409],[139.54292,35.55319],[139.5417,35.55172],[139.54082,35.55081],[139.54007,35.55004],[139.53952,35.54948],[139.53927,35.54923],[139.53904,35.549],[139.53871,35.54865],[139.53828,35.54819],[139.53741,35.54731],[139.53679,35.54666],[139.5363,35.54631],[139.53536,35.54574],[139.53513,35.54565],[139.53492,35.54557],[139.53364,35.54516],[139.53321,35.54501],[139.53268,35.54484],[139.53058,35.54418],[139.53007,35.54404],[139.52933,35.54379],[139.52882,35.54364],[139.52851,35.54357],[139.52817,35.5435],[139.52805,35.54347],[139.52711,35.54333],[139.52674,35.54326],[139.52647,35.54325],[139.52636,35.54325],[139.52583,35.54323],[139.52263,35.54305],[139.52122,35.54306],[139.52055,35.54302],[139.52008,35.543],[139.51908,35.54295],[139.51795,35.54289],[139.51665,35.54282],[139.51534,35.54275],[139.5144,35.54262],[139.51347,35.54243],[139.51334,35.54241],[139.51247,35.54215],[139.51154,35.54171],[139.51065,35.54124],[139.51027,35.54096],[139.50924,35.54006],[139.50753,35.53855],[139.50707,35.53812],[139.50506,35.53633],[139.50478,35.5361],[139.50449,35.53584],[139.50404,35.53542],[139.50371,35.53514],[139.50345,35.53493],[139.50253,35.53407],[139.50175,35.53337],[139.50091,35.53267],[139.50051,35.53242],[139.49988,35.53213],[139.49913,35.53193],[139.49781,35.53185],[139.4968,35.53184],[139.49536,35.53185],[139.49313,35.53181],[139.49197,35.53176],[139.49064,35.53171],[139.49025,35.53169],[139.48998,35.53168],[139.48902,35.53166],[139.48854,35.53164],[139.48827,35.5316],[139.48793,35.53153],[139.48754,35.53143],[139.48726,35.53132],[139.48703,35.53121],[139.48689,35.53113],[139.48673,35.53102],[139.48654,35.53087],[139.48634,35.53069],[139.48615,35.5305],[139.48612,35.53046],[139.48595,35.53024],[139.48585,35.53005],[139.48574,35.52981],[139.4856,35.52939],[139.48525,35.5283],[139.48516,35.52792],[139.48472,35.52621],[139.48422,35.52445],[139.48383,35.52293],[139.48314,35.52027],[139.48304,35.51988],[139.48276,35.5191],[139.4824,35.51823],[139.48224,35.51784],[139.48183,35.51717],[139.48162,35.51689],[139.4813,35.51649],[139.48087,35.51608],[139.48042,35.51565],[139.48003,35.51533],[139.47975,35.51513],[139.47912,35.51473],[139.47759,35.51382],[139.47604,35.51292],[139.47594,35.51286],[139.47525,35.51254],[139.47426,35.51214],[139.47393,35.51205],[139.47354,35.51193],[139.47282,35.51177],[139.47222,35.51167],[139.47149,35.51159],[139.46939,35.51144],[139.46813,35.51137],[139.46619,35.51128],[139.46472,35.51119],[139.46269,35.51108],[139.46176,35.51101],[139.46087,35.51096],[139.46042,35.51092],[139.46004,35.51085],[139.45957,35.51075],[139.45822,35.51044],[139.45788,35.51036],[139.45711,35.51013],[139.45608,35.50988],[139.45587,35.50983],[139.4539,35.50934],[139.45265,35.50903],[139.45218,35.5089],[139.45118,35.50865],[139.44978,35.50831],[139.44922,35.5082],[139.44768,35.50804],[139.44594,35.50788],[139.44429,35.50774]]}},{"type":"Feature","properties":{"line_name":"小田急小田原線"},"geometry":{"type":"LineString","coordinates":[[139.69971,35.69189],[139.69965,35.69136],[139.69964,35.69047],[139.69969,35.68991],[139.69978,35.68939],[139.69993,35.68891],[139.70003,35.68859],[139.70014,35.68823],[139.70028,35.68788],[139.70064,35.687],[139.70074,35.68672],[139.70084,35.68636],[139.70086,35.686],[139.70079,35.68568],[139.70064,35.68536],[139.70038,35.685],[139.70001,35.68463],[139.69913,35.68395],[139.69885,35.68372],[139.69817,35.68316],[139.69694,35.6822],[139.69665,35.68197],[139.69537,35.68093],[139.69509,35.68067],[139.69465,35.68015],[139.69388,35.67908],[139.69329,35.67813],[139.69307,35.67777],[139.69283,35.67735],[139.69231,35.67647],[139.69196,35.67584],[139.69173,35.67538],[139.69149,35.6749],[139.69125,35.67443],[139.69108,35.674],[139.69091,35.67356],[139.69077,35.67314],[139.69057,35.67242],[139.69042,35.67187],[139.69024,35.67116],[139.69014,35.67084],[139.69,35.67056],[139.68964,35.67007],[139.68939,35.6699],[139.68927,35.66981],[139.68908,35.6697],[139.68883,35.66957],[139.68867,35.66951],[139.68843,35.66945],[139.68807,35.6694],[139.68794,35.66942],[139.68781,35.66944],[139.68713,35.66955],[139.68657,35.66963],[139.68606,35.6697],[139.68603,35.66971],[139.68541,35.6699],[139.6851,35.66998],[139.68449,35.67012],[139.68417,35.67019],[139.68394,35.67022],[139.68365,35.67022],[139.68332,35.67021],[139.68298,35.67015],[139.68262,35.67008],[139.68228,35.66999],[139.68202,35.6699],[139.68107,35.66957],[139.681,35.66954],[139.67954,35.66886],[139.67922,35.6687],[139.67877,35.66849],[139.67869,35.66845],[139.67708,35.66765],[139.67534,35.66678],[139.67483,35.66654],[139.67422,35.66624],[139.67355,35.66581],[139.67354,35.6658],[139.67254,35.66508],[139.66802,35.66194],[139.66667,35.66095],[139.66504,35.65984],[139.6638,35.65903],[139.66244,35.65857],[139.66076,35.65814],[139.66024,35.65799],[139.65969,35.65783],[139.65434,35.65624],[139.65276,35.6558],[139.65267,35.65577],[139.65084,35.65523],[139.65016,35.65503],[139.64978,35.65488],[139.64939,35.65471],[139.64816,35.65414],[139.6481,35.65411],[139.64781,35.65397],[139.64748,35.65384],[139.64706,35.6537],[139.64681,35.65362],[139.64666,35.65358],[139.64656,35.65355],[139.64642,35.65352],[139.64607,35.65344],[139.64598,35.65342],[139.64542,35.65329],[139.64322,35.65282],[139.64262,35.6527],[139.64173,35.65249],[139.64029,35.65216],[139.63925,35.65192],[139.63858,35.65174],[139.6385,35.65172],[139.63785,35.65153],[139.63778,35.65151],[139.63772,35.65149],[139.63726,35.65136],[139.63557,35.65087],[139.63549,35.65084],[139.62538,35.64792],[139.62533,35.64791],[139.62373,35.64744],[139.62365,35.64742],[139.62178,35.64684],[139.62066,35.64649],[139.61914,35.64602],[139.61734,35.64547],[139.61601,35.6451],[139.61469,35.64472],[139.61246,35.64407],[139.61138,35.64373],[139.61064,35.64351],[139.60895,35.64302],[139.60662,35.64235],[139.60428,35.64166],[139.60214,35.64103],[139.6017,35.6409],[139.6002,35.64046],[139.59796,35.63981],[139.59654,35.63938],[139.59629,35.6393],[139.59454,35.63879],[139.59374,35.63856],[139.59207,35.63805],[139.59174,35.63796],[139.59137,35.63784],[139.59113,35.63778],[139.59026,35.63752],[139.58981,35.63738],[139.58802,35.63686],[139.58667,35.63647],[139.58554,35.63613],[139.58364,35.63559],[139.58239,35.63522],[139.58161,35.63495],[139.58084,35.63461],[139.58031,35.63433],[139.57932,35.63374],[139.57848,35.63316],[139.57807,35.63283],[139.5778,35.63263],[139.57744,35.63232],[139.57692,35.63185],[139.57669,35.63162],[139.57641,35.63129],[139.57588,35.63061],[139.57545,35.62998],[139.575,35.62931],[139.57454,35.62863],[139.57413,35.62803],[139.57331,35.6268],[139.57247,35.62551],[139.57159,35.62416],[139.57158,35.62415],[139.57062,35.62269],[139.56983,35.62148],[139.56975,35.62136],[139.56962,35.62119],[139.56942,35.62091],[139.56878,35.62007],[139.56851,35.61969],[139.56827,35.61937],[139.56796,35.61905],[139.56767,35.61878],[139.56757,35.61871],[139.5671,35.6184],[139.56652,35.61812],[139.56589,35.61783],[139.56567,35.61773],[139.56355,35.61683],[139.56256,35.61637],[139.56181,35.61608],[139.56142,35.61593],[139.56131,35.61589],[139.56111,35.61583],[139.56049,35.61568],[139.55976,35.6156],[139.55896,35.61556],[139.55696,35.61555],[139.5566,35.61555],[139.55629,35.61556],[139.55477,35.61554],[139.5514,35.61557],[139.54806,35.61552],[139.54541,35.61533],[139.54522,35.61531],[139.54295,35.61506],[139.54065,35.61482],[139.53931,35.61467],[139.538,35.61463],[139.53528,35.61458],[139.53226,35.6145],[139.53154,35.6145],[139.53009,35.61456],[139.52959,35.6146],[139.52902,35.61463],[139.52706,35.61484],[139.52652,35.61489],[139.52619,35.61489],[139.52572,35.61488],[139.52529,35.61483],[139.52478,35.61473],[139.52417,35.61454],[139.5238,35.61437],[139.52321,35.61403],[139.52292,35.61381],[139.52239,35.61335],[139.52163,35.61248],[139.52123,35.612],[139.52091,35.61168],[139.52042,35.61122],[139.51983,35.61077],[139.5192,35.61039],[139.51791,35.60977],[139.51702,35.60939],[139.51514,35.60866],[139.51342,35.60805],[139.51272,35.60779],[139.51224,35.60756],[139.51167,35.60718],[139.51073,35.60642],[139.50994,35.60576],[139.50969,35.60554],[139.50946,35.60534],[139.50887,35.60482],[139.50828,35.60435],[139.50667,35.60306],[139.50572,35.60231],[139.50546,35.6021],[139.50429,35.60118],[139.50335,35.60041],[139.50319,35.6003],[139.50298,35.60012],[139.50288,35.60006],[139.50246,35.59967],[139.50217,35.59939],[139.50203,35.59924],[139.50196,35.59916],[139.50182,35.59896],[139.5017,35.5988],[139.50143,35.59841],[139.50112,35.59791],[139.5008,35.59725],[139.50064,35.59677],[139.50049,35.59619],[139.50034,35.59553],[139.50006,35.59424],[139.49983,35.59367],[139.49933,35.59268],[139.49888,35.59189],[139.49815,35.59052],[139.49799,35.59023],[139.49711,35.58891],[139.4968,35.58848],[139.49643,35.58809],[139.49624,35.58789],[139.49592,35.58753],[139.49562,35.58727],[139.49523,35.58698],[139.49491,35.58677],[139.49462,35.58658],[139.49429,35.5864],[139.49403,35.58626],[139.49321,35.58591],[139.49214,35.58548],[139.49151,35.58523],[139.49079,35.58499],[139.49043,35.58489],[139.48852,35.5845],[139.48757,35.58428],[139.48748,35.58426],[139.48737,35.58423],[139.48718,35.58419],[139.4856,35.58388],[139.48453,35.58365],[139.48401,35.58354],[139.48287,35.58332],[139.48078,35.5829],[139.47983,35.58266],[139.47901,35.58243],[139.47865,35.58229],[139.47831,35.58215],[139.478,35.582],[139.47761,35.5818],[139.47734,35.58166],[139.47718,35.58154],[139.47686,35.58126],[139.4764,35.58087],[139.47628,35.58075],[139.4762,35.58067],[139.4761,35.58056],[139.47588,35.58033],[139.47569,35.58005],[139.4752,35.57923],[139.47424,35.57766],[139.47335,35.5762],[139.47333,35.57617],[139.47286,35.57544],[139.47234,35.57466],[139.47209,35.5743],[139.47168,35.57379],[139.471,35.573],[139.47078,35.57274],[139.47027,35.57213],[139.46993,35.57171],[139.46962,35.57129],[139.46904,35.57036],[139.46881,35.57],[139.4687,35.56985],[139.46847,35.56956],[139.46838,35.56939],[139.46786,35.56835],[139.46771,35.56806],[139.46736,35.56752],[139.46713,35.5672],[139.46697,35.56701],[139.46678,35.56683],[139.46652,35.56661],[139.46634,35.56647],[139.46598,35.56623],[139.46543,35.56589],[139.4652,35.56576],[139.46498,35.56558],[139.46482,35.56543],[139.46466,35.56526],[139.46446,35.56501],[139.46423,35.5647],[139.46393,35.56428],[139.46295,35.56274],[139.46288,35.56262],[139.46273,35.56237],[139.46254,35.56206],[139.46236,35.56169],[139.46218,35.56123],[139.46186,35.56021],[139.46171,35.5596],[139.46162,35.55921],[139.46155,35.5587],[139.4615,35.55829],[139.46148,35.55773],[139.46145,35.55652],[139.4614,35.55572],[139.46135,35.55535],[139.4613,35.55511],[139.46126,35.55488],[139.46118,35.55463],[139.46103,35.55432],[139.46079,35.55386],[139.46068,35.55367],[139.46038,35.5532],[139.46025,35.553],[139.45991,35.55249],[139.45964,35.55216],[139.45929,35.55184],[139.45882,35.55149],[139.45837,35.55118],[139.45785,35.55091],[139.45735,35.55069],[139.45712,35.5506],[139.45686,35.55054],[139.45656,35.55049],[139.45554,35.55034],[139.45415,35.55016],[139.45405,35.55015],[139.45337,35.55008],[139.4529,35.54997],[139.45235,35.54982],[139.45198,35.54969],[139.45172,35.54957],[139.45143,35.54944],[139.45072,35.549],[139.44913,35.54793],[139.44831,35.54734],[139.44789,35.54702],[139.44758,35.54678],[139.44702,35.54624],[139.4467,35.54592],[139.44642,35.54561],[139.44622,35.54534],[139.44575,35.54471],[139.44499,35.54386],[139.44485,35.54369],[139.44442,35.54312],[139.44437,35.54305],[139.44411,35.54273],[139.44376,35.54225],[139.44366,35.54211],[139.44345,35.54183],[139.4433,35.54161],[139.44314,35.54129],[139.44294,35.54063],[139.44269,35.53961],[139.4424,35.53843],[139.44224,35.53785],[139.4421,35.53748],[139.44191,35.53709],[139.44175,35.53671],[139.44163,35.53656],[139.44111,35.53596],[139.44031,35.53505],[139.44012,35.53483],[139.43957,35.53419],[139.43879,35.53329],[139.43698,35.53111],[139.43569,35.52987],[139.43461,35.52864],[139.43401,35.52799],[139.43159,35.52526],[139.43011,35.52357],[139.42933,35.52268],[139.42853,35.5218],[139.42678,35.51984],[139.42497,35.51781],[139.42363,35.51625],[139.42242,35.51486],[139.42214,35.51454],[139.42001,35.51217],[139.41892,35.51098],[139.41706,35.5089],[139.41575,35.50744],[139.41568,35.50737],[139.41478,35.50638],[139.41423,35.50576],[139.41382,35.50529],[139.41324,35.50461],[139.4129,35.50421],[139.41207,35.50325],[139.4118,35.50298],[139.4116,35.50277],[139.41134,35.50247],[139.41035,35.50135],[139.40999,35.50094],[139.40993,35.50087],[139.40988,35.50081],[139.40956,35.50044],[139.40909,35.49995],[139.408,35.49877],[139.40766,35.4984],[139.40761,35.49835],[139.40756,35.49829],[139.40744,35.49814],[139.40741,35.49809],[139.40702,35.49761],[139.4068,35.49734],[139.40581,35.49617],[139.40553,35.49583],[139.40539,35.49567],[139.40487,35.49504],[139.40413,35.49416],[139.40348,35.49338],[139.40325,35.4931],[139.40313,35.49295],[139.40278,35.49252],[139.40247,35.49215],[139.40215,35.49176],[139.40153,35.49098],[139.40096,35.49024],[139.4005,35.48962],[139.40035,35.48939],[139.40025,35.48914],[139.40009,35.48876],[139.40002,35.48853],[139.39999,35.48839],[139.39991,35.48801],[139.39987,35.4878],[139.39983,35.48741],[139.39981,35.48729],[139.3998,35.48721],[139.39979,35.48705],[139.39979,35.48666],[139.39978,35.48579],[139.39979,35.48487],[139.3998,35.48419],[139.3998,35.48402],[139.3998,35.48388],[139.39983,35.48272],[139.39986,35.48173],[139.39991,35.48025],[139.39991,35.48013],[139.39992,35.47995],[139.39992,35.4796],[139.39996,35.47893],[139.39999,35.47837],[139.4,35.478],[139.4,35.47763],[139.4,35.47744],[139.39996,35.47696],[139.39991,35.47613],[139.39981,35.47515],[139.39976,35.4745],[139.3997,35.47386],[139.39969,35.47373],[139.39968,35.47364],[139.39967,35.47353],[139.39963,35.47308],[139.39956,35.47234],[139.39951,35.47155],[139.3995,35.47146],[139.3995,35.4714],[139.39945,35.47096],[139.39937,35.47014],[139.39929,35.4691],[139.39922,35.46825],[139.39921,35.46807],[139.3992,35.46799],[139.39914,35.4673],[139.39911,35.46693],[139.3991,35.46682],[139.39898,35.46531],[139.39897,35.46525],[139.39896,35.46514],[139.39889,35.46424],[139.39886,35.46393],[139.39883,35.46359],[139.39882,35.46347],[139.3988,35.46318],[139.39877,35.46283],[139.39872,35.4625],[139.39866,35.46226],[139.39859,35.46206],[139.39854,35.46194],[139.39847,35.46177],[139.39838,35.46162],[139.39837,35.46161],[139.39834,35.46154],[139.39829,35.46145],[139.39823,35.46135],[139.39784,35.46072],[139.39757,35.4603],[139.39752,35.46022],[139.39738,35.46],[139.39702,35.45945],[139.39667,35.45889],[139.39607,35.45796],[139.39582,35.45754],[139.39561,35.45718],[139.39545,35.45694],[139.39526,35.45666],[139.39514,35.45651],[139.39506,35.4564],[139.39489,35.4562],[139.3948,35.45609],[139.39466,35.45592],[139.39421,35.45548],[139.3935,35.45486],[139.39267,35.45421],[139.39182,35.45355],[139.39127,35.45309],[139.3912,35.45303],[139.3901,35.45212],[139.38967,35.45178],[139.38904,35.45126],[139.38879,35.45105],[139.38765,35.4501],[139.38688,35.44946],[139.38637,35.44904],[139.38619,35.44888],[139.38595,35.44867],[139.38544,35.44828],[139.38529,35.44814],[139.38457,35.44753],[139.38398,35.44707],[139.38275,35.44601],[139.38217,35.44555],[139.38159,35.44509],[139.38107,35.44467],[139.38095,35.44458],[139.38065,35.44434],[139.38032,35.4441],[139.37988,35.44384],[139.37938,35.44356],[139.37916,35.44347],[139.3791,35.44344],[139.37897,35.4434],[139.37881,35.44333],[139.37872,35.4433],[139.37864,35.44327],[139.37857,35.44324],[139.37854,35.44323],[139.37846,35.44321],[139.3783,35.44316],[139.37807,35.4431],[139.37752,35.44297],[139.37718,35.44291],[139.37637,35.44275],[139.37578,35.44263],[139.37431,35.44233],[139.37252,35.44197],[139.37181,35.44182],[139.37168,35.44179],[139.37163,35.44178],[139.37111,35.44168],[139.3711,35.44167],[139.37098,35.44165],[139.37078,35.44161],[139.37056,35.44157],[139.37036,35.44153],[139.37027,35.44152],[139.37008,35.44148],[139.36979,35.44141],[139.36892,35.44121],[139.36882,35.44119],[139.36861,35.44113],[139.36803,35.44099],[139.36765,35.4409],[139.36738,35.44084],[139.36728,35.44081],[139.36669,35.44065],[139.36625,35.44047],[139.36612,35.44041],[139.36608,35.44039],[139.36588,35.44029],[139.3652,35.43986],[139.36355,35.43856],[139.36347,35.4385],[139.36292,35.43807],[139.36279,35.43795],[139.36277,35.43795],[139.36243,35.43759],[139.36221,35.43739],[139.36141,35.43655],[139.36015,35.43524],[139.35993,35.43502],[139.35979,35.43487],[139.35944,35.4345],[139.35918,35.43423],[139.35904,35.43408],[139.3585,35.43354],[139.35826,35.4333],[139.35816,35.4332],[139.35776,35.43279],[139.35719,35.4322],[139.35664,35.43156],[139.35542,35.43036],[139.35499,35.42994],[139.35473,35.42961],[139.35453,35.42933],[139.35445,35.42922],[139.35435,35.42908],[139.35415,35.4287],[139.35391,35.42833],[139.35321,35.42719],[139.35289,35.42666],[139.35287,35.42663],[139.35194,35.42521],[139.35151,35.4245],[139.35144,35.42439],[139.35132,35.4242],[139.35103,35.42374],[139.35052,35.42292],[139.35037,35.4227],[139.35022,35.42252],[139.3499,35.42222],[139.3495,35.42189],[139.34864,35.42124],[139.34855,35.42117],[139.34782,35.42059],[139.3476,35.42041],[139.34739,35.42025],[139.34699,35.41993],[139.34646,35.41959],[139.34558,35.4189],[139.34545,35.41879],[139.34518,35.41858],[139.34465,35.41817],[139.34366,35.41737],[139.34356,35.4173],[139.34241,35.41635],[139.34175,35.41585],[139.34119,35.41545],[139.34013,35.41471],[139.33927,35.41416],[139.33909,35.41406],[139.33806,35.41341],[139.33768,35.41313],[139.33743,35.41293],[139.33691,35.41244],[139.33664,35.41213],[139.33626,35.41165],[139.33625,35.41165],[139.33611,35.41145],[139.33606,35.4114],[139.33576,35.41099],[139.3357,35.41092],[139.335,35.41],[139.33465,35.40962],[139.33447,35.40945],[139.33423,35.40925],[139.33339,35.40866],[139.33236,35.40798],[139.33228,35.40792],[139.33198,35.40772],[139.33191,35.40767],[139.33183,35.40761],[139.33068,35.40682],[139.33056,35.40674],[139.32995,35.40633],[139.32864,35.40543],[139.32825,35.40516],[139.32793,35.40495],[139.32757,35.4047],[139.3267,35.4041],[139.3254,35.40322],[139.32514,35.40304],[139.32384,35.40216],[139.32246,35.4012],[139.32195,35.40084],[139.3211,35.40027],[139.32054,35.39988],[139.3191,35.39889],[139.31898,35.3988],[139.31861,35.39857],[139.31828,35.39835],[139.31806,35.39822],[139.31755,35.39796],[139.31574,35.39706],[139.31538,35.39689],[139.31502,35.39671],[139.31439,35.39638],[139.3132,35.3958],[139.3125,35.39546],[139.31214,35.39528],[139.31119,35.39483],[139.31062,35.39455],[139.31017,35.39434],[139.30989,35.39421],[139.30946,35.394],[139.30914,35.39383],[139.30841,35.39348],[139.30796,35.39328],[139.30701,35.3928],[139.30579,35.39221],[139.30544,35.39204],[139.3046,35.39163],[139.30421,35.39145],[139.30347,35.39109],[139.30327,35.39098],[139.30289,35.39081],[139.30186,35.39031],[139.3012,35.38999],[139.30099,35.38988],[139.30045,35.38963],[139.30023,35.38951],[139.29978,35.3893],[139.29939,35.38911],[139.29887,35.38888],[139.29854,35.38874],[139.29816,35.38857],[139.29805,35.38853],[139.29753,35.38831],[139.29697,35.3881],[139.29658,35.38796],[139.29614,35.3878],[139.29594,35.38774],[139.29584,35.3877],[139.29545,35.38756],[139.29489,35.38737],[139.29458,35.38725],[139.29389,35.38702],[139.29348,35.38687],[139.29249,35.38652],[139.2923,35.38646],[139.29214,35.38639],[139.29094,35.38597],[139.29071,35.38588],[139.2903,35.38573],[139.28999,35.38563],[139.28832,35.38503],[139.28809,35.38495],[139.28745,35.38471],[139.28658,35.3844],[139.28582,35.38413],[139.28545,35.38399],[139.28509,35.38386],[139.28505,35.38386],[139.28503,35.38384],[139.2848,35.38376],[139.2845,35.38365],[139.28409,35.3835],[139.28374,35.38338],[139.28371,35.38336],[139.2836,35.38333],[139.28349,35.38328],[139.28331,35.3832],[139.28289,35.38304],[139.28252,35.38289],[139.2814,35.38242],[139.28071,35.38214],[139.28038,35.382],[139.28019,35.38194],[139.27908,35.38148],[139.27878,35.38135],[139.27853,35.38125],[139.2779,35.38099],[139.27723,35.38062],[139.27675,35.38034],[139.27666,35.38026],[139.27657,35.38015],[139.27641,35.37999],[139.27621,35.37976],[139.2746,35.37756],[139.27447,35.37738],[139.27429,35.37714],[139.27393,35.37664],[139.27388,35.37658],[139.27383,35.3765],[139.2737,35.37633],[139.27365,35.37625],[139.2733,35.37577],[139.27312,35.37553],[139.27244,35.37459],[139.27205,35.37405],[139.27169,35.37363],[139.27136,35.37327],[139.27125,35.37317],[139.27063,35.37266],[139.27011,35.3723],[139.26972,35.37204],[139.26899,35.37163],[139.2686,35.37143],[139.26776,35.37098],[139.26736,35.37077],[139.2668,35.37048],[139.26644,35.37028],[139.26597,35.37003],[139.26529,35.36967],[139.26514,35.3696],[139.26441,35.36921],[139.26331,35.36863],[139.26317,35.36855],[139.2627,35.36831],[139.26211,35.36802],[139.26159,35.36779],[139.26143,35.36773],[139.26138,35.36771],[139.26124,35.36765],[139.26086,35.36753],[139.2603,35.36735],[139.25911,35.36695],[139.25877,35.36684],[139.25848,35.36676],[139.25768,35.36651],[139.25651,35.36614],[139.25625,35.36606],[139.25589,35.36595],[139.25475,35.36559],[139.25398,35.36535],[139.25381,35.3653],[139.25352,35.36521],[139.25296,35.36504],[139.25255,35.36491],[139.25225,35.36482],[139.25132,35.36453],[139.25086,35.36438],[139.25036,35.36423],[139.24979,35.36407],[139.24915,35.36388],[139.24849,35.36368],[139.24784,35.3635],[139.24682,35.36321],[139.24671,35.36318],[139.24659,35.36314],[139.24648,35.3631],[139.24631,35.36306],[139.24607,35.36298],[139.24575,35.36291],[139.2455,35.36286],[139.24505,35.36284],[139.24495,35.36285],[139.24463,35.36285],[139.24401,35.36291],[139.24359,35.36299],[139.24297,35.36321],[139.24204,35.36362],[139.2408,35.36416],[139.23986,35.36458],[139.23964,35.36465],[139.23928,35.36475],[139.23876,35.36485],[139.2385,35.36485],[139.23709,35.36479],[139.2358,35.36471],[139.23516,35.36473],[139.23443,35.36483],[139.23393,35.36491],[139.23316,35.36506],[139.23275,35.36513],[139.23154,35.36534],[139.23075,35.36552],[139.23007,35.36582],[139.22988,35.36594],[139.22981,35.36598],[139.22967,35.36608],[139.22934,35.36636],[139.22913,35.36661],[139.22851,35.36747],[139.22765,35.36867],[139.22727,35.36914],[139.22699,35.36942],[139.22685,35.36956],[139.22531,35.37058],[139.22359,35.37166],[139.2231,35.3719],[139.22234,35.37212],[139.22187,35.37223],[139.22149,35.37226],[139.22049,35.37225],[139.21683,35.37213],[139.21547,35.37209],[139.21342,35.37204],[139.21295,35.37202],[139.21195,35.37189],[139.21097,35.37175],[139.2054,35.37088],[139.20453,35.37075],[139.2041,35.37068],[139.20227,35.3704],[139.20031,35.37009],[139.19965,35.37001],[139.199,35.36999],[139.19825,35.37004],[139.19771,35.37012],[139.19711,35.37025],[139.19686,35.37032],[139.19592,35.37062],[139.19219,35.37183],[139.19017,35.37248],[139.1897,35.37264],[139.18655,35.37366],[139.18593,35.37383],[139.1856,35.3739],[139.18499,35.37401],[139.18421,35.37412],[139.18339,35.37419],[139.17899,35.37429],[139.17622,35.37437],[139.17403,35.37478],[139.17095,35.37547],[139.17027,35.37547],[139.17002,35.37542],[139.16977,35.37537],[139.16938,35.37522],[139.1693,35.3752],[139.1688,35.37492],[139.16766,35.37416],[139.16652,35.3734],[139.16599,35.37302],[139.16557,35.37263],[139.16501,35.37206],[139.16389,35.37087],[139.16363,35.37057],[139.16342,35.37027],[139.16319,35.36984],[139.16309,35.36949],[139.16303,35.36931],[139.1629,35.36879],[139.1628,35.3681],[139.16277,35.36781],[139.16269,35.36717],[139.16269,35.36712],[139.16264,35.36684],[139.16262,35.36677],[139.16254,35.36645],[139.16236,35.3661],[139.16217,35.36581],[139.16189,35.36555],[139.16154,35.36529],[139.16077,35.36483],[139.16022,35.36448],[139.16006,35.36437],[139.15991,35.36427],[139.15958,35.36399],[139.15935,35.36376],[139.15917,35.36347],[139.159,35.36315],[139.15887,35.36271],[139.15881,35.36231],[139.15879,35.3619],[139.15887,35.36154],[139.15904,35.36117],[139.15947,35.36044],[139.15965,35.36016],[139.1599,35.35966],[139.16004,35.35923],[139.16012,35.35889],[139.16018,35.35853],[139.1602,35.35814],[139.16014,35.35778],[139.15996,35.35737],[139.15954,35.35689],[139.15918,35.35648],[139.15861,35.35582],[139.15829,35.35553],[139.15786,35.35521],[139.15739,35.35491],[139.15676,35.3545],[139.156,35.35403],[139.15566,35.35376],[139.15532,35.35347],[139.15513,35.35324],[139.15453,35.35234],[139.15395,35.35142],[139.15347,35.35067],[139.15324,35.35037],[139.15307,35.35014],[139.15274,35.34979],[139.15201,35.34918],[139.15059,35.34795],[139.15013,35.34756],[139.1495,35.34715],[139.14921,35.34699],[139.14883,35.34681],[139.14837,35.34663],[139.14808,35.34655],[139.14779,35.3465],[139.14722,35.34646],[139.14646,35.34645],[139.14615,35.34645],[139.14596,35.34643],[139.14569,35.34641],[139.14566,35.34641],[139.14477,35.34634],[139.14403,35.34622],[139.14329,35.34608],[139.14257,35.34588],[139.142,35.34567],[139.14138,35.3454],[139.14122,35.34537],[139.14012,35.3449],[139.13878,35.34432],[139.13722,35.34365],[139.13695,35.34352],[139.13616,35.34313],[139.13598,35.34304],[139.13525,35.34266],[139.13495,35.34246],[139.13486,35.34239],[139.13375,35.34159],[139.1337,35.34155],[139.13236,35.34058],[139.13217,35.34043],[139.13179,35.34013],[139.13153,35.3399],[139.13123,35.33952],[139.13115,35.3394],[139.13097,35.33911],[139.13073,35.33854],[139.13062,35.33809],[139.13061,35.33782],[139.13063,35.33758],[139.13065,35.33743],[139.13075,35.33713],[139.13099,35.3366],[139.13167,35.33522],[139.13198,35.3346],[139.13392,35.33052],[139.13567,35.32681],[139.13595,35.32618],[139.13681,35.32441],[139.13777,35.32234],[139.13822,35.32137],[139.1391,35.31951],[139.13968,35.31828],[139.14117,35.31516],[139.14163,35.3142],[139.14196,35.31332],[139.14227,35.31229],[139.14252,35.31096],[139.14263,35.31034],[139.1433,35.30632],[139.14334,35.30608],[139.14387,35.30303],[139.14442,35.29975],[139.14476,35.29787],[139.14491,35.2974],[139.14541,35.29614],[139.14633,35.29388],[139.14654,35.29336],[139.14783,35.29012],[139.14805,35.2896],[139.1486,35.2886],[139.14896,35.28806],[139.14947,35.28739],[139.14978,35.28706],[139.15022,35.28666],[139.15104,35.28589],[139.15154,35.28547],[139.15237,35.28467],[139.15391,35.28325],[139.15456,35.28261],[139.15487,35.28223],[139.15509,35.28179],[139.1552,35.28139],[139.15528,35.28082],[139.15525,35.28018],[139.15513,35.27921],[139.15488,35.27732],[139.15476,35.27653],[139.15471,35.2762],[139.15466,35.27581],[139.15462,35.27556],[139.15457,35.27518],[139.15441,35.27404],[139.15441,35.27287],[139.15443,35.27261],[139.15447,35.27212],[139.15454,35.27142],[139.15483,35.26912],[139.15491,35.26846],[139.15494,35.2682],[139.15529,35.2651],[139.15542,35.26402],[139.15544,35.26377],[139.15557,35.26308],[139.15565,35.26262],[139.15573,35.2623],[139.15578,35.2621],[139.1566,35.25987],[139.15671,35.25956],[139.15677,35.25928],[139.15691,35.25882],[139.15697,35.25851],[139.15693,35.2582],[139.15685,35.25804],[139.1568,35.25794],[139.15672,35.25783],[139.15666,35.25776],[139.15642,35.25757],[139.15618,35.25733],[139.15595,35.25707],[139.15491,35.25564]]}},{"type":"Feature","properties":{"line_name":"小田急江ノ島線"},"geometry":{"type":"LineString","coordinates":[[139.4835,35.30887],[139.48235,35.30975],[139.48166,35.31029],[139.48101,35.3108],[139.48071,35.31106],[139.4804,35.31138],[139.48014,35.31166],[139.47918,35.31293],[139.47865,35.31364],[139.47843,35.31393],[139.47792,35.31461],[139.47767,35.31489],[139.47734,35.31519],[139.47697,35.31549],[139.47659,35.31576],[139.47574,35.31636],[139.47526,35.31669],[139.47453,35.31722],[139.47421,35.31744],[139.47379,35.31775],[139.47334,35.31816],[139.47295,35.31854],[139.4725,35.31902],[139.47215,35.31943],[139.47185,35.31981],[139.47144,35.3204],[139.471,35.3211],[139.47089,35.32129],[139.47057,35.32176],[139.47019,35.32244],[139.47005,35.32279],[139.46999,35.32302],[139.46996,35.32318],[139.46992,35.32344],[139.46989,35.32372],[139.46989,35.32421],[139.46997,35.32469],[139.47013,35.32516],[139.47038,35.32571],[139.47065,35.32615],[139.47091,35.32653],[139.47132,35.327],[139.47147,35.32716],[139.47213,35.32783],[139.47314,35.32886],[139.47497,35.33073],[139.47561,35.33134],[139.47681,35.33259],[139.47788,35.3337],[139.47941,35.33527],[139.48046,35.33637],[139.48072,35.33661],[139.48118,35.33704],[139.48178,35.33754],[139.48205,35.33773],[139.48233,35.33791],[139.48256,35.33804],[139.48284,35.33816],[139.48254,35.33811],[139.48207,35.33809],[139.48184,35.33809],[139.48169,35.3381],[139.48149,35.33813],[139.48131,35.33817],[139.48113,35.33823],[139.48093,35.33833],[139.48029,35.33868],[139.47964,35.33904],[139.47943,35.3392],[139.47922,35.33937],[139.47906,35.33953],[139.47897,35.33963],[139.47892,35.33975],[139.47889,35.33987],[139.47875,35.34047],[139.47866,35.34085],[139.47842,35.34182],[139.47838,35.34201],[139.47835,35.34218],[139.47823,35.34271],[139.47817,35.34297],[139.47802,35.34372],[139.47782,35.34453],[139.47775,35.34476],[139.47759,35.34519],[139.47749,35.34541],[139.47736,35.34566],[139.47688,35.34645],[139.47678,35.34664],[139.47654,35.34705],[139.47635,35.34733],[139.47622,35.34753],[139.47609,35.34775],[139.47602,35.34788],[139.47566,35.34854],[139.47523,35.34926],[139.47508,35.34951],[139.47492,35.34983],[139.47467,35.3504],[139.47451,35.35074],[139.4744,35.35111],[139.47429,35.35151],[139.47422,35.35195],[139.47413,35.35249],[139.47394,35.35453],[139.47382,35.35631],[139.47375,35.35732],[139.47366,35.35854],[139.47358,35.3594],[139.4734,35.361],[139.47329,35.36225],[139.47324,35.36293],[139.47312,35.36423],[139.47309,35.36448],[139.47293,35.36653],[139.47289,35.36799],[139.47289,35.37209],[139.47287,35.37349],[139.47286,35.37471],[139.47283,35.37635],[139.47278,35.37705],[139.4727,35.37771],[139.47261,35.37808],[139.47224,35.37913],[139.47179,35.38061],[139.47124,35.38228],[139.47121,35.38235],[139.47083,35.3834],[139.47061,35.38412],[139.47016,35.38546],[139.4699,35.38627],[139.46984,35.38643],[139.46979,35.38658],[139.46916,35.38836],[139.46861,35.39016],[139.46807,35.39173],[139.46775,35.3927],[139.46768,35.39288],[139.46747,35.39351],[139.46685,35.39541],[139.46662,35.39608],[139.46632,35.39701],[139.46618,35.39744],[139.46597,35.39811],[139.46505,35.40083],[139.46481,35.40154],[139.46476,35.40176],[139.46474,35.40188],[139.4647,35.40216],[139.46466,35.40246],[139.46463,35.403],[139.46463,35.40324],[139.46469,35.40415],[139.46477,35.40506],[139.46487,35.40623],[139.46494,35.40715],[139.46497,35.40757],[139.46516,35.41017],[139.46527,35.4117],[139.46538,35.4128],[139.46559,35.41481],[139.46569,35.41638],[139.4657,35.41676],[139.46567,35.41729],[139.46551,35.41958],[139.46549,35.41993],[139.46542,35.42123],[139.46531,35.42261],[139.46525,35.42344],[139.46518,35.42446],[139.46516,35.42465],[139.4651,35.42542],[139.46504,35.42623],[139.46496,35.42759],[139.46494,35.42785],[139.46487,35.42875],[139.46484,35.4292],[139.46474,35.43067],[139.4647,35.43159],[139.46472,35.4327],[139.46479,35.43387],[139.46488,35.43535],[139.46494,35.43626],[139.46496,35.43659],[139.46498,35.43693],[139.46506,35.43838],[139.46507,35.43845],[139.46515,35.43996],[139.4652,35.44099],[139.46523,35.44151],[139.46531,35.44289],[139.46544,35.44482],[139.46548,35.4457],[139.46558,35.44783],[139.46561,35.4484],[139.4657,35.45],[139.46578,35.45106],[139.46585,35.45217],[139.46586,35.45231],[139.46595,35.45393],[139.46604,35.45569],[139.46605,35.45583],[139.46611,35.45702],[139.46622,35.45899],[139.46624,35.45938],[139.46621,35.45978],[139.4662,35.46001],[139.4662,35.46004],[139.46616,35.46023],[139.46614,35.46034],[139.46607,35.46064],[139.46596,35.46094],[139.46584,35.46123],[139.46576,35.46147],[139.46562,35.46174],[139.46522,35.46253],[139.46441,35.46414],[139.46374,35.46546],[139.46281,35.46725],[139.46221,35.4684],[139.46193,35.46895],[139.46153,35.46972],[139.46135,35.47007],[139.46107,35.47064],[139.46103,35.47071],[139.46081,35.4711],[139.46042,35.47183],[139.45968,35.47328],[139.4592,35.4742],[139.45917,35.47426],[139.45877,35.47504],[139.4581,35.47633],[139.45732,35.4778],[139.45641,35.47953],[139.45595,35.48041],[139.45568,35.48093],[139.45542,35.48144],[139.45487,35.48249],[139.45459,35.48301],[139.45416,35.48383],[139.45335,35.48539],[139.4533,35.48548],[139.45227,35.48743],[139.45165,35.48865],[139.45098,35.48991],[139.4503,35.49123],[139.45007,35.49167],[139.44926,35.49319],[139.44886,35.49397],[139.44832,35.49499],[139.44769,35.49621],[139.44703,35.49752],[139.4461,35.4993],[139.44543,35.50059],[139.44516,35.50107],[139.44472,35.50187],[139.44445,35.50258],[139.44431,35.50298],[139.44426,35.50325],[139.44425,35.5036],[139.44419,35.50419],[139.44417,35.50461],[139.44416,35.5054],[139.44412,35.50738],[139.44408,35.50863],[139.44401,35.50981],[139.44394,35.5105],[139.44389,35.51084],[139.44381,35.51113],[139.4437,35.51145],[139.44355,35.51183],[139.44314,35.51259],[139.44268,35.51345],[139.44155,35.51552],[139.44062,35.51721],[139.43948,35.51938],[139.43902,35.5202],[139.43884,35.52053],[139.43876,35.52066],[139.43774,35.52251],[139.4366,35.52464],[139.4358,35.52606],[139.43548,35.52668],[139.43511,35.52737],[139.43498,35.5276],[139.43487,35.52783],[139.43481,35.52798],[139.43476,35.52822],[139.43474,35.52847],[139.43474,35.52869],[139.43474,35.52879],[139.43476,35.5289],[139.43487,35.52931],[139.43499,35.52966],[139.43512,35.52985],[139.43526,35.53],[139.43546,35.53014],[139.43576,35.53034],[139.43614,35.53057],[139.43698,35.53111],[139.43879,35.53329]]}},{"type":"Feature","properties":{"line_name":"京王線"},"geometry":{"type":"LineString","coordinates":[[139.69917,35.69047],[139.69925,35.6895],[139.69929,35.68871],[139.69931,35.68838],[139.69921,35.68831],[139.69914,35.68826],[139.69895,35.68813],[139.69829,35.68788],[139.69826,35.68786],[139.6973,35.68744],[139.69655,35.68709],[139.69567,35.68688],[139.69516,35.68657],[139.6946,35.6862],[139.69407,35.68577],[139.69352,35.6853],[139.69302,35.68481],[139.69255,35.68437],[139.69191,35.68391],[139.69138,35.68361],[139.6904,35.68312],[139.68948,35.68264],[139.68914,35.6824],[139.68854,35.68195],[139.68803,35.68149],[139.68762,35.68117],[139.68697,35.68073],[139.68656,35.68048],[139.68636,35.68036],[139.68575,35.68006],[139.68423,35.67956],[139.68357,35.67932],[139.68278,35.67905],[139.68239,35.67891],[139.68183,35.67865],[139.68051,35.67798],[139.6794,35.67741],[139.6785,35.67713],[139.6775,35.67684],[139.67659,35.67664],[139.67519,35.67635],[139.67349,35.67578],[139.67217,35.67533],[139.66789,35.67388],[139.66646,35.67344],[139.66427,35.67274],[139.66177,35.67189],[139.66086,35.67158],[139.66005,35.67131],[139.65874,35.67084],[139.65706,35.67026],[139.65574,35.6699],[139.65265,35.66896],[139.65136,35.66859],[139.65112,35.66852],[139.65065,35.66839],[139.65044,35.66832],[139.64999,35.6682],[139.6453,35.6668],[139.64387,35.66636],[139.64308,35.66613],[139.64279,35.66608],[139.64247,35.66606],[139.64229,35.66606],[139.64212,35.66607],[139.64176,35.66611],[139.64151,35.66614],[139.64123,35.66618],[139.64098,35.66622],[139.64036,35.66631],[139.64027,35.66632],[139.64009,35.66635],[139.63691,35.66683],[139.63678,35.66684],[139.63617,35.66693],[139.63606,35.66695],[139.63467,35.66715],[139.63449,35.66719],[139.63309,35.66739],[139.63231,35.66751],[139.63062,35.66777],[139.62893,35.66801],[139.62664,35.66835],[139.6242,35.66872],[139.62263,35.66897],[139.62191,35.66907],[139.62178,35.66909],[139.62127,35.66915],[139.6206,35.66924],[139.61663,35.66977],[139.61613,35.66983],[139.61597,35.66985],[139.61546,35.6699],[139.61506,35.66999],[139.6139,35.67016],[139.61344,35.67024],[139.61264,35.67036],[139.61209,35.67045],[139.61186,35.67048],[139.61149,35.67053],[139.61129,35.67056],[139.61101,35.67061],[139.61092,35.67062],[139.61052,35.67067],[139.61007,35.67071],[139.6098,35.67071],[139.6095,35.67069],[139.60943,35.67068],[139.60928,35.67066],[139.60896,35.67065],[139.60888,35.67064],[139.60822,35.67053],[139.60755,35.67037],[139.60694,35.6702],[139.60647,35.67003],[139.6062,35.6699],[139.60555,35.66968],[139.6041,35.6692],[139.60195,35.66841],[139.60127,35.66816],[139.59948,35.66751],[139.59739,35.66676],[139.59436,35.66568],[139.59395,35.66553],[139.59367,35.66542],[139.59238,35.66495],[139.59087,35.66439],[139.58975,35.66401],[139.58944,35.66389],[139.58851,35.66354],[139.58778,35.66327],[139.58744,35.66316],[139.58714,35.66306],[139.5858,35.66257],[139.58519,35.66236],[139.58468,35.66218],[139.58398,35.66192],[139.58219,35.66126],[139.58112,35.66079],[139.57991,35.66022],[139.57733,35.65901],[139.57604,35.65838],[139.57434,35.65762],[139.57322,35.65709],[139.572,35.65652],[139.57177,35.65641],[139.57122,35.65615],[139.56958,35.65538],[139.56736,35.65433],[139.56589,35.65365],[139.56392,35.65273],[139.5635,35.65253],[139.56311,35.65235],[139.5629,35.65225],[139.56089,35.6513],[139.56011,35.65094],[139.55907,35.65045],[139.55779,35.64992],[139.55744,35.6498],[139.55715,35.64969],[139.55691,35.64962],[139.55655,35.64955],[139.55633,35.64953],[139.55554,35.64957],[139.55442,35.64965],[139.55329,35.64973],[139.55235,35.64979],[139.55108,35.64993],[139.54864,35.6506],[139.54628,35.65131],[139.54591,35.65143],[139.54356,35.65211],[139.54289,35.65231],[139.54089,35.65289],[139.53818,35.65369],[139.53713,35.654],[139.53642,35.65422],[139.53572,35.65446],[139.53507,35.6547],[139.53465,35.65489],[139.53327,35.65554],[139.53271,35.65581],[139.5323,35.65601],[139.53157,35.65634],[139.53035,35.65692],[139.52866,35.65772],[139.52775,35.65815],[139.52559,35.65912],[139.52444,35.65963],[139.52288,35.66034],[139.52111,35.66114],[139.52004,35.66164],[139.51996,35.66168],[139.51896,35.66213],[139.51713,35.66296],[139.51683,35.66308],[139.51644,35.66319],[139.51478,35.66346],[139.51439,35.66353],[139.5141,35.66358],[139.51397,35.6636],[139.51209,35.66396],[139.51052,35.66431],[139.50773,35.66488],[139.50742,35.66494],[139.50726,35.66497],[139.50701,35.66503],[139.50514,35.66541],[139.50451,35.66556],[139.50362,35.66581],[139.50307,35.66602],[139.50117,35.6667],[139.50002,35.66714],[139.49825,35.66776],[139.49679,35.66828],[139.49602,35.66854],[139.49478,35.669],[139.49376,35.66935],[139.49207,35.6699],[139.49034,35.67027],[139.48904,35.67051],[139.48725,35.67084],[139.48544,35.67116],[139.48257,35.67172],[139.48089,35.67203],[139.48079,35.67204],[139.47941,35.67234],[139.47931,35.67235],[139.47651,35.67287],[139.47609,35.67293],[139.47593,35.67294],[139.47559,35.67295],[139.47516,35.67294],[139.47485,35.67292],[139.47462,35.6729],[139.47433,35.67285],[139.47408,35.6728],[139.47395,35.67278],[139.47377,35.67274],[139.4733,35.67265],[139.47172,35.6723],[139.47067,35.67205],[139.47043,35.67195],[139.47026,35.67187],[139.47003,35.67171],[139.4698,35.67151],[139.46946,35.67111],[139.46925,35.67077],[139.46906,35.67029],[139.46891,35.6699],[139.46857,35.66881],[139.46851,35.6686],[139.46818,35.66746],[139.46816,35.66739],[139.46797,35.66674],[139.46787,35.6664],[139.46744,35.66494],[139.46738,35.66472],[139.46713,35.66386],[139.46701,35.66346],[139.4668,35.66296],[139.46653,35.66245],[139.46629,35.66214],[139.46602,35.66187],[139.46571,35.66161],[139.46524,35.66126],[139.46485,35.66102],[139.4645,35.66082],[139.46411,35.66066],[139.46363,35.66052],[139.46271,35.66032],[139.46121,35.66008],[139.45855,35.65966],[139.45845,35.65966],[139.45754,35.65951],[139.45709,35.65943],[139.45694,35.65941],[139.45684,35.6594],[139.45426,35.65899],[139.45319,35.65882],[139.4529,35.65875],[139.4527,35.65867],[139.45237,35.65849],[139.45207,35.65825],[139.45176,35.65796],[139.45165,35.65781],[139.4515,35.6575],[139.45131,35.65701],[139.45085,35.65566],[139.44985,35.65277],[139.44964,35.65227],[139.44951,35.65202],[139.44935,35.65179],[139.44904,35.65144],[139.44876,35.65125],[139.4485,35.65113],[139.44833,35.65106],[139.44801,35.65097],[139.44784,35.65094],[139.44776,35.65092],[139.4467,35.65076],[139.44616,35.65068],[139.44603,35.65067],[139.44564,35.65064],[139.44544,35.65064],[139.44486,35.65074],[139.44249,35.65127],[139.43856,35.65217],[139.43803,35.65232],[139.43773,35.6524],[139.43746,35.6525],[139.43726,35.65265],[139.43698,35.65287],[139.43656,35.65328],[139.43489,35.65512],[139.43373,35.65626],[139.43339,35.65657],[139.43311,35.65678],[139.43287,35.65692],[139.43256,35.65704],[139.43193,35.65723],[139.43082,35.65752],[139.42613,35.65861],[139.42187,35.65963],[139.42018,35.66004],[139.41778,35.66063],[139.41727,35.66076],[139.41624,35.66102],[139.41592,35.66111],[139.4155,35.66124],[139.41503,35.66142],[139.41464,35.66159],[139.41397,35.66188],[139.41223,35.66267],[139.4112,35.66308],[139.41087,35.66322],[139.41061,35.66331],[139.41042,35.66337],[139.41006,35.66343],[139.40915,35.66354],[139.40806,35.66367],[139.40744,35.66374],[139.4057,35.66384],[139.40519,35.66383],[139.40503,35.6638],[139.40486,35.66377],[139.40462,35.66368],[139.404,35.66337],[139.40325,35.663],[139.4022,35.66249],[139.40099,35.66185],[139.40092,35.66181],[139.39981,35.66122],[139.39904,35.66078],[139.39864,35.66054],[139.39839,35.66035],[139.3981,35.6601],[139.39704,35.65918],[139.39621,35.65843],[139.39464,35.65701],[139.39302,35.65555],[139.39213,35.65473],[139.39095,35.65365],[139.39076,35.65349],[139.39042,35.65327],[139.38977,35.6529],[139.38923,35.6526],[139.38718,35.65156],[139.38558,35.65078],[139.38317,35.64962],[139.38212,35.64911],[139.3818,35.64894],[139.38153,35.64877],[139.38131,35.64859],[139.38057,35.64794],[139.37922,35.64668],[139.37861,35.64611],[139.37716,35.64492],[139.37686,35.64467],[139.37555,35.64363],[139.3749,35.64315],[139.37458,35.64295],[139.37432,35.64282],[139.37414,35.64273],[139.374,35.64268],[139.37379,35.64262],[139.37356,35.6426],[139.37314,35.64259],[139.3718,35.64263],[139.37058,35.64267],[139.37005,35.64268],[139.36943,35.6427],[139.36934,35.64271],[139.36674,35.64276],[139.36669,35.64276],[139.36507,35.6428],[139.36496,35.6428],[139.3614,35.64289],[139.35884,35.64297],[139.3583,35.64301],[139.35798,35.64305],[139.35764,35.64312],[139.35738,35.64319],[139.35691,35.64338],[139.35537,35.64398],[139.35528,35.64402],[139.35452,35.64434],[139.35429,35.64444],[139.3536,35.64473],[139.35308,35.64495],[139.35296,35.64499],[139.35282,35.64505],[139.35204,35.64536],[139.35188,35.64543],[139.35131,35.64565],[139.35094,35.64587],[139.3506,35.64612],[139.35049,35.64621],[139.34997,35.64665],[139.34967,35.64699],[139.34937,35.6474],[139.34921,35.64771],[139.34902,35.64816],[139.34882,35.64875],[139.34852,35.64962],[139.34774,35.65181],[139.34718,35.65336],[139.34712,35.65352],[139.347,35.65384],[139.3466,35.65485],[139.34638,35.65542],[139.34624,35.65567],[139.34612,35.65583],[139.34598,35.65597],[139.34584,35.6561],[139.3456,35.65628],[139.34501,35.65666],[139.34365,35.65755],[139.34309,35.65793],[139.34271,35.65823],[139.34246,35.65849]]}},{"type":"Feature","properties":{"line_name":"京王井の頭線"},"geometry":{"type":"LineString","coordinates":[[139.700593,35.658662],[139.70009,35.658587],[139.698906,35.658403],[139.698492,35.658331],[139.69787,35.65821],[139.69644,35.65786],[139.69562,35.65767],[139.694,35.65724],[139.69357,35.6572],[139.69341,35.65718],[139.69334,35.65718],[139.69269,35.65716],[139.69074,35.65708],[139.69032,35.65707],[139.69018,35.65707],[139.68937,35.65707],[139.68916,35.65708],[139.68895,35.6571],[139.68841,35.65719],[139.68815,35.65727],[139.6876,35.65745],[139.68738,35.65755],[139.687,35.6577],[139.68599,35.65814],[139.68558,35.6583],[139.68498,35.65848],[139.68317,35.65886],[139.68223,35.65902],[139.6797,35.65944],[139.67883,35.65958],[139.67838,35.65963],[139.67777,35.65968],[139.67717,35.65973],[139.67671,35.65976],[139.67628,35.65984],[139.67513,35.66006],[139.67415,35.66024],[139.67394,35.66028],[139.67297,35.66046],[139.66956,35.66107],[139.66927,35.66112],[139.66893,35.66118],[139.66867,35.66123],[139.66762,35.66142],[139.66722,35.66149],[139.66717,35.6615],[139.66597,35.66171],[139.66189,35.66241],[139.66089,35.66258],[139.66052,35.66258],[139.66006,35.66257],[139.65937,35.66255],[139.65929,35.66255],[139.659,35.66255],[139.65824,35.66257],[139.65623,35.66258],[139.65599,35.66259],[139.65583,35.66261],[139.65559,35.66265],[139.65515,35.66275],[139.65495,35.66278],[139.65442,35.66295],[139.65403,35.66309],[139.65347,35.66343],[139.65311,35.66374],[139.65288,35.66399],[139.65261,35.66432],[139.65214,35.66507],[139.65209,35.66515],[139.65196,35.66539],[139.65146,35.66626],[139.65082,35.66737],[139.65074,35.66756],[139.65066,35.66785],[139.65062,35.66801],[139.65059,35.66811],[139.65048,35.66863],[139.65028,35.66954],[139.6502,35.66983],[139.65018,35.6699],[139.65026,35.67039],[139.6501,35.67105],[139.64983,35.67151],[139.64941,35.6719],[139.64911,35.67213],[139.64747,35.6733],[139.64715,35.67352],[139.64595,35.67437],[139.64456,35.67532],[139.64391,35.67569],[139.64331,35.67597],[139.64203,35.67648],[139.64006,35.67715],[139.63882,35.67758],[139.63658,35.67837],[139.63572,35.67868],[139.63459,35.67907],[139.63325,35.67954],[139.63208,35.67997],[139.63041,35.68057],[139.62814,35.68137],[139.62701,35.68178],[139.62643,35.68198],[139.6258,35.68206],[139.62351,35.68235],[139.62178,35.68257],[139.62126,35.68265],[139.62106,35.68266],[139.62001,35.68279],[139.61952,35.68286],[139.61912,35.6829],[139.61859,35.68297],[139.61816,35.68303],[139.61759,35.6831],[139.61712,35.68315],[139.61677,35.68317],[139.61615,35.68321],[139.61581,35.68323],[139.61465,35.68329],[139.614,35.68332],[139.61351,35.68334],[139.61289,35.68336],[139.61203,35.68341],[139.61172,35.68343],[139.61101,35.68357],[139.61077,35.68364],[139.61036,35.68377],[139.61013,35.68383],[139.60982,35.68394],[139.60961,35.684],[139.60936,35.68408],[139.60914,35.68415],[139.60897,35.68421],[139.60866,35.68431],[139.60819,35.68448],[139.60782,35.68461],[139.60751,35.6847],[139.60702,35.68487],[139.60658,35.68504],[139.60598,35.68525],[139.60559,35.68538],[139.60528,35.68549],[139.60501,35.68558],[139.60463,35.68572],[139.60448,35.68577],[139.604,35.68594],[139.60341,35.68616],[139.60274,35.68641],[139.60226,35.68657],[139.60176,35.68681],[139.60133,35.68701],[139.60083,35.68727],[139.60051,35.68744],[139.60004,35.6877],[139.59992,35.68778],[139.59977,35.68788],[139.59888,35.6884],[139.59867,35.68854],[139.59846,35.68868],[139.59812,35.68887],[139.59749,35.68922],[139.59725,35.68934],[139.59695,35.68947],[139.59663,35.6896],[139.5964,35.6897],[139.59607,35.68982],[139.59582,35.68991],[139.59554,35.69002],[139.59516,35.69015],[139.59477,35.69028],[139.59435,35.69042],[139.59405,35.69051],[139.59362,35.69066],[139.59332,35.69073],[139.59295,35.69089],[139.5926,35.691],[139.59232,35.69109],[139.59185,35.69125],[139.59156,35.69134],[139.59121,35.69146],[139.59097,35.69155],[139.59073,35.69162],[139.59071,35.69162],[139.5904,35.69173],[139.59014,35.69181],[139.58985,35.6919],[139.58874,35.6922],[139.58844,35.69232],[139.58806,35.69249],[139.58758,35.6927],[139.58739,35.69281],[139.58715,35.69302],[139.58684,35.6933],[139.58665,35.69354],[139.58639,35.69381],[139.58608,35.69418],[139.58582,35.69449],[139.58558,35.69477],[139.58536,35.69505],[139.585,35.69546],[139.58458,35.69595],[139.58407,35.69649],[139.58378,35.69676],[139.58342,35.69704],[139.58282,35.69755],[139.58278,35.6976],[139.58245,35.69806],[139.58234,35.69821],[139.58219,35.69839],[139.5821,35.69851],[139.58203,35.69864],[139.58197,35.69876],[139.58191,35.6989],[139.58181,35.6992],[139.58172,35.69947],[139.58168,35.69962],[139.58162,35.69988],[139.58157,35.70007],[139.5815,35.70027],[139.58139,35.70054],[139.58126,35.70079],[139.58111,35.70104],[139.58096,35.70127],[139.58077,35.70157],[139.58046,35.70205],[139.58016,35.70253]]}},{"type":"Feature","properties":{"line_name":"東武伊勢崎線"},"geometry":{"type":"LineString","coordinates":[[139.1941,36.32656],[139.19581,36.32628],[139.1963,36.3262],[139.1966,36.32615],[139.19683,36.3261],[139.197,36.32606],[139.19728,36.32595],[139.19754,36.32585],[139.19773,36.32576],[139.19796,36.32564],[139.1982,36.3255],[139.19839,36.32537],[139.19863,36.32521],[139.19888,36.32498],[139.19911,36.32473],[139.1993,36.32452],[139.19949,36.32425],[139.19996,36.32343],[139.20007,36.32326],[139.20015,36.32308],[139.20025,36.32285],[139.20031,36.32268],[139.20037,36.32249],[139.20045,36.32225],[139.20054,36.32199],[139.20063,36.32171],[139.20076,36.32134],[139.20086,36.32101],[139.20107,36.32036],[139.20121,36.31997],[139.20143,36.31926],[139.20157,36.31882],[139.20206,36.31735],[139.20215,36.317],[139.20226,36.31667],[139.20238,36.31636],[139.20245,36.3162],[139.20257,36.316],[139.20271,36.31579],[139.2028,36.31565],[139.20292,36.3155],[139.20307,36.31534],[139.20318,36.31521],[139.2033,36.31509],[139.2036,36.31483],[139.20382,36.31466],[139.20408,36.31449],[139.20435,36.31435],[139.20457,36.31425],[139.20524,36.31399],[139.20548,36.3139],[139.20596,36.31372],[139.20629,36.31359],[139.20647,36.31352],[139.20682,36.31338],[139.20706,36.31331],[139.20729,36.31322],[139.2075,36.31315],[139.20769,36.31307],[139.20793,36.31299],[139.20828,36.31286],[139.20835,36.31284],[139.20862,36.31273],[139.20879,36.31266],[139.20892,36.31261],[139.20909,36.31253],[139.20924,36.31245],[139.20946,36.31233],[139.2098,36.31212],[139.21006,36.31194],[139.2102,36.31182],[139.21038,36.31167],[139.21059,36.31147],[139.21076,36.31128],[139.211,36.31097],[139.21168,36.31005],[139.21197,36.30965],[139.21285,36.30846],[139.21324,36.30789],[139.21368,36.30729],[139.21411,36.3067],[139.2147,36.30587],[139.21481,36.3057],[139.21507,36.30535],[139.21531,36.30501],[139.21557,36.30466],[139.21591,36.30418],[139.21613,36.30386],[139.21634,36.30358],[139.21679,36.30295],[139.21702,36.30263],[139.21737,36.30216],[139.21787,36.30147],[139.21817,36.30107],[139.21836,36.30081],[139.21925,36.29954],[139.21939,36.29936],[139.21947,36.29925],[139.21959,36.29908],[139.2201,36.29838],[139.22036,36.29807],[139.22047,36.29796],[139.22059,36.29783],[139.22083,36.2976],[139.22103,36.29744],[139.22121,36.29726],[139.22146,36.29706],[139.22161,36.29692],[139.22174,36.29683],[139.22189,36.29671],[139.22207,36.29657],[139.2224,36.29633],[139.22273,36.29611],[139.22299,36.29595],[139.2233,36.29577],[139.22446,36.29506],[139.22499,36.29474],[139.22519,36.29462],[139.22604,36.29408],[139.22636,36.29388],[139.22657,36.29376],[139.22681,36.29361],[139.22766,36.29308],[139.22785,36.29296],[139.22817,36.29276],[139.22861,36.29249],[139.2292,36.29212],[139.22949,36.29194],[139.23009,36.29156],[139.23031,36.29143],[139.23045,36.29133],[139.23061,36.29123],[139.23093,36.29103],[139.23131,36.2908],[139.23197,36.29039],[139.23226,36.29021],[139.2331,36.28969],[139.23393,36.28917],[139.23413,36.28904],[139.23452,36.2888],[139.2347,36.28868],[139.23494,36.28854],[139.23511,36.28844],[139.23533,36.2883],[139.23616,36.28778],[139.23679,36.2874],[139.2377,36.28684],[139.23801,36.28665],[139.23891,36.28608],[139.2395,36.28571],[139.23966,36.28562],[139.23974,36.28557],[139.24011,36.28533],[139.24052,36.28508],[139.24131,36.28459],[139.2418,36.28428],[139.24223,36.28402],[139.2426,36.28378],[139.24311,36.28346],[139.24427,36.28274],[139.24458,36.28255],[139.2448,36.28242],[139.24501,36.28229],[139.24538,36.28206],[139.24624,36.28151],[139.24679,36.28115],[139.24898,36.27978],[139.25039,36.2789],[139.25106,36.2785],[139.25129,36.27838],[139.25168,36.27819],[139.252,36.27805],[139.25243,36.27792],[139.25284,36.27779],[139.2532,36.2777],[139.25366,36.2776],[139.25454,36.27745],[139.25797,36.27688],[139.25996,36.27656],[139.2616,36.27629],[139.26477,36.27577],[139.26792,36.27525],[139.26884,36.2751],[139.27081,36.27477],[139.27121,36.27471],[139.27153,36.27466],[139.27183,36.27461],[139.27413,36.27424],[139.27606,36.27391],[139.27781,36.27364],[139.28108,36.27309],[139.28287,36.27279],[139.28542,36.27238],[139.28558,36.27235],[139.28568,36.27234],[139.28588,36.2723],[139.2867,36.27216],[139.29007,36.27163],[139.29164,36.27136],[139.29325,36.2711],[139.29443,36.27091],[139.29561,36.2707],[139.29674,36.27052],[139.29707,36.27046],[139.2985,36.27021],[139.29977,36.27],[139.30055,36.26988],[139.30127,36.26979],[139.30207,36.26971],[139.30262,36.26968],[139.30346,36.26966],[139.30398,36.26966],[139.30448,36.26969],[139.30477,36.26969],[139.30506,36.2697],[139.30586,36.26976],[139.30669,36.26986],[139.30728,36.26995],[139.30798,36.27006],[139.30876,36.27023],[139.30915,36.27032],[139.30963,36.27043],[139.31048,36.27067],[139.31126,36.27089],[139.31224,36.27117],[139.31377,36.27161],[139.3166,36.27243],[139.31745,36.27268],[139.31927,36.27322],[139.32303,36.27432],[139.32684,36.27544],[139.32703,36.2755],[139.32837,36.2759],[139.33109,36.27671],[139.33257,36.27714],[139.33405,36.27759],[139.33519,36.27792],[139.33667,36.27837],[139.33744,36.27859],[139.3387,36.27897],[139.34009,36.27938],[139.3434,36.28036],[139.3445,36.2807],[139.34505,36.28089],[139.3455,36.28106],[139.34591,36.28122],[139.34669,36.28155],[139.34709,36.28175],[139.34742,36.28194],[139.34762,36.28207],[139.34784,36.2822],[139.34837,36.28257],[139.34961,36.28338],[139.35198,36.28494],[139.35333,36.28583],[139.35612,36.28767],[139.35779,36.28879],[139.35821,36.28907],[139.35936,36.28983],[139.36001,36.29017],[139.36049,36.29043],[139.36076,36.29056],[139.36088,36.29062],[139.36113,36.29072],[139.36125,36.29078],[139.36155,36.29091],[139.36188,36.29105],[139.36223,36.2912],[139.36271,36.29137],[139.365,36.29219],[139.36611,36.29257],[139.36678,36.29282],[139.36748,36.29306],[139.36848,36.29342],[139.36935,36.29372],[139.36998,36.29395],[139.37065,36.29418],[139.37112,36.29433],[139.37126,36.29438],[139.37178,36.29454],[139.37201,36.2946],[139.37214,36.29465],[139.37226,36.2947],[139.37659,36.29441],[139.37709,36.29438],[139.37734,36.29435],[139.37759,36.29433],[139.37779,36.29431],[139.3781,36.29427],[139.3785,36.29422],[139.37883,36.2942],[139.37931,36.29416],[139.38008,36.2941],[139.38172,36.29401],[139.3828,36.29398],[139.3835,36.29397],[139.38393,36.29397],[139.38419,36.29397],[139.38443,36.29399],[139.38458,36.29399],[139.38469,36.29401],[139.38479,36.29402],[139.38518,36.29409],[139.3855,36.29417],[139.38574,36.29425],[139.38603,36.29437],[139.38634,36.29452],[139.38643,36.29458],[139.38657,36.29468],[139.38677,36.29481],[139.38686,36.29488],[139.38694,36.29494],[139.387,36.29499],[139.38725,36.29523],[139.38825,36.29617],[139.38846,36.29637],[139.38857,36.29647],[139.38906,36.29692],[139.38935,36.29719],[139.3895,36.29733],[139.38995,36.29774],[139.39074,36.29847],[139.39096,36.29868],[139.39127,36.29896],[139.39139,36.29909],[139.39161,36.29927],[139.39189,36.29954],[139.39217,36.2998],[139.39246,36.30005],[139.39269,36.30028],[139.39295,36.30051],[139.39302,36.30059],[139.39326,36.30079],[139.39374,36.30123],[139.39387,36.30135],[139.39396,36.30143],[139.39445,36.30189],[139.39485,36.30226],[139.39492,36.30233],[139.39533,36.30271],[139.39629,36.30358],[139.39671,36.30398],[139.3968,36.30406],[139.39683,36.30409],[139.39704,36.30428],[139.39747,36.30469],[139.39811,36.30528],[139.39811,36.30529],[139.39838,36.30553],[139.39886,36.30591],[139.39916,36.30613],[139.39922,36.30617],[139.39924,36.30619],[139.39931,36.30623],[139.39937,36.30628],[139.39966,36.30646],[139.39987,36.30658],[139.39998,36.30667],[139.40002,36.30669],[139.40009,36.30674],[139.40048,36.30697],[139.40087,36.30721],[139.40092,36.30724],[139.4011,36.30736],[139.40113,36.30737],[139.40115,36.30738],[139.40123,36.30743],[139.40127,36.30746],[139.40134,36.30749],[139.40177,36.30776],[139.40217,36.30802],[139.40264,36.30831],[139.40295,36.30849],[139.40303,36.30854],[139.40314,36.30861],[139.40356,36.30888],[139.40368,36.30895],[139.40464,36.30955],[139.40548,36.31007],[139.40562,36.31016],[139.40573,36.31022],[139.40595,36.31035],[139.40615,36.31048],[139.40625,36.31054],[139.40636,36.31061],[139.40652,36.31071],[139.40666,36.3108],[139.40685,36.31092],[139.40706,36.31105],[139.40725,36.31116],[139.40735,36.31122],[139.40777,36.31148],[139.40782,36.31151],[139.40796,36.31159],[139.40817,36.31173],[139.40835,36.31184],[139.40866,36.31203],[139.40885,36.31214],[139.40956,36.31257],[139.40978,36.31271],[139.40994,36.3128],[139.41015,36.31294],[139.4103,36.31302],[139.4107,36.31328],[139.41088,36.31338],[139.41107,36.3135],[139.41181,36.31394],[139.41248,36.31435],[139.4126,36.31442],[139.41299,36.31466],[139.41344,36.31494],[139.41429,36.31545],[139.41612,36.31654],[139.41698,36.31707],[139.41715,36.31719],[139.41721,36.31722],[139.41733,36.31729],[139.41752,36.3174],[139.41787,36.31762],[139.41859,36.31804],[139.41874,36.31813],[139.41948,36.31859],[139.4195,36.3186],[139.42086,36.31946],[139.422,36.32017],[139.42233,36.32038],[139.423,36.3208],[139.4235,36.3211],[139.42431,36.32159],[139.42492,36.32197],[139.42546,36.3223],[139.42564,36.32243],[139.42655,36.32297],[139.42668,36.32306],[139.4269,36.3232],[139.42744,36.32354],[139.42794,36.32385],[139.42814,36.32397],[139.4282,36.32401],[139.4283,36.32407],[139.42843,36.32415],[139.42853,36.32421],[139.42861,36.32426],[139.42921,36.32463],[139.43074,36.32554],[139.43142,36.32595],[139.4326,36.32662],[139.43274,36.32671],[139.43316,36.32695],[139.43355,36.32718],[139.43366,36.32724],[139.43397,36.32742],[139.43436,36.32765],[139.43441,36.32768],[139.43538,36.32823],[139.43624,36.32875],[139.43733,36.32938],[139.43738,36.32941],[139.43804,36.32977],[139.43868,36.33004],[139.439,36.33017],[139.43955,36.33036],[139.4398,36.33046],[139.44003,36.33054],[139.44031,36.33064],[139.44063,36.33076],[139.44089,36.33084],[139.44174,36.33112],[139.44195,36.33119],[139.44219,36.33126],[139.44255,36.33135],[139.44289,36.3314],[139.44329,36.33143],[139.44391,36.33142],[139.44429,36.33137],[139.44436,36.33136],[139.44442,36.33134],[139.44476,36.33124],[139.4451,36.33113],[139.44522,36.33108],[139.44539,36.33102],[139.44546,36.33099],[139.44561,36.33093],[139.44569,36.33089],[139.44589,36.3308],[139.44642,36.33054],[139.44684,36.33029],[139.44716,36.3301],[139.44734,36.32999],[139.44743,36.32994],[139.44756,36.32986],[139.4488,36.32901],[139.4489,36.32895],[139.44955,36.3285],[139.45028,36.32799],[139.45043,36.32789],[139.45055,36.3278],[139.45088,36.32758],[139.45114,36.32738],[139.45158,36.32706],[139.45189,36.32684],[139.45193,36.32681],[139.45207,36.32668],[139.45213,36.32663],[139.45219,36.32655],[139.4523,36.3264],[139.45244,36.32618],[139.45254,36.32596],[139.45271,36.32545],[139.45275,36.32533],[139.45283,36.32499],[139.453,36.32428],[139.45304,36.32414],[139.4532,36.32348],[139.45341,36.32262],[139.45347,36.32235],[139.45353,36.32212],[139.4537,36.32137],[139.45374,36.32115],[139.45384,36.32078],[139.45386,36.32072],[139.45388,36.3206],[139.45421,36.31931],[139.45428,36.31905],[139.45433,36.31883],[139.45435,36.31881],[139.45441,36.31853],[139.45449,36.31823],[139.45452,36.31812],[139.45459,36.31787],[139.45462,36.31774],[139.4547,36.31741],[139.45488,36.31649],[139.45496,36.31614],[139.45522,36.31517],[139.45526,36.31498],[139.45539,36.31434],[139.45545,36.31409],[139.45565,36.31322],[139.45569,36.31311],[139.45587,36.31243],[139.456,36.31208],[139.45607,36.31192],[139.45611,36.31181],[139.45623,36.31149],[139.45634,36.31119],[139.45638,36.3111],[139.45639,36.31104],[139.45652,36.31071],[139.45662,36.31047],[139.45666,36.31038],[139.45669,36.31028],[139.45673,36.31019],[139.45717,36.30904],[139.45725,36.30883],[139.45738,36.30849],[139.45741,36.30837],[139.45744,36.30828],[139.4575,36.30815],[139.45773,36.30759],[139.45785,36.30728],[139.45805,36.30681],[139.45821,36.30635],[139.4584,36.30585],[139.45845,36.30572],[139.45889,36.30469],[139.45895,36.30451],[139.45911,36.30407],[139.45917,36.30392],[139.45921,36.30379],[139.45924,36.30371],[139.45946,36.30312],[139.45948,36.30308],[139.45972,36.3024],[139.45983,36.30211],[139.45991,36.30192],[139.45994,36.30181],[139.46031,36.30082],[139.46047,36.30045],[139.46054,36.30028],[139.46093,36.29967],[139.46097,36.2996],[139.46144,36.29888],[139.46147,36.29883],[139.46167,36.29854],[139.46191,36.2982],[139.462,36.29809],[139.46203,36.29805],[139.46212,36.29793],[139.46251,36.29746],[139.46256,36.29741],[139.46261,36.29735],[139.46306,36.29687],[139.4632,36.29674],[139.46362,36.29633],[139.46382,36.29616],[139.46386,36.29612],[139.46404,36.29598],[139.46406,36.29595],[139.46408,36.29593],[139.46453,36.29558],[139.46456,36.29555],[139.46462,36.29551],[139.46465,36.29549],[139.46473,36.29542],[139.46518,36.29509],[139.46604,36.2945],[139.4665,36.29419],[139.46653,36.29417],[139.46656,36.29416],[139.46719,36.29376],[139.46781,36.29338],[139.46824,36.29311],[139.46826,36.2931],[139.46831,36.29307],[139.46834,36.29305],[139.46849,36.29295],[139.46856,36.29292],[139.46913,36.29257],[139.47001,36.29202],[139.47006,36.292],[139.47041,36.29178],[139.4705,36.29173],[139.47095,36.29146],[139.47132,36.29123],[139.47167,36.29103],[139.47172,36.29101],[139.473,36.29024],[139.47319,36.29014],[139.47441,36.28941],[139.47451,36.28934],[139.47457,36.28931],[139.47488,36.28913],[139.47576,36.28859],[139.47586,36.28853],[139.47607,36.28841],[139.47629,36.28827],[139.47664,36.28806],[139.47698,36.28786],[139.4774,36.2876],[139.47754,36.28751],[139.47799,36.28724],[139.47825,36.28708],[139.4783,36.28704],[139.47837,36.287],[139.47843,36.28697],[139.47862,36.28686],[139.47873,36.28678],[139.47982,36.28613],[139.48088,36.28548],[139.48098,36.28542],[139.48108,36.28536],[139.48133,36.28521],[139.48149,36.28511],[139.4817,36.28499],[139.48193,36.28484],[139.48203,36.28478],[139.48259,36.28445],[139.48285,36.28429],[139.483,36.28419],[139.48306,36.28415],[139.48347,36.28392],[139.48371,36.28377],[139.484,36.2836],[139.48412,36.28352],[139.48441,36.28334],[139.48472,36.28316],[139.48517,36.28288],[139.48535,36.28277],[139.48622,36.28224],[139.48811,36.2811],[139.48877,36.28071],[139.48878,36.28069],[139.48886,36.28065],[139.48985,36.28006],[139.49036,36.27975],[139.49159,36.27901],[139.49162,36.27899],[139.49166,36.27897],[139.49173,36.27893],[139.49199,36.27876],[139.49245,36.27849],[139.49251,36.27846],[139.4926,36.2784],[139.4927,36.27834],[139.4928,36.27828],[139.49295,36.27818],[139.49338,36.27791],[139.49344,36.27788],[139.49353,36.27783],[139.49383,36.27764],[139.49406,36.27751],[139.49495,36.27699],[139.49511,36.27688],[139.49513,36.27687],[139.49519,36.27684],[139.49562,36.27658],[139.49611,36.2763],[139.4962,36.27623],[139.49652,36.27602],[139.49677,36.27586],[139.49707,36.27566],[139.49713,36.27563],[139.49793,36.27513],[139.49946,36.27419],[139.49973,36.27403],[139.50091,36.27333],[139.50201,36.27269],[139.50299,36.27212],[139.50399,36.27152],[139.50518,36.27084],[139.50642,36.27012],[139.50663,36.26999],[139.50756,36.26947],[139.50904,36.26856],[139.50935,36.26835],[139.50973,36.26806],[139.51014,36.26771],[139.51069,36.26714],[139.51113,36.26668],[139.51166,36.26607],[139.51233,36.26527],[139.51306,36.26439],[139.51373,36.26365],[139.51443,36.26282],[139.51515,36.26203],[139.51592,36.26116],[139.51595,36.26113],[139.51663,36.26033],[139.51739,36.25948],[139.51812,36.25867],[139.51889,36.25777],[139.52007,36.25642],[139.52101,36.25534],[139.52192,36.2543],[139.52237,36.25377],[139.52249,36.25363],[139.52289,36.25316],[139.52305,36.25298],[139.52325,36.25275],[139.52341,36.2526],[139.52359,36.25235],[139.52382,36.2521],[139.52445,36.25138],[139.52503,36.25073],[139.5254,36.2503],[139.52564,36.25004],[139.5257,36.24996],[139.52654,36.24903],[139.52693,36.24855],[139.52723,36.24817],[139.52731,36.24804],[139.52749,36.24776],[139.5276,36.24746],[139.52773,36.24689],[139.52787,36.24638],[139.52802,36.24573],[139.52817,36.24513],[139.52832,36.24439],[139.52846,36.2438],[139.52854,36.24336],[139.52858,36.24314],[139.52859,36.24281],[139.5286,36.24234],[139.52855,36.24197],[139.52845,36.24144],[139.52833,36.24098],[139.52815,36.24042],[139.5279,36.23958],[139.52775,36.23906],[139.52763,36.23872],[139.52751,36.23828],[139.52745,36.23792],[139.52741,36.23743],[139.52739,36.23686],[139.52738,36.23668],[139.52736,36.23576],[139.52733,36.23476],[139.52731,36.23429],[139.52727,36.23303],[139.52725,36.23247],[139.5272,36.23083],[139.52716,36.22988],[139.52711,36.22821],[139.5271,36.22784],[139.52708,36.22725],[139.52707,36.22698],[139.52702,36.22572],[139.52699,36.22455],[139.52695,36.22299],[139.52689,36.22101],[139.52687,36.22063],[139.52687,36.22049],[139.52686,36.22013],[139.5268,36.21847],[139.52679,36.21814],[139.52678,36.21789],[139.52678,36.21787],[139.52675,36.21699],[139.52671,36.21541],[139.52667,36.21433],[139.52663,36.21282],[139.52657,36.21095],[139.52654,36.21007],[139.52653,36.20954],[139.52648,36.20823],[139.52644,36.20693],[139.5264,36.20513],[139.52632,36.20299],[139.52628,36.20145],[139.52624,36.20053],[139.52619,36.19922],[139.52619,36.1992],[139.52619,36.19877],[139.5262,36.19852],[139.52623,36.19814],[139.52631,36.19743],[139.52632,36.19735],[139.52635,36.19717],[139.52643,36.19674],[139.52653,36.19621],[139.5266,36.19594],[139.52672,36.19549],[139.52697,36.19468],[139.52703,36.19444],[139.52711,36.19418],[139.52734,36.19339],[139.52767,36.19223],[139.52788,36.19149],[139.52792,36.19137],[139.52817,36.19049],[139.5286,36.18904],[139.52871,36.18863],[139.52874,36.1885],[139.52904,36.1875],[139.52912,36.18722],[139.52921,36.18691],[139.52952,36.18585],[139.52968,36.18528],[139.52976,36.18498],[139.52983,36.18476],[139.53045,36.1826],[139.53091,36.18102],[139.5314,36.1793],[139.53161,36.17861],[139.5321,36.1769],[139.5323,36.17621],[139.53262,36.17511],[139.53323,36.17298],[139.53377,36.17113],[139.53406,36.16984],[139.53426,36.16925],[139.53456,36.16846],[139.5349,36.16747],[139.53534,36.16636],[139.5356,36.16586],[139.53621,36.1649],[139.53648,36.16451],[139.53675,36.16416],[139.53707,36.16378],[139.53773,36.16316],[139.53842,36.16255],[139.53895,36.16214],[139.53957,36.1617],[139.54061,36.16098],[139.54223,36.15985],[139.5431,36.15927],[139.54417,36.15852],[139.54701,36.15656],[139.54802,36.15586],[139.54978,36.15465],[139.55127,36.15363],[139.55344,36.15207],[139.55524,36.15082],[139.55643,36.14999],[139.55748,36.14926],[139.56075,36.14698],[139.56112,36.14673],[139.56293,36.14548],[139.56522,36.14388],[139.5662,36.1432],[139.56873,36.14144],[139.56954,36.14087],[139.57155,36.13945],[139.57247,36.13882],[139.5725,36.1388],[139.57391,36.13779],[139.57562,36.13657],[139.57696,36.13563],[139.57736,36.13534],[139.57786,36.135],[139.57908,36.13416],[139.58084,36.13292],[139.5825,36.13178],[139.58375,36.13091],[139.58481,36.13018],[139.58539,36.12977],[139.58577,36.12949],[139.58642,36.12903],[139.58739,36.12835],[139.58896,36.12729],[139.5903,36.12637],[139.59132,36.12565],[139.59277,36.12465],[139.59354,36.1241],[139.59428,36.12364],[139.59493,36.12325],[139.59542,36.12301],[139.59571,36.12287],[139.59621,36.12266],[139.59667,36.12251],[139.59732,36.12228],[139.59955,36.12149],[139.59982,36.1214],[139.60021,36.12126],[139.6013,36.12088],[139.60213,36.12058],[139.60338,36.12014],[139.60417,36.11984],[139.60437,36.11976],[139.60508,36.11949],[139.60529,36.11942],[139.6069,36.11888],[139.60743,36.11871],[139.60887,36.11823],[139.60957,36.118],[139.6115,36.11736],[139.61296,36.11688],[139.61586,36.11592],[139.61797,36.11521],[139.61917,36.11481],[139.61952,36.11469],[139.62079,36.11426],[139.62176,36.11395],[139.62545,36.11267],[139.62889,36.11154],[139.63163,36.1106],[139.63199,36.11048],[139.6327,36.11025],[139.63449,36.10964],[139.63567,36.10925],[139.63591,36.10917],[139.63879,36.10821],[139.64016,36.10776],[139.64493,36.10617],[139.64637,36.10567],[139.64743,36.10525],[139.64843,36.10485],[139.64886,36.10462],[139.64918,36.10442],[139.64963,36.10409],[139.65,36.10375],[139.65049,36.10329],[139.65253,36.10117],[139.6535,36.10011],[139.65414,36.09942],[139.65435,36.09919],[139.65653,36.0968],[139.65739,36.09585],[139.65803,36.09518],[139.65862,36.09461],[139.65913,36.0942],[139.66037,36.09326],[139.66328,36.09109],[139.66533,36.08958],[139.66683,36.08847],[139.66807,36.08756],[139.66836,36.08735],[139.66951,36.08652],[139.67068,36.08564],[139.67341,36.08367],[139.67557,36.08205],[139.67775,36.08049],[139.67784,36.08043],[139.67909,36.07949],[139.67963,36.07906],[139.67981,36.0789],[139.68008,36.07863],[139.68022,36.07847],[139.68052,36.07805],[139.68085,36.0775],[139.68115,36.07672],[139.68126,36.07624],[139.68132,36.07596],[139.68133,36.07576],[139.68137,36.07516],[139.68126,36.07418],[139.68103,36.07296],[139.68086,36.07195],[139.68074,36.0714],[139.68056,36.07099],[139.67953,36.06946],[139.67926,36.06903],[139.67876,36.068],[139.67843,36.06719],[139.6782,36.06666],[139.67787,36.06607],[139.67735,36.06503],[139.67685,36.06413],[139.67626,36.06316],[139.67606,36.06273],[139.67593,36.06238],[139.67571,36.06173],[139.67561,36.06058],[139.67562,36.06006],[139.67571,36.05958],[139.67597,36.05904],[139.67626,36.05863],[139.67657,36.05825],[139.67706,36.05781],[139.67776,36.05724],[139.6781,36.05698],[139.67866,36.05654],[139.6798,36.0557],[139.68076,36.05497],[139.68258,36.05361],[139.68475,36.05196],[139.68618,36.05091],[139.68746,36.04997],[139.69112,36.04721],[139.69427,36.0448],[139.69469,36.04448],[139.69536,36.04398],[139.6973,36.04252],[139.69907,36.04117],[139.69948,36.04086],[139.70058,36.04002],[139.70162,36.03927],[139.70496,36.03673],[139.70599,36.03595],[139.7065,36.03562],[139.71022,36.03362],[139.71036,36.03354],[139.71203,36.03265],[139.71699,36.03002],[139.71866,36.02912],[139.71949,36.02868],[139.72181,36.02743],[139.72226,36.0272],[139.72374,36.0264],[139.72601,36.02516],[139.72777,36.02424],[139.72921,36.02347],[139.72961,36.02327],[139.73004,36.02301],[139.73075,36.02251],[139.73146,36.02192],[139.7317,36.02166],[139.73222,36.02107],[139.7327,36.02027],[139.73307,36.01939],[139.73353,36.0182],[139.73389,36.01724],[139.73441,36.01582],[139.73459,36.01534],[139.73532,36.01344],[139.7359,36.01183],[139.73606,36.0114],[139.73637,36.01057],[139.7365,36.0102],[139.73773,36.0069],[139.73832,36.00524],[139.73842,36.00502],[139.73846,36.00493],[139.73891,36.00391],[139.73925,36.0032],[139.73963,36.00222],[139.73995,36.00139],[139.74042,36.00017],[139.74103,35.9986],[139.74109,35.99843],[139.74136,35.99769],[139.74155,35.99725],[139.7419,35.99631],[139.74232,35.99524],[139.7428,35.99395],[139.74325,35.99277],[139.74366,35.9917],[139.74405,35.99069],[139.74459,35.98919],[139.74493,35.98817],[139.74506,35.98777],[139.74535,35.98697],[139.74566,35.98612],[139.74578,35.98582],[139.74601,35.98518],[139.74626,35.98452],[139.7465,35.98403],[139.74676,35.98364],[139.74733,35.98308],[139.74758,35.98283],[139.7479,35.98253],[139.74819,35.9823],[139.74842,35.98213],[139.74864,35.98199],[139.74933,35.98162],[139.74977,35.9814],[139.75038,35.9811],[139.7508,35.98093],[139.75134,35.9807],[139.75159,35.98059],[139.75259,35.98014],[139.75331,35.97984],[139.75367,35.97971],[139.75433,35.97944],[139.75475,35.97926],[139.75559,35.97893],[139.75758,35.97813],[139.75827,35.97785],[139.75924,35.97746],[139.75996,35.97716],[139.76031,35.97702],[139.76078,35.97678],[139.76113,35.97655],[139.7614,35.97638],[139.76165,35.9762],[139.76198,35.97592],[139.76229,35.9756],[139.76259,35.97522],[139.76274,35.97502],[139.763,35.97469],[139.76315,35.97444],[139.76328,35.97418],[139.76337,35.97388],[139.76348,35.9735],[139.76386,35.97228],[139.76409,35.97153],[139.76421,35.97114],[139.76441,35.97051],[139.76551,35.96674],[139.76582,35.96562],[139.76626,35.96413],[139.76658,35.96309],[139.76674,35.96254],[139.76688,35.96201],[139.76745,35.96012],[139.76811,35.95788],[139.76886,35.95537],[139.76928,35.95396],[139.77047,35.94991],[139.77095,35.94825],[139.77222,35.94394],[139.77355,35.93949],[139.77397,35.9381],[139.77405,35.93779],[139.77406,35.93775],[139.77437,35.93672],[139.77482,35.93519],[139.77543,35.93313],[139.77741,35.92643],[139.77772,35.92538],[139.77816,35.92382],[139.77907,35.92073],[139.77932,35.91987],[139.77972,35.91844],[139.77988,35.91771],[139.78026,35.91604],[139.78032,35.91574],[139.78036,35.91502],[139.7803,35.9142],[139.78028,35.91393],[139.78015,35.91212],[139.78015,35.91207],[139.7801,35.91142],[139.78003,35.91022],[139.77997,35.90935],[139.77992,35.90874],[139.77991,35.90858],[139.7799,35.90839],[139.77987,35.90799],[139.77974,35.90631],[139.77972,35.90581],[139.77961,35.90439],[139.77961,35.90437],[139.77961,35.90435],[139.77958,35.90389],[139.7796,35.90328],[139.77963,35.9031],[139.77966,35.90285],[139.77972,35.90244],[139.78002,35.90099],[139.78015,35.90063],[139.78024,35.9004],[139.78033,35.90015],[139.78054,35.89963],[139.78073,35.89922],[139.78095,35.89873],[139.78101,35.89861],[139.78109,35.89843],[139.78128,35.89801],[139.78171,35.89707],[139.78215,35.89613],[139.78243,35.89552],[139.78254,35.89532],[139.78286,35.89465],[139.78339,35.8935],[139.78357,35.89314],[139.78368,35.89289],[139.78376,35.89272],[139.78385,35.89253],[139.78412,35.89194],[139.78417,35.89186],[139.78496,35.89023],[139.785,35.89014],[139.78505,35.89003],[139.78516,35.8898],[139.78544,35.88922],[139.78584,35.88836],[139.78587,35.8883],[139.7866,35.88676],[139.78665,35.88667],[139.7867,35.88656],[139.78681,35.88635],[139.78691,35.88614],[139.78708,35.88583],[139.78724,35.88548],[139.78738,35.88519],[139.78744,35.88504],[139.78752,35.88485],[139.78772,35.88439],[139.7878,35.88409],[139.78793,35.88366],[139.78808,35.88311],[139.78818,35.88275],[139.78829,35.88233],[139.78831,35.88226],[139.78849,35.88147],[139.78854,35.88129],[139.78862,35.88091],[139.78864,35.88079],[139.78873,35.8804],[139.78887,35.87984],[139.78897,35.8794],[139.78916,35.87858],[139.78924,35.8782],[139.78941,35.87743],[139.78963,35.8764],[139.78967,35.87622],[139.78996,35.87491],[139.79001,35.87464],[139.79007,35.87441],[139.79016,35.87401],[139.79031,35.87333],[139.79045,35.87276],[139.79057,35.87222],[139.79066,35.87182],[139.79078,35.87132],[139.79099,35.87038],[139.79109,35.86991],[139.79111,35.86984],[139.79118,35.86954],[139.79124,35.86928],[139.79141,35.86848],[139.79145,35.86831],[139.79155,35.86788],[139.79158,35.86773],[139.79163,35.86751],[139.7919,35.86627],[139.79203,35.86567],[139.79233,35.8643],[139.79242,35.86391],[139.7925,35.86357],[139.79255,35.8633],[139.79269,35.86264],[139.79275,35.8624],[139.79282,35.86213],[139.79298,35.86138],[139.79318,35.8605],[139.79338,35.85958],[139.79351,35.85901],[139.7936,35.85866],[139.79365,35.85843],[139.79374,35.85802],[139.79375,35.85797],[139.79389,35.85748],[139.79392,35.85738],[139.79404,35.85698],[139.79417,35.85668],[139.79445,35.8561],[139.79462,35.85578],[139.79472,35.85556],[139.79488,35.85521],[139.79518,35.85462],[139.79567,35.8536],[139.79575,35.85344],[139.79584,35.85324],[139.79599,35.85294],[139.79617,35.85256],[139.7962,35.85249],[139.79626,35.85236],[139.79648,35.85188],[139.7971,35.85066],[139.7972,35.85045],[139.79738,35.8501],[139.79752,35.8498],[139.79787,35.84907],[139.79796,35.8489],[139.7981,35.8486],[139.79833,35.84813],[139.79904,35.84662],[139.79931,35.84605],[139.7994,35.84588],[139.79964,35.84539],[139.79978,35.84509],[139.79995,35.84474],[139.8001,35.84446],[139.80022,35.84422],[139.80035,35.84398],[139.801,35.84262],[139.8012,35.84221],[139.80128,35.84206],[139.80141,35.84183],[139.80161,35.84146],[139.80174,35.84121],[139.80183,35.84104],[139.80201,35.84071],[139.8021,35.84054],[139.80223,35.84029],[139.80232,35.84013],[139.8024,35.83999],[139.80265,35.8395],[139.80276,35.83928],[139.80286,35.83904],[139.80297,35.83882],[139.80307,35.83858],[139.80313,35.83842],[139.80321,35.8382],[139.80335,35.83777],[139.80345,35.83744],[139.80353,35.83716],[139.80357,35.83699],[139.80362,35.83675],[139.80366,35.83655],[139.80387,35.83542],[139.80394,35.83475],[139.80397,35.83429],[139.80394,35.83384],[139.80385,35.83284],[139.80378,35.83195],[139.8036,35.83002],[139.80352,35.82914],[139.80339,35.82762],[139.80319,35.82535],[139.80292,35.82211],[139.80264,35.81913],[139.80258,35.81863],[139.80252,35.81803],[139.80248,35.81769],[139.80238,35.81725],[139.80219,35.81647],[139.80186,35.81562],[139.80107,35.8141],[139.80054,35.81329],[139.80005,35.8126],[139.7995,35.81196],[139.79845,35.8107],[139.79775,35.80992],[139.79697,35.80898],[139.79634,35.80821],[139.79592,35.80764],[139.79568,35.80729],[139.7954,35.80681],[139.79516,35.80633],[139.79478,35.80535],[139.79476,35.8053],[139.79465,35.80503],[139.79406,35.80339],[139.79353,35.80203],[139.79285,35.80016],[139.79202,35.79791],[139.79146,35.7964],[139.79145,35.79636],[139.79098,35.79511],[139.79046,35.79363],[139.78938,35.79069],[139.7886,35.78862],[139.78786,35.7866],[139.78682,35.78384],[139.78664,35.78332],[139.78658,35.78307],[139.78655,35.78271],[139.78655,35.78235],[139.78655,35.78199],[139.78659,35.78165],[139.7867,35.7813],[139.78682,35.78103],[139.78704,35.78071],[139.78743,35.78024],[139.78814,35.77951],[139.78859,35.77905],[139.78977,35.77786],[139.79096,35.7767],[139.7914,35.77627],[139.79188,35.77584],[139.79205,35.7757],[139.79278,35.77526],[139.79519,35.77393],[139.7964,35.77326],[139.79975,35.77143],[139.8055,35.76823],[139.80864,35.76647],[139.81062,35.76534],[139.81077,35.76524],[139.81116,35.76502],[139.81129,35.76495],[139.81168,35.76473],[139.81183,35.76463],[139.81197,35.76452],[139.81221,35.76434],[139.81241,35.76415],[139.81263,35.76391],[139.81285,35.76354],[139.81311,35.76309],[139.81331,35.76272],[139.81342,35.76236],[139.81352,35.76196],[139.81359,35.76173],[139.81362,35.76141],[139.81362,35.76107],[139.81361,35.76084],[139.81355,35.76052],[139.81341,35.75999],[139.81329,35.75962],[139.81318,35.75935],[139.8131,35.75923],[139.8122,35.75814],[139.81203,35.75791],[139.81051,35.7563],[139.80878,35.75446],[139.80869,35.75437],[139.80853,35.75419],[139.80814,35.75382],[139.80807,35.75375],[139.80757,35.75323],[139.80713,35.75281],[139.80654,35.75226],[139.80633,35.75201],[139.80618,35.75175],[139.80604,35.75137],[139.806,35.75126],[139.80578,35.75053],[139.80529,35.7489],[139.80518,35.74855],[139.80516,35.74849],[139.80499,35.74797],[139.8049,35.74748],[139.80486,35.74712],[139.80486,35.74685],[139.80489,35.74658],[139.80502,35.74618],[139.80521,35.74576],[139.80551,35.74534],[139.80587,35.74496],[139.80617,35.74472],[139.80657,35.74446],[139.80684,35.74434],[139.80711,35.74425],[139.80755,35.74414],[139.80818,35.74409],[139.8088,35.74412],[139.81137,35.74448],[139.81217,35.74461],[139.81237,35.74464],[139.8126,35.74468],[139.81304,35.74473],[139.81326,35.74476],[139.81384,35.7448],[139.81436,35.74479],[139.8149,35.7447],[139.81533,35.74457],[139.81595,35.74437],[139.81636,35.74417],[139.81677,35.74391],[139.81715,35.74361],[139.81761,35.74308],[139.81777,35.74284],[139.81794,35.74252],[139.81828,35.74187],[139.81895,35.74064],[139.8202,35.73835],[139.82104,35.73687],[139.82117,35.73659],[139.82126,35.73623],[139.82132,35.73565],[139.82132,35.73535],[139.82129,35.73512],[139.82121,35.73487],[139.82102,35.73452],[139.82075,35.73418],[139.82072,35.73415],[139.82002,35.73337],[139.81957,35.73284],[139.81933,35.73254],[139.81919,35.73231],[139.81896,35.7317],[139.81886,35.73133],[139.81882,35.73105],[139.81884,35.73064],[139.81893,35.73021],[139.81916,35.72946],[139.81964,35.72809],[139.81974,35.72767],[139.81974,35.72732],[139.81959,35.72617],[139.81942,35.72492],[139.81941,35.72483],[139.81926,35.72388],[139.81897,35.72271],[139.81887,35.7224],[139.81864,35.72201],[139.81809,35.72133],[139.81724,35.72033],[139.81698,35.71988],[139.81685,35.71959],[139.8168,35.71944],[139.81677,35.71936],[139.81667,35.71891],[139.81658,35.71726],[139.81651,35.71726],[139.81643,35.71575],[139.8164,35.71511],[139.8163,35.71439],[139.81622,35.71404],[139.81594,35.71341],[139.81576,35.71315],[139.81556,35.71285],[139.81527,35.71248],[139.81478,35.71211],[139.81469,35.71204],[139.81437,35.71184],[139.8141,35.71168],[139.81328,35.71121],[139.81279,35.71096],[139.81218,35.71079],[139.81148,35.71074],[139.81016,35.71066],[139.80863,35.71027],[139.80818,35.71019],[139.80762,35.71015],[139.80701,35.71017],[139.80634,35.7103],[139.80196,35.71151],[139.801,35.71203],[139.80093,35.71207],[139.80004,35.71259],[139.79972,35.71266],[139.79955382,35.71267647],[139.79937174,35.71267401],[139.79909747,35.71261585],[139.79888313,35.71252132],[139.7987,35.71239],[139.79793,35.71157]]}},{"type":"Feature","properties":{"line_name":"東武東上線"},"geometry":{"type":"LineString","coordinates":[[139.71106,35.73099],[139.71128,35.73137],[139.71171,35.73208],[139.71224,35.73284],[139.71303,35.73388],[139.71341,35.73441],[139.71428,35.73611],[139.71526,35.73813],[139.71597,35.73952],[139.71603,35.73963],[139.71676,35.74104],[139.71699,35.74152],[139.71715,35.74199],[139.71724,35.74247],[139.71722,35.74294],[139.71705,35.74347],[139.71685,35.74387],[139.71661,35.74418],[139.71632,35.74449],[139.71576,35.745],[139.71543,35.74527],[139.71495,35.74551],[139.71477,35.74558],[139.71465,35.74563],[139.71422,35.74577],[139.7132,35.74602],[139.71302,35.74606],[139.70952,35.74667],[139.70904,35.74675],[139.70658,35.74718],[139.70513,35.74744],[139.70424,35.74764],[139.70361,35.74786],[139.70308,35.74809],[139.70254,35.74844],[139.70225,35.7487],[139.7019,35.74917],[139.70143,35.74992],[139.70099,35.75086],[139.7007,35.7514],[139.70025,35.75213],[139.69998,35.75256],[139.69951,35.75323],[139.6993,35.75345],[139.69895,35.75379],[139.69854,35.75415],[139.69825,35.75436],[139.69752,35.75476],[139.6968,35.7551],[139.69601,35.75549],[139.69521,35.75587],[139.69356,35.75669],[139.69286,35.75706],[139.69259,35.7572],[139.69255,35.75723],[139.69203,35.75748],[139.69167,35.75766],[139.69162,35.75769],[139.69133,35.75782],[139.69058,35.7582],[139.6899,35.75851],[139.68964,35.75865],[139.68788,35.75916],[139.68714,35.75937],[139.68692,35.75943],[139.68624,35.75962],[139.68523,35.75991],[139.68452,35.76014],[139.684,35.76033],[139.68332,35.76058],[139.68247,35.76095],[139.68168,35.76128],[139.68036,35.76184],[139.67943,35.76223],[139.67838,35.76269],[139.67745,35.76308],[139.67692,35.7633],[139.67549,35.76393],[139.67483,35.76423],[139.67393,35.76464],[139.67274,35.76517],[139.67184,35.76556],[139.67092,35.76596],[139.66957,35.76656],[139.66873,35.7669],[139.66833,35.76707],[139.66746,35.76742],[139.66737,35.76745],[139.66679,35.76767],[139.66643,35.7678],[139.66563,35.76805],[139.66481,35.76827],[139.66437,35.76837],[139.66372,35.76851],[139.66343,35.76855],[139.66165,35.76875],[139.6613,35.7688],[139.66094,35.76884],[139.66004,35.7689],[139.6594,35.76894],[139.65857,35.76899],[139.65789,35.769],[139.65695,35.76906],[139.65631,35.76909],[139.65516,35.76916],[139.65438,35.76922],[139.65327,35.7693],[139.65239,35.76934],[139.65223,35.76935],[139.65176,35.76937],[139.65157,35.76938],[139.65106,35.76942],[139.65014,35.76948],[139.64978,35.76951],[139.64922,35.76954],[139.64839,35.76962],[139.64783,35.7697],[139.6468,35.76991],[139.64587,35.77015],[139.64537,35.7703],[139.64433,35.77067],[139.64404,35.77079],[139.64392,35.77085],[139.64327,35.77115],[139.64273,35.77139],[139.64231,35.77159],[139.64182,35.77181],[139.64103,35.77223],[139.64067,35.77242],[139.6403,35.77263],[139.63989,35.77289],[139.63925,35.77333],[139.63821,35.77403],[139.63741,35.77458],[139.63686,35.77493],[139.63617,35.7754],[139.63543,35.77589],[139.63501,35.77616],[139.63479,35.77632],[139.63433,35.77663],[139.63376,35.77702],[139.633,35.77754],[139.63271,35.77771],[139.63212,35.7781],[139.631,35.77887],[139.63075,35.77904],[139.63048,35.77923],[139.62961,35.77982],[139.6289,35.78031],[139.62856,35.78056],[139.62791,35.781],[139.62724,35.78144],[139.62614,35.78221],[139.62612,35.78222],[139.62369,35.78379],[139.62283,35.78429],[139.62236,35.78449],[139.62178,35.78469],[139.62118,35.78495],[139.6199,35.78547],[139.61912,35.78579],[139.61886,35.78591],[139.61692,35.7867],[139.61561,35.78724],[139.61469,35.78762],[139.61391,35.78793],[139.61182,35.78877],[139.61074,35.7892],[139.60941,35.78975],[139.60874,35.79003],[139.60796,35.79035],[139.60638,35.791],[139.6046,35.79173],[139.60411,35.79194],[139.6038,35.79207],[139.60289,35.79257],[139.60212,35.79315],[139.60145,35.79387],[139.60098,35.79465],[139.60054,35.79596],[139.60006,35.79757],[139.5996,35.7991],[139.59932,35.79996],[139.59897,35.80108],[139.5986,35.80226],[139.59841,35.8029],[139.59816,35.8037],[139.59785,35.80447],[139.59743,35.80536],[139.59711,35.80596],[139.59655,35.80688],[139.59606,35.80752],[139.59558,35.8081],[139.5951,35.80861],[139.59479,35.80893],[139.594,35.80968],[139.59382,35.80982],[139.59328,35.81028],[139.59244,35.8109],[139.59155,35.8115],[139.59116,35.81176],[139.59019,35.8124],[139.58963,35.81278],[139.58927,35.81301],[139.58897,35.8132],[139.58842,35.81358],[139.58796,35.8139],[139.58664,35.81479],[139.58631,35.81499],[139.58602,35.81515],[139.58555,35.81545],[139.58489,35.8159],[139.58379,35.81662],[139.58332,35.81692],[139.58219,35.81766],[139.58127,35.81826],[139.57945,35.81945],[139.57838,35.82015],[139.57798,35.82041],[139.57741,35.82078],[139.577,35.82106],[139.5769,35.82113],[139.57658,35.82133],[139.57601,35.82171],[139.57459,35.82263],[139.57429,35.82282],[139.57381,35.82312],[139.57328,35.82348],[139.57282,35.82378],[139.57159,35.82458],[139.57052,35.82528],[139.56951,35.82594],[139.56872,35.82646],[139.56726,35.82741],[139.56656,35.82787],[139.56619,35.82813],[139.56546,35.82859],[139.56518,35.82878],[139.56452,35.82921],[139.56409,35.82949],[139.56316,35.8301],[139.56176,35.83102],[139.56114,35.83142],[139.56091,35.83157],[139.56067,35.83173],[139.55977,35.83232],[139.55897,35.83284],[139.55841,35.83321],[139.55754,35.83376],[139.55691,35.83418],[139.55571,35.83498],[139.55459,35.83571],[139.55385,35.8362],[139.55329,35.83655],[139.5518,35.83754],[139.54977,35.83886],[139.54897,35.83937],[139.54791,35.84008],[139.54542,35.84172],[139.54515,35.84189],[139.54466,35.84222],[139.54267,35.84353],[139.54057,35.84489],[139.53901,35.84591],[139.53834,35.84631],[139.53657,35.84749],[139.5357,35.84809],[139.53502,35.84857],[139.53402,35.84928],[139.53304,35.85004],[139.53256,35.85047],[139.53192,35.85103],[139.53135,35.85158],[139.53068,35.85229],[139.52907,35.85397],[139.5278,35.85537],[139.52772,35.85547],[139.52746,35.85574],[139.5257,35.85776],[139.52434,35.85932],[139.52382,35.85991],[139.52236,35.86158],[139.52205,35.86195],[139.52022,35.86407],[139.51967,35.8647],[139.51775,35.86695],[139.51751,35.86722],[139.51653,35.86839],[139.51434,35.87098],[139.51245,35.87321],[139.51129,35.87453],[139.50991,35.87613],[139.50868,35.87757],[139.50805,35.87831],[139.50782,35.87859],[139.50655,35.88006],[139.5041,35.88295],[139.50395,35.88313],[139.50353,35.88361],[139.50187,35.88558],[139.50065,35.88702],[139.49909,35.88886],[139.49768,35.89056],[139.49692,35.89148],[139.49678,35.89168],[139.49601,35.89247],[139.49483,35.89375],[139.49308,35.89577],[139.49266,35.89624],[139.49249,35.89644],[139.49232,35.89664],[139.49213,35.89686],[139.4919,35.89713],[139.4917,35.89736],[139.49106,35.8981],[139.49088,35.89831],[139.49031,35.89897],[139.48978,35.89956],[139.48963,35.89976],[139.48858,35.901],[139.48792,35.90176],[139.4871,35.9027],[139.48643,35.90346],[139.48593,35.90405],[139.4852,35.90492],[139.48453,35.90568],[139.48401,35.90627],[139.48305,35.90726],[139.48263,35.90776],[139.48228,35.90813],[139.48156,35.90897],[139.48011,35.91068],[139.47974,35.91111],[139.47904,35.9119],[139.47843,35.91263],[139.47777,35.91339],[139.47642,35.91488],[139.47632,35.91498],[139.47572,35.91556],[139.47508,35.91611],[139.47419,35.91681],[139.47334,35.91753],[139.47231,35.91833],[139.47177,35.91878],[139.47136,35.91909],[139.47098,35.91935],[139.47064,35.91954],[139.47029,35.91972],[139.47006,35.91978],[139.46979,35.91987],[139.46964,35.91991],[139.46935,35.91998],[139.46808,35.92028],[139.46764,35.92038],[139.46743,35.92042],[139.46732,35.92044],[139.46457,35.92102],[139.45659,35.92269],[139.45633,35.92275],[139.45538,35.92294],[139.45536,35.92295],[139.45518,35.92299],[139.45513,35.923],[139.45436,35.92316],[139.45382,35.92328],[139.4518,35.9237],[139.45166,35.92372],[139.45138,35.92378],[139.45116,35.92383],[139.44896,35.92432],[139.44726,35.92468],[139.44596,35.92495],[139.44521,35.92511],[139.44392,35.92543],[139.4434,35.92557],[139.44288,35.92574],[139.4424,35.92589],[139.4417,35.92611],[139.44098,35.92645],[139.44062,35.92666],[139.43986,35.9271],[139.43924,35.92748],[139.43884,35.92771],[139.43848,35.92794],[139.43822,35.9281],[139.43821,35.92811],[139.43792,35.92828],[139.43762,35.92847],[139.43731,35.92865],[139.43729,35.92865],[139.43711,35.92877],[139.43668,35.92903],[139.4366,35.92908],[139.43646,35.92917],[139.43606,35.92941],[139.43603,35.92943],[139.43541,35.92981],[139.43464,35.93029],[139.43429,35.9305],[139.43382,35.93079],[139.43373,35.93083],[139.433,35.93127],[139.43263,35.93149],[139.43168,35.93206],[139.43074,35.93262],[139.42989,35.93313],[139.4292,35.93354],[139.42902,35.93365],[139.42722,35.9347],[139.42667,35.93503],[139.42644,35.93518],[139.42641,35.9352],[139.42573,35.93564],[139.42555,35.93575],[139.42538,35.93586],[139.42502,35.93609],[139.42369,35.93693],[139.42302,35.93735],[139.42153,35.93842],[139.42138,35.93854],[139.42135,35.93856],[139.42107,35.93879],[139.42102,35.93882],[139.41988,35.93976],[139.41971,35.9399],[139.41958,35.94],[139.41895,35.94053],[139.41819,35.94115],[139.41791,35.94137],[139.41731,35.94188],[139.41591,35.94301],[139.41539,35.94343],[139.41506,35.9437],[139.41505,35.94372],[139.41499,35.94376],[139.41402,35.94455],[139.41301,35.94538],[139.41287,35.94551],[139.41284,35.94552],[139.4128,35.94555],[139.41244,35.94585],[139.41238,35.94589],[139.41117,35.94689],[139.411,35.94702],[139.41098,35.94703],[139.41053,35.94742],[139.41034,35.94757],[139.41031,35.94758],[139.40929,35.94841],[139.40814,35.94936],[139.40803,35.94945],[139.40751,35.94987],[139.40749,35.94987],[139.40735,35.95],[139.40635,35.95081],[139.40571,35.95134],[139.40525,35.95171],[139.40381,35.95287],[139.4037,35.95296],[139.40317,35.95339],[139.40285,35.95365],[139.40253,35.95391],[139.40235,35.95405],[139.40215,35.95421],[139.40049,35.95553],[139.4004,35.9556],[139.4001,35.95576],[139.40001,35.95582],[139.39982,35.95589],[139.39949,35.95604],[139.39874,35.95636],[139.3985,35.95644],[139.39834,35.95649],[139.39768,35.95669],[139.39731,35.95681],[139.39713,35.95686],[139.397,35.9569],[139.39695,35.95691],[139.39691,35.95692],[139.39674,35.95698],[139.39663,35.957],[139.39617,35.95715],[139.39597,35.95721],[139.39576,35.95724],[139.3957,35.95725],[139.39556,35.95727],[139.39543,35.95728],[139.39523,35.95729],[139.3934,35.95722],[139.39309,35.95721],[139.39253,35.95721],[139.39239,35.9572],[139.39207,35.95721],[139.3915,35.95726],[139.39127,35.9573],[139.3909,35.9574],[139.39068,35.95749],[139.39062,35.95752],[139.39052,35.95757],[139.39042,35.95763],[139.39028,35.95772],[139.39025,35.95774],[139.39019,35.95779],[139.39017,35.95779],[139.39002,35.9579],[139.38957,35.95826],[139.38932,35.95856],[139.38916,35.95887],[139.38905,35.95919],[139.38905,35.95922],[139.38901,35.95932],[139.38893,35.95972],[139.3889,35.96007],[139.38888,35.96065],[139.38892,35.96112],[139.38897,35.96146],[139.38903,35.96167],[139.3891,35.96186],[139.38917,35.96203],[139.38925,35.96218],[139.38952,35.96267],[139.38979,35.96305],[139.38999,35.96333],[139.39028,35.96371],[139.39056,35.96407],[139.39058,35.96411],[139.39073,35.96429],[139.39099,35.96463],[139.39143,35.96517],[139.39165,35.96545],[139.39171,35.96551],[139.39218,35.96613],[139.39251,35.96655],[139.39266,35.96674],[139.39283,35.96695],[139.39313,35.96732],[139.39336,35.96759],[139.39359,35.9679],[139.3937,35.96802],[139.39377,35.96812],[139.39379,35.96812],[139.39388,35.96826],[139.39627,35.97128],[139.3963,35.97132],[139.39739,35.97264],[139.39774,35.9731],[139.39792,35.97337],[139.39806,35.97366],[139.39846,35.97504],[139.39849,35.97513],[139.3985,35.97523],[139.39924,35.9779],[139.3997,35.9795],[139.39976,35.97968],[139.39977,35.97972],[139.39989,35.98016],[139.3999,35.98021],[139.39998,35.98048],[139.40006,35.98076],[139.40022,35.98132],[139.4003,35.9816],[139.40034,35.98172],[139.40043,35.98203],[139.40043,35.98205],[139.40045,35.98206],[139.40048,35.98217],[139.40057,35.98252],[139.40064,35.98281],[139.40066,35.98307],[139.40067,35.98337],[139.40066,35.98357],[139.40065,35.98377],[139.40063,35.98434],[139.40062,35.98459],[139.4006,35.98499],[139.4006,35.98509],[139.40057,35.98598],[139.40056,35.98624],[139.40056,35.98642],[139.40057,35.98661],[139.40059,35.98739],[139.4006,35.98765],[139.40064,35.98908],[139.40066,35.99157],[139.40063,35.99249],[139.40062,35.99269],[139.40062,35.99276],[139.40054,35.99313],[139.40053,35.99318],[139.39979,35.99553],[139.39903,35.99817],[139.398,36.00191],[139.39779,36.00261],[139.39769,36.00294],[139.39762,36.00318],[139.39736,36.004],[139.39721,36.00445],[139.39711,36.00484],[139.39702,36.00525],[139.39699,36.00537],[139.39697,36.00551],[139.39695,36.00563],[139.39695,36.00595],[139.39697,36.00624],[139.39699,36.00658],[139.397,36.0067],[139.39704,36.00688],[139.39714,36.00726],[139.39723,36.00754],[139.39734,36.00779],[139.39746,36.00805],[139.39763,36.00836],[139.39785,36.00868],[139.39819,36.00915],[139.39848,36.00957],[139.3988,36.01004],[139.39906,36.0104],[139.39931,36.01075],[139.39957,36.0111],[139.39994,36.01164],[139.40031,36.01215],[139.40085,36.01291],[139.40116,36.01336],[139.40125,36.01351],[139.40133,36.01365],[139.40146,36.01391],[139.40156,36.01413],[139.40164,36.01433],[139.40171,36.0145],[139.40179,36.01476],[139.40188,36.0151],[139.40195,36.01544],[139.40199,36.01565],[139.40201,36.01575],[139.40201,36.01588],[139.40206,36.01676],[139.40208,36.0171],[139.40214,36.01856],[139.40218,36.01974],[139.40223,36.02104],[139.40228,36.02214],[139.40234,36.02397],[139.40237,36.02469],[139.4024,36.02528],[139.40244,36.02577],[139.40246,36.02612],[139.40247,36.02637],[139.40247,36.02677],[139.40249,36.02767],[139.4025,36.02852],[139.40247,36.02925],[139.40243,36.03001],[139.40241,36.03045],[139.40233,36.0313],[139.40223,36.03211],[139.40215,36.03273],[139.40212,36.03291],[139.40209,36.0331],[139.40206,36.03321],[139.40187,36.03392],[139.40174,36.03426],[139.40157,36.03466],[139.40117,36.03572],[139.40101,36.03605],[139.40088,36.03631],[139.40071,36.03662],[139.4005,36.03694],[139.40038,36.03711],[139.40014,36.03742],[139.39991,36.03768],[139.39966,36.03793],[139.39947,36.0381],[139.39921,36.03831],[139.39904,36.03841],[139.3987,36.03864],[139.39836,36.03883],[139.39822,36.0389],[139.39808,36.03897],[139.39673,36.03956],[139.39556,36.04007],[139.39531,36.04018],[139.39461,36.04049],[139.39427,36.04064],[139.3941,36.04071],[139.39395,36.04077],[139.39306,36.04111],[139.3924,36.04135],[139.39217,36.04142],[139.3918,36.04154],[139.39141,36.04166],[139.39083,36.04183],[139.39023,36.04199],[139.39004,36.04203],[139.38903,36.04227],[139.38833,36.04243],[139.3873,36.04264],[139.38588,36.04293],[139.38516,36.04308],[139.38461,36.0432],[139.38371,36.04339],[139.38223,36.0437],[139.38118,36.04392],[139.37865,36.04445],[139.37636,36.04496],[139.3743,36.04537],[139.37379,36.04548],[139.37326,36.04559],[139.37282,36.04569],[139.37247,36.04578],[139.37225,36.04584],[139.37179,36.04594],[139.3715,36.04599],[139.37041,36.04622],[139.36947,36.04638],[139.36815,36.04665],[139.36751,36.04676],[139.36662,36.0469],[139.36633,36.04693],[139.36625,36.04694],[139.36425,36.04714],[139.36187,36.04738],[139.36131,36.04743],[139.36073,36.0475],[139.36025,36.04755],[139.3593,36.04757],[139.35853,36.04753],[139.35778,36.04743],[139.35726,36.04733],[139.35614,36.04704],[139.354,36.04634],[139.35268,36.04589],[139.35087,36.04531],[139.3502,36.04508],[139.34941,36.04481],[139.3461,36.04369],[139.34597,36.04365],[139.34516,36.04338],[139.3447,36.04323],[139.34301,36.04266],[139.34185,36.04227],[139.34112,36.04203],[139.33996,36.04168],[139.33994,36.04167],[139.33934,36.0415],[139.33887,36.04141],[139.33819,36.04129],[139.33769,36.04123],[139.33702,36.04121],[139.33611,36.04124],[139.33538,36.04136],[139.33458,36.04154],[139.33385,36.04178],[139.33336,36.04196],[139.33174,36.04264],[139.33011,36.04334],[139.32957,36.04358],[139.32853,36.04403],[139.32695,36.04474],[139.32626,36.04504],[139.32481,36.0457],[139.32333,36.04638],[139.32207,36.04698],[139.3213,36.04735],[139.32072,36.04764],[139.32047,36.04776],[139.31961,36.04819],[139.31853,36.04869],[139.31798,36.04901],[139.31762,36.04923],[139.31739,36.0494],[139.31696,36.04968],[139.31663,36.0499],[139.31609,36.05028],[139.31562,36.05062],[139.31519,36.0509],[139.31491,36.05108],[139.31449,36.05133],[139.31403,36.05151],[139.31369,36.05163],[139.31347,36.05169],[139.31294,36.05178],[139.31252,36.05182],[139.31222,36.05181],[139.31193,36.05178],[139.31143,36.05173],[139.31116,36.05169],[139.31086,36.05164],[139.31057,36.05159],[139.31028,36.05154],[139.30952,36.05141],[139.30902,36.05134],[139.30857,36.05132],[139.30823,36.05131],[139.30798,36.05131],[139.30758,36.05132],[139.30715,36.05138],[139.30662,36.05148],[139.30595,36.0517],[139.30555,36.05187],[139.3051,36.05208],[139.30433,36.05254],[139.30408,36.05271],[139.30357,36.05312],[139.30284,36.05371],[139.30215,36.05428],[139.30155,36.05478],[139.301,36.05524],[139.30039,36.05574],[139.29968,36.05633],[139.29931,36.05657],[139.29929,36.05659],[139.29876,36.05685],[139.29844,36.05699],[139.29816,36.05709],[139.2978,36.0572],[139.29738,36.05725],[139.29659,36.05728],[139.2965,36.05727],[139.29624,36.05723],[139.29601,36.05719],[139.29569,36.05713],[139.29548,36.05709],[139.29516,36.05701],[139.29499,36.05695],[139.29487,36.05689],[139.29468,36.05681],[139.29423,36.05654],[139.29383,36.05622],[139.29352,36.05587],[139.29324,36.05546],[139.29304,36.05507],[139.29284,36.05454],[139.29253,36.05402],[139.29228,36.05366],[139.29175,36.05302],[139.29138,36.05256],[139.29102,36.05222],[139.29063,36.05191],[139.29017,36.05162],[139.28976,36.05148],[139.28937,36.05135],[139.28901,36.0513],[139.2887,36.05129],[139.2881,36.05132],[139.28766,36.05138],[139.28735,36.05148],[139.2871,36.05155],[139.28696,36.05158],[139.28624,36.05179],[139.28584,36.05189],[139.28458,36.05225],[139.28402,36.0524],[139.28315,36.05264],[139.28281,36.05277],[139.28248,36.05292],[139.28215,36.05312],[139.28155,36.05352],[139.28133,36.05369],[139.28086,36.05402],[139.2801,36.05458],[139.27927,36.0552],[139.2791,36.05532],[139.27893,36.05544],[139.27859,36.05567],[139.27834,36.05581],[139.27796,36.05601],[139.2774,36.05623],[139.27703,36.05635],[139.27665,36.05645],[139.27586,36.0566],[139.27499,36.0567],[139.27423,36.05675],[139.27295,36.0568],[139.27152,36.05686],[139.26976,36.05694],[139.26891,36.05697],[139.26851,36.05698],[139.26817,36.05699],[139.2672,36.05704],[139.26584,36.05711],[139.2649,36.05722],[139.26411,36.05744],[139.2637,36.05757],[139.263,36.05783],[139.26197,36.05824],[139.26121,36.05854],[139.26009,36.05892],[139.25949,36.05917],[139.25865,36.05947],[139.2577,36.05983],[139.25656,36.06021],[139.25588,36.06044],[139.25563,36.06053],[139.25388,36.06113],[139.25297,36.06144],[139.25245,36.06164],[139.25195,36.06185],[139.25142,36.06215],[139.25114,36.06234],[139.25075,36.06261],[139.25039,36.06287],[139.25,36.06315],[139.24958,36.06345],[139.24868,36.0641],[139.24719,36.06517],[139.2468,36.06544],[139.24521,36.06657],[139.24288,36.0682],[139.241,36.06951],[139.24009,36.07014],[139.23953,36.07056],[139.23899,36.071],[139.23883,36.07114],[139.23853,36.07143],[139.23837,36.07162],[139.23822,36.07181],[139.23809,36.07198],[139.238,36.07214],[139.23782,36.07246],[139.23772,36.07271],[139.23763,36.07301],[139.23758,36.07322],[139.23757,36.07341],[139.23757,36.07348],[139.23757,36.07384],[139.23757,36.07395],[139.23759,36.07448],[139.2376,36.0748],[139.2376,36.07502],[139.23764,36.07594],[139.23764,36.07609],[139.23767,36.07694],[139.2377,36.07765],[139.23775,36.07864],[139.23779,36.07938],[139.23783,36.08034],[139.23788,36.08121],[139.23787,36.08142],[139.23782,36.08169],[139.23774,36.08193],[139.23763,36.08219],[139.23707,36.08313],[139.23618,36.08465],[139.23607,36.08484],[139.23597,36.08512],[139.23592,36.08537],[139.23583,36.0861],[139.23581,36.08627],[139.23579,36.08651],[139.23577,36.08679],[139.23576,36.08735],[139.23577,36.08765],[139.23577,36.08774],[139.23578,36.088],[139.23581,36.08824],[139.23588,36.08858],[139.23611,36.08939],[139.2363,36.08999],[139.23639207,36.09042021],[139.23643694,36.09097625],[139.23649682,36.09179002],[139.23652294,36.09247844],[139.23654673,36.09299003],[139.23647535,36.09339453],[139.23638017,36.09372766],[139.23621837,36.09405158],[139.23610534,36.09431332],[139.23576032,36.09477137],[139.23527,36.09546],[139.235,36.09577],[139.23479,36.09606],[139.23467,36.09625],[139.23448,36.09671],[139.23436,36.09705],[139.23431,36.09726],[139.23431,36.09752],[139.23432,36.09767],[139.23433,36.09779],[139.23436,36.09815],[139.2344,36.09835],[139.23444,36.09848],[139.23446,36.09858],[139.2345,36.09868],[139.23451,36.0987],[139.23456,36.09881],[139.23484,36.09933],[139.2353,36.10006],[139.23569,36.10077],[139.23583,36.10115],[139.23591,36.10148],[139.23595,36.1017],[139.23596,36.10186],[139.23593,36.10222],[139.23587,36.10271],[139.23585,36.10285],[139.23578,36.10304],[139.23544,36.10395],[139.23478,36.10573],[139.23457,36.10636],[139.23421,36.10728],[139.23379,36.10845],[139.23346,36.10936],[139.23335,36.10968],[139.23322,36.10999],[139.23308,36.11022],[139.23292,36.11046],[139.23273,36.1107],[139.23255,36.11089],[139.2324,36.11102],[139.23227,36.11113],[139.23209,36.11129],[139.2318,36.11154],[139.23166,36.11164],[139.23148,36.11178],[139.23132,36.11189],[139.23111,36.11202],[139.23094,36.11213],[139.23081,36.1122],[139.23068,36.11227],[139.23055,36.11233],[139.23036,36.11241],[139.23021,36.11247],[139.23001,36.11254],[139.22995,36.11256],[139.22962,36.11266],[139.22928,36.11271],[139.22899,36.11275],[139.22876,36.11277],[139.22845,36.11279],[139.22752,36.1128],[139.22667,36.11281],[139.22549,36.11279],[139.22498,36.11279],[139.22465,36.1128],[139.2244,36.11283],[139.22396,36.11289],[139.22309,36.11309],[139.22249,36.11322],[139.2215,36.11351],[139.22063,36.11375],[139.22019,36.11389],[139.22006,36.11394],[139.21954,36.11413],[139.21875,36.11432],[139.21826,36.11441],[139.21806,36.11445],[139.21769,36.11448],[139.21711,36.1145],[139.21671,36.11453],[139.21627,36.11453],[139.21577,36.11452],[139.2155,36.1145],[139.21498,36.11447],[139.21422,36.11439],[139.21363,36.11431],[139.21299,36.11424],[139.21164,36.11408],[139.21058,36.11396],[139.20988,36.11386],[139.20929,36.11381],[139.20798,36.11364],[139.20772,36.11361],[139.20706,36.11355],[139.20662,36.11355],[139.20616,36.11357],[139.20584,36.11362],[139.20564,36.11365],[139.20518,36.11378],[139.20495,36.11385],[139.2047,36.11396],[139.20441,36.1141],[139.20411,36.11431],[139.20359,36.11463],[139.20231,36.11542],[139.2016,36.11586],[139.2013,36.11606],[139.20111,36.11622],[139.20096,36.11638],[139.20086,36.1165],[139.2007,36.1166],[139.20057,36.1167],[139.20015,36.11699],[139.19985,36.11719],[139.19967,36.11727],[139.19911,36.11746],[139.19871,36.11758],[139.19823,36.1177],[139.19799,36.11776],[139.19737,36.11784],[139.19694,36.11785],[139.19669,36.11783],[139.1965,36.11779],[139.19605,36.11771],[139.19549,36.11761],[139.19499,36.11755],[139.19426,36.11742],[139.1931,36.1172]]}},{"type":"Feature","properties":{"line_name":"西武池袋線"},"geometry":{"type":"LineString","coordinates":[[139.71091,35.72783],[139.71075,35.72749],[139.71063,35.72719],[139.71049,35.72683],[139.70995,35.72546],[139.70974,35.72502],[139.7096,35.72488],[139.70942,35.72471],[139.70907,35.72452],[139.70878,35.72439],[139.70858,35.72432],[139.70838,35.72426],[139.70804,35.72423],[139.70781,35.72423],[139.70762,35.72424],[139.70732,35.7243],[139.70669,35.72452],[139.70554,35.72494],[139.70307,35.72584],[139.70208,35.7262],[139.70133,35.72645],[139.70092,35.72655],[139.70046,35.7266],[139.70019,35.72661],[139.6999,35.72661],[139.69955,35.72659],[139.69916,35.72655],[139.69869,35.72648],[139.69811,35.72639],[139.6976,35.72628],[139.69731,35.72623],[139.69685,35.72618],[139.69642,35.72617],[139.69581,35.72622],[139.69494,35.72637],[139.69369,35.72662],[139.69253,35.72685],[139.68945,35.72747],[139.68754,35.72787],[139.68685,35.72801],[139.68632,35.72816],[139.68594,35.72828],[139.68546,35.72849],[139.68503,35.7287],[139.68464,35.72893],[139.68425,35.72918],[139.68383,35.72947],[139.68254,35.73047],[139.67943,35.73297],[139.67918,35.73318],[139.67751,35.73451],[139.67682,35.73503],[139.67596,35.73566],[139.67505,35.73634],[139.67452,35.73678],[139.67423,35.73698],[139.67396,35.7371],[139.67355,35.73723],[139.67202,35.7377],[139.67095,35.73795],[139.6694,35.73827],[139.66822,35.73851],[139.66724,35.73872],[139.66595,35.73892],[139.66537,35.73896],[139.66461,35.73895],[139.66336,35.73884],[139.66144,35.73865],[139.65998,35.7385],[139.65817,35.7383],[139.65658,35.73813],[139.65582,35.73805],[139.65557,35.73804],[139.65331,35.73783],[139.65197,35.73772],[139.65115,35.73767],[139.6503,35.73766],[139.64903,35.73766],[139.6484,35.73765],[139.64682,35.73765],[139.6463,35.73764],[139.64545,35.73759],[139.6445,35.73751],[139.64308,35.73733],[139.64116,35.73711],[139.63801,35.73677],[139.63633,35.73657],[139.6349,35.73641],[139.63296,35.7362],[139.63063,35.73593],[139.629,35.73577],[139.62821,35.73577],[139.62725,35.73582],[139.62694,35.73586],[139.62641,35.73595],[139.62595,35.73606],[139.62546,35.73619],[139.62506,35.73633],[139.62465,35.73647],[139.62438,35.73658],[139.62406,35.73673],[139.62375,35.73691],[139.62338,35.73713],[139.62306,35.73731],[139.62235,35.73771],[139.62178,35.73801],[139.6201,35.7389],[139.61867,35.73964],[139.61768,35.74016],[139.61599,35.74107],[139.61575,35.74119],[139.61518,35.74147],[139.61461,35.74172],[139.6145,35.74176],[139.61392,35.74194],[139.61349,35.74205],[139.61263,35.74227],[139.61134,35.74256],[139.61046,35.74277],[139.60898,35.74309],[139.60799,35.74332],[139.60761,35.74339],[139.6055,35.74389],[139.60451,35.74412],[139.60411,35.74422],[139.60358,35.74433],[139.60282,35.74451],[139.60193,35.7447],[139.60137,35.74484],[139.60056,35.74502],[139.59975,35.74521],[139.59875,35.74542],[139.59767,35.74566],[139.59699,35.74582],[139.59654,35.74592],[139.59569,35.74612],[139.59501,35.74627],[139.59482,35.74631],[139.59427,35.74643],[139.59329,35.74669],[139.59273,35.74687],[139.5922,35.7471],[139.59167,35.74731],[139.59108,35.74758],[139.58996,35.74805],[139.58883,35.74853],[139.5883,35.74874],[139.58782,35.74895],[139.58762,35.74903],[139.58661,35.74943],[139.5864,35.74952],[139.58598,35.74965],[139.58538,35.74972],[139.58485,35.74978],[139.58404,35.74983],[139.58341,35.74978],[139.58236,35.74967],[139.58097,35.74954],[139.57977,35.74941],[139.57856,35.7493],[139.57741,35.74916],[139.57622,35.74904],[139.57498,35.74892],[139.57476,35.7489],[139.57342,35.74876],[139.57227,35.74866],[139.57108,35.74854],[139.56981,35.74841],[139.56895,35.74834],[139.56864,35.74831],[139.56712,35.74814],[139.56628,35.74804],[139.56577,35.74799],[139.56543,35.74796],[139.56529,35.74795],[139.56518,35.74793],[139.56452,35.74786],[139.56408,35.74781],[139.56349,35.74775],[139.56297,35.7477],[139.5628,35.74768],[139.56267,35.74767],[139.5617,35.74756],[139.56149,35.74754],[139.56111,35.7475],[139.56067,35.74746],[139.56024,35.74742],[139.55993,35.74738],[139.55965,35.74735],[139.55913,35.7473],[139.55853,35.74724],[139.55816,35.7472],[139.55782,35.74719],[139.55737,35.74714],[139.55683,35.74714],[139.55641,35.74717],[139.55593,35.74726],[139.55545,35.74742],[139.55533,35.74747],[139.55522,35.74753],[139.555,35.74761],[139.5546,35.74779],[139.55426,35.74793],[139.55409,35.748],[139.55374,35.74814],[139.55289,35.74849],[139.55239,35.74869],[139.552,35.74885],[139.55136,35.74911],[139.55042,35.74951],[139.55015,35.74961],[139.54931,35.74997],[139.54904,35.75007],[139.54858,35.75026],[139.54831,35.75039],[139.54797,35.75053],[139.54711,35.75089],[139.54674,35.75105],[139.5461,35.7513],[139.54541,35.75157],[139.54481,35.75183],[139.54439,35.75199],[139.54391,35.75218],[139.54322,35.75249],[139.54234,35.75286],[139.5421,35.75298],[139.54163,35.75322],[139.54108,35.75344],[139.54062,35.75367],[139.54044,35.7538],[139.54007,35.75412],[139.53916,35.75504],[139.5379,35.7563],[139.53675,35.75744],[139.53657,35.75762],[139.53579,35.7584],[139.53508,35.75911],[139.53424,35.75994],[139.53326,35.76096],[139.53203,35.76221],[139.5314,35.76283],[139.53067,35.76354],[139.53043,35.76381],[139.5294,35.76481],[139.52738,35.76686],[139.52668,35.76755],[139.52609,35.76813],[139.52577,35.76845],[139.52514,35.76908],[139.52437,35.76988],[139.52371,35.77049],[139.52285,35.77105],[139.52234,35.77128],[139.52219,35.77133],[139.52176,35.77146],[139.52102,35.77166],[139.51998,35.77194],[139.51877,35.77227],[139.5148,35.7734],[139.51469,35.77344],[139.51155,35.77432],[139.50852,35.77518],[139.50703,35.77559],[139.50545,35.77604],[139.50433,35.77636],[139.50381,35.77651],[139.50148,35.77716],[139.49787,35.77818],[139.49679,35.77851],[139.49677,35.77851],[139.49594,35.77877],[139.4957,35.77884],[139.49476,35.77909],[139.49453,35.77915],[139.49424,35.77923],[139.49369,35.77939],[139.49274,35.77965],[139.49229,35.77978],[139.49189,35.77989],[139.4918,35.77992],[139.49168,35.77996],[139.4916,35.77999],[139.49149,35.78003],[139.4914,35.78007],[139.49131,35.78011],[139.49127,35.78013],[139.49103,35.78025],[139.49083,35.78036],[139.49077,35.78039],[139.49061,35.78049],[139.49045,35.78062],[139.49034,35.78072],[139.49023,35.78083],[139.4902,35.78086],[139.49019,35.78087],[139.4901,35.78096],[139.48982,35.78128],[139.48957,35.78154],[139.48941,35.78172],[139.48927,35.78187],[139.48908,35.78208],[139.48875,35.78246],[139.48848,35.78275],[139.48833,35.78294],[139.4882,35.78312],[139.48799,35.78338],[139.48772,35.78374],[139.48747,35.78405],[139.48715,35.78444],[139.48692,35.78471],[139.48678,35.78486],[139.48667,35.78498],[139.48658,35.78507],[139.48648,35.78517],[139.48624,35.78542],[139.48598,35.78565],[139.48576,35.78585],[139.48551,35.78605],[139.48517,35.78632],[139.48474,35.78666],[139.48441,35.7869],[139.484,35.78722],[139.48324,35.78777],[139.48295,35.78799],[139.48276,35.78813],[139.48227,35.78848],[139.48185,35.78878],[139.48146,35.78908],[139.48122,35.78926],[139.48062,35.78951],[139.48009,35.78973],[139.47943,35.78997],[139.47895,35.79013],[139.47871,35.79019],[139.47833,35.79029],[139.47763,35.79042],[139.47702,35.79052],[139.47643,35.79055],[139.47609,35.79053],[139.47579,35.7905],[139.47554,35.79043],[139.47524,35.79031],[139.47496,35.79016],[139.4747,35.78998],[139.47449,35.78981],[139.47429,35.78957],[139.47412,35.78935],[139.47399,35.78911],[139.47388,35.78882],[139.47387,35.78877],[139.47381,35.78857],[139.47369,35.78807],[139.47358,35.78742],[139.47331,35.78595],[139.47328,35.78519],[139.47329,35.78416],[139.47327,35.7834],[139.47325,35.78323],[139.47321,35.78308],[139.47318,35.78295],[139.47314,35.78285],[139.47306,35.78269],[139.473,35.78259],[139.47289,35.78243],[139.47264,35.78212],[139.47236,35.78182],[139.47217,35.78162],[139.47188,35.78136],[139.4717,35.78122],[139.47144,35.78105],[139.4713,35.78098],[139.47112,35.7809],[139.47084,35.78079],[139.47071,35.78075],[139.47063,35.78073],[139.47051,35.78071],[139.4703,35.78068],[139.46988,35.78065],[139.46952,35.78064],[139.46923,35.78066],[139.46893,35.78071],[139.46859,35.78076],[139.46842,35.7808],[139.46824,35.78085],[139.46807,35.78092],[139.46782,35.78105],[139.46758,35.78119],[139.46724,35.78142],[139.46671,35.78173],[139.46628,35.78201],[139.46566,35.78241],[139.46528,35.78266],[139.46514,35.78275],[139.46461,35.7831],[139.46394,35.78353],[139.46342,35.78386],[139.46308,35.7841],[139.46219,35.7847],[139.461,35.78552],[139.46029,35.786],[139.45975,35.78638],[139.45924,35.78671],[139.45882,35.78699],[139.45825,35.78737],[139.45803,35.7875],[139.45769,35.78774],[139.45675,35.78838],[139.45673,35.78839],[139.45657,35.78852],[139.45613,35.78885],[139.45555,35.78927],[139.45507,35.78991],[139.45472,35.79036],[139.45445,35.79075],[139.45427,35.791],[139.45396,35.79143],[139.45357,35.79197],[139.45324,35.7924],[139.45287,35.7929],[139.45254,35.79331],[139.45215,35.79369],[139.45183,35.79399],[139.45156,35.79422],[139.45131,35.79438],[139.45108,35.79451],[139.4507,35.79471],[139.45026,35.79492],[139.44968,35.79519],[139.44893,35.79553],[139.44866,35.79566],[139.44822,35.79587],[139.44697,35.79645],[139.44627,35.79676],[139.4455,35.79712],[139.44425,35.7977],[139.44329,35.79815],[139.44212,35.7987],[139.44125,35.7991],[139.44079,35.79931],[139.43987,35.79974],[139.43935,35.79998],[139.43903,35.80013],[139.43705,35.80104],[139.43651,35.80129],[139.43449,35.8022],[139.43427,35.80231],[139.43336,35.80274],[139.43247,35.80313],[139.43145,35.80361],[139.43078,35.80393],[139.42939,35.80459],[139.42843,35.80502],[139.42751,35.80547],[139.42737,35.80553],[139.42636,35.806],[139.4253,35.80648],[139.42424,35.80697],[139.42315,35.80749],[139.42196,35.80806],[139.42009,35.8089],[139.4186,35.80959],[139.41775,35.81001],[139.41629,35.8108],[139.41624,35.81083],[139.41606,35.81095],[139.41586,35.81108],[139.41575,35.81118],[139.41558,35.81131],[139.4154,35.81146],[139.41531,35.81157],[139.41521,35.8117],[139.41512,35.81183],[139.41503,35.81197],[139.41493,35.81218],[139.41482,35.81241],[139.41474,35.81256],[139.41464,35.81281],[139.4146,35.81295],[139.41455,35.81318],[139.41443,35.81367],[139.41434,35.81408],[139.41418,35.81475],[139.41402,35.81542],[139.41394,35.81576],[139.41389,35.81593],[139.41379,35.81637],[139.41363,35.81705],[139.41353,35.81748],[139.41337,35.81818],[139.41306,35.81948],[139.41296,35.8199],[139.41255,35.8218],[139.41251,35.82199],[139.41238,35.82256],[139.41224,35.82309],[139.41209,35.82372],[139.41197,35.82419],[139.41185,35.82473],[139.41176,35.82509],[139.41165,35.82552],[139.41156,35.82592],[139.41147,35.82639],[139.41131,35.82715],[139.41118,35.82779],[139.4111,35.82812],[139.41105,35.82836],[139.41101,35.82853],[139.41078,35.8295],[139.41048,35.83076],[139.41024,35.83181],[139.40999,35.8328],[139.4099,35.83318],[139.40987,35.83325],[139.40984,35.83337],[139.40982,35.83342],[139.40974,35.83365],[139.40959,35.83396],[139.40941,35.83426],[139.40908,35.83476],[139.40876,35.83519],[139.40852,35.8355],[139.40827,35.83582],[139.40801,35.83615],[139.40774,35.83654],[139.40768,35.83662],[139.4067,35.83787],[139.4059,35.83893],[139.40532,35.83969],[139.40503,35.84007],[139.40456,35.84068],[139.40393,35.84149],[139.40343,35.84213],[139.40312,35.84251],[139.40271,35.84294],[139.40233,35.84329],[139.40204,35.84351],[139.40188,35.84362],[139.40152,35.84383],[139.40105,35.84405],[139.40047,35.84431],[139.40007,35.84448],[139.39953,35.84467],[139.39916,35.84478],[139.39866,35.84491],[139.39831,35.84498],[139.39764,35.84496],[139.39655,35.84494],[139.39451,35.84485],[139.39437,35.84485],[139.39377,35.84482],[139.39361,35.84481],[139.39295,35.84477],[139.3926,35.84473],[139.39238,35.84468],[139.39223,35.84465],[139.39205,35.84458],[139.39187,35.8445],[139.39173,35.84442],[139.3916,35.84433],[139.39149,35.84425],[139.39137,35.84414],[139.39115,35.84393],[139.39097,35.84375],[139.39078,35.84351],[139.38997,35.84241],[139.38956,35.84186],[139.38933,35.84162],[139.3892,35.84152],[139.38891,35.84139],[139.38843,35.84122],[139.3881,35.84114],[139.38778,35.8411],[139.38747,35.84111],[139.38699,35.84116],[139.38693,35.84116],[139.38661,35.84125],[139.38629,35.84137],[139.38596,35.84154],[139.38539,35.8418],[139.38471,35.84213],[139.38441,35.84229],[139.38434,35.84232],[139.38336,35.84272],[139.38307,35.84274],[139.38285,35.84274],[139.38271,35.84272],[139.3825,35.84266],[139.3823,35.84259],[139.38202,35.84246],[139.38094,35.84204],[139.38078,35.84198],[139.38037,35.84181],[139.37991,35.84162],[139.37944,35.84145],[139.37897,35.84132],[139.37856,35.84122],[139.37808,35.84114],[139.37749,35.84105],[139.37686,35.841],[139.37618,35.84089],[139.37594,35.84085],[139.37521,35.84069],[139.37462,35.84051],[139.37412,35.84034],[139.37306,35.84001],[139.3718,35.83962],[139.37174,35.8396],[139.37166,35.83958],[139.37128,35.83946],[139.37063,35.83927],[139.36968,35.83899],[139.36906,35.83881],[139.36775,35.83841],[139.36709,35.83821],[139.36644,35.83806],[139.36581,35.83795],[139.36497,35.83783],[139.36424,35.83777],[139.36373,35.83775],[139.36093,35.83769],[139.35945,35.83766],[139.35678,35.83774],[139.35568,35.8378],[139.35431,35.83788],[139.35293,35.838],[139.35241,35.83805],[139.35192,35.83813],[139.35162,35.8382],[139.35131,35.83828],[139.351,35.8384],[139.35078,35.83849],[139.35007,35.83876],[139.34824,35.83946],[139.34821,35.83948],[139.34621,35.84025],[139.34519,35.84063],[139.34452,35.84087],[139.34409,35.84102],[139.34368,35.84117],[139.34282,35.84149],[139.34208,35.84175],[139.34185,35.84184],[139.34172,35.84189],[139.3417,35.84189],[139.34131,35.84203],[139.34097,35.84213],[139.34081,35.84218],[139.34051,35.84224],[139.33924,35.84243],[139.33652,35.84281],[139.33378,35.84319],[139.33355,35.84321],[139.33298,35.8433],[139.33187,35.84343],[139.33138,35.84349],[139.33097,35.84354],[139.33052,35.84363],[139.33007,35.84373],[139.32961,35.84387],[139.32927,35.844],[139.32901,35.84412],[139.32878,35.84426],[139.32849,35.84447],[139.3282,35.84474],[139.32789,35.84501],[139.32761,35.84528],[139.3273,35.84557],[139.3269,35.84598],[139.32675,35.84611],[139.32622,35.84657],[139.32565,35.84711],[139.32468,35.84799],[139.32399,35.84862],[139.32334,35.84919],[139.32314,35.84936],[139.32299,35.84946],[139.32275,35.8496],[139.3224,35.84978],[139.32214,35.84989],[139.32242,35.84981],[139.32287,35.8497],[139.32311,35.84967],[139.32335,35.84964],[139.32365,35.84963],[139.32391,35.84966],[139.3242,35.84973],[139.32449,35.84984],[139.32471,35.84998],[139.32507,35.85019],[139.32526,35.85035],[139.32552,35.85057],[139.32566,35.85073],[139.32576,35.85088],[139.32582,35.85101],[139.32588,35.85122],[139.32591,35.85146],[139.32596,35.85226],[139.32597,35.8525],[139.32599,35.85354],[139.32599,35.85392],[139.32597,35.85414],[139.32595,35.85428],[139.32589,35.85449],[139.32582,35.85466],[139.32575,35.85476],[139.32564,35.8549],[139.32546,35.85506],[139.32524,35.85524],[139.32491,35.85545],[139.32425,35.85584],[139.32338,35.85633],[139.32187,35.85719],[139.32014,35.85816],[139.31888,35.85886],[139.31832,35.85916],[139.31806,35.85933],[139.31731,35.85978],[139.317,35.85999],[139.31691,35.86006],[139.31683,35.86011],[139.3167,35.86023],[139.31651,35.86041],[139.31638,35.86054],[139.31609,35.86083],[139.31582,35.8611],[139.31557,35.8614],[139.31537,35.86165],[139.31494,35.86217],[139.31461,35.86256],[139.31418,35.86307],[139.31354,35.86385],[139.31298,35.86452],[139.31253,35.86505],[139.31241,35.86519],[139.31132,35.86651],[139.31105,35.86683],[139.31083,35.86703],[139.31044,35.86738],[139.30984,35.86787],[139.30946,35.86821],[139.30916,35.86849],[139.30908,35.86859],[139.30901,35.8687],[139.3089,35.86887],[139.30881,35.86907],[139.30875,35.86927],[139.30868,35.86958],[139.30866,35.86971],[139.30866,35.87167],[139.30866,35.87195],[139.30865,35.87205],[139.30864,35.87216],[139.30858,35.87233],[139.30818,35.87338],[139.30809,35.87364],[139.30793,35.87408],[139.30773,35.87481],[139.30768,35.8751],[139.30766,35.8752],[139.30741,35.87624],[139.3072,35.87723],[139.30716,35.87742],[139.30701,35.87813],[139.30679,35.87917],[139.30662,35.87983],[139.30648,35.88021],[139.30644,35.88033],[139.30632,35.88051],[139.30621,35.88068],[139.30605,35.88089],[139.30584,35.88115],[139.30572,35.88129],[139.30559,35.8814],[139.30546,35.88151],[139.30532,35.88162],[139.30516,35.88172],[139.30492,35.88185],[139.30467,35.88196],[139.30428,35.8821],[139.30401,35.88219],[139.30374,35.88229],[139.3036,35.88233],[139.30341,35.88238],[139.30321,35.88243],[139.30304,35.88247],[139.30276,35.88249],[139.30227,35.88249],[139.30143,35.88248],[139.30121,35.88246],[139.301,35.88242],[139.30077,35.88238],[139.30054,35.88234],[139.30027,35.88225],[139.30011,35.88218],[139.29989,35.88208],[139.29972,35.88199],[139.29957,35.88189],[139.29941,35.88177],[139.29926,35.88164],[139.29913,35.88152],[139.29902,35.88139],[139.29892,35.88126],[139.2988,35.88105],[139.29872,35.88085],[139.29863,35.88036],[139.29852,35.8798],[139.29842,35.87942],[139.29835,35.8792],[139.29823,35.87897],[139.29811,35.8788],[139.29797,35.8786],[139.2978,35.87839],[139.29755,35.87816],[139.29736,35.878],[139.29718,35.87787],[139.29695,35.87775],[139.29669,35.87762],[139.29648,35.87753],[139.29622,35.87746],[139.29611,35.87743],[139.29573,35.87738],[139.29524,35.87734],[139.29479,35.87735],[139.29392,35.87744],[139.29282,35.87761],[139.29231,35.87772],[139.29205,35.87779],[139.29171,35.87789],[139.29139,35.87801],[139.29121,35.8781],[139.29103,35.87819],[139.29078,35.87835],[139.2905,35.87857],[139.28967,35.87938],[139.28885,35.88019],[139.28844,35.88061],[139.28818,35.88086],[139.28787,35.88112],[139.28771,35.88124],[139.2876,35.88131],[139.28733,35.88144],[139.28703,35.88158],[139.28696,35.88161],[139.28677,35.88166],[139.28637,35.88178],[139.28612,35.88184],[139.28489,35.88208],[139.28435,35.88217],[139.28419,35.88221],[139.28405,35.88228],[139.2838,35.88238],[139.28347,35.88259],[139.28336,35.88269],[139.28323,35.8828],[139.28312,35.88289],[139.28292,35.88309],[139.28266,35.88333],[139.28215,35.88383],[139.28199,35.88399],[139.28185,35.88412],[139.28182,35.88415],[139.28132,35.88464],[139.28121,35.88476],[139.28114,35.88481],[139.28078,35.88516],[139.2803,35.88562],[139.28015,35.88575],[139.27994,35.886],[139.27964,35.88631],[139.27943,35.88649],[139.2792,35.88668],[139.27904,35.88681],[139.279,35.88685],[139.27891,35.88691],[139.27868,35.88707],[139.27858,35.88713],[139.27846,35.8872],[139.27817,35.88734],[139.27806,35.88739],[139.27791,35.88746],[139.2778,35.88751],[139.2777,35.88755],[139.27758,35.88758],[139.27731,35.88765],[139.27709,35.88769],[139.27684,35.88771],[139.27655,35.8877],[139.27624,35.88765],[139.27612,35.88762],[139.27573,35.88748],[139.27553,35.88739],[139.27506,35.88713],[139.27491,35.88705],[139.27447,35.88682],[139.27407,35.8866],[139.274,35.88657],[139.27396,35.88655],[139.27355,35.88636],[139.27334,35.88627],[139.27304,35.88619],[139.27266,35.88614],[139.27238,35.88612],[139.27191,35.88612],[139.27162,35.88615],[139.27123,35.88621],[139.27099,35.88626],[139.27082,35.88631],[139.27068,35.88635],[139.27056,35.88639],[139.27044,35.88644],[139.27039,35.88647],[139.27032,35.88651],[139.27013,35.88664],[139.27001,35.88672],[139.2699,35.88682],[139.26971,35.88703],[139.26952,35.88726],[139.26928,35.88756],[139.26918,35.88774],[139.26911,35.88808],[139.26907,35.88838],[139.26906,35.88858],[139.26903,35.88942],[139.26903,35.88956],[139.26901,35.88983],[139.26896,35.8901],[139.2689,35.89029],[139.26882,35.89045],[139.2687,35.89067],[139.26862,35.89076],[139.26856,35.89084],[139.26849,35.89091],[139.26835,35.89105],[139.26814,35.89121],[139.26794,35.89136],[139.26764,35.89154],[139.26756,35.89156],[139.26746,35.8916],[139.26733,35.89163],[139.26717,35.89167],[139.26682,35.89171],[139.26651,35.89173],[139.26632,35.89172],[139.26606,35.89167],[139.26578,35.89161],[139.2656,35.89157],[139.26524,35.89147],[139.26504,35.89139],[139.26483,35.89133],[139.26401,35.89106],[139.26379,35.89099],[139.26353,35.8909],[139.26342,35.89088],[139.26328,35.89088],[139.26306,35.89088],[139.26303,35.89088],[139.26285,35.89089],[139.26257,35.89093],[139.26233,35.89098],[139.26215,35.89103],[139.26206,35.89105],[139.26198,35.89108],[139.26184,35.89112],[139.26168,35.89119],[139.26143,35.89132],[139.26104,35.89156],[139.26097,35.89161],[139.26088,35.89168],[139.26073,35.89182],[139.26063,35.89193],[139.26057,35.892],[139.26053,35.89205],[139.26002,35.89289],[139.25987,35.89314],[139.25969,35.89344],[139.25954,35.89365],[139.25942,35.89379],[139.25928,35.89391],[139.25906,35.89407],[139.25887,35.8942],[139.25863,35.89434],[139.25827,35.89453],[139.25783,35.89473],[139.25715,35.89506],[139.25675,35.89525],[139.25586,35.89568],[139.25539,35.89589],[139.25503,35.89606],[139.25474,35.8962],[139.2544,35.89636],[139.25417,35.89648],[139.25386,35.89663],[139.25368,35.89671],[139.25343,35.89683],[139.25329,35.89689],[139.25306,35.89695],[139.25256,35.89703],[139.25099,35.89727],[139.24984,35.89745],[139.24881,35.8976],[139.24824,35.89769],[139.24784,35.89775],[139.24755,35.89782],[139.2474,35.89785],[139.24715,35.89792],[139.24694,35.89801],[139.24681,35.89806],[139.24617,35.89841],[139.24571,35.89881],[139.2454,35.89922],[139.24511,35.89981],[139.24501,35.90029],[139.24483,35.90133],[139.24472,35.90215],[139.2445,35.90309],[139.2443,35.9036],[139.24405,35.90404],[139.24384,35.90431],[139.2436,35.90457],[139.24345,35.90467],[139.24322,35.90486],[139.24243,35.9053],[139.24176,35.90555],[139.24134,35.90562],[139.24122,35.90564],[139.24078,35.90567],[139.23992,35.90574],[139.23958,35.90578],[139.23918,35.90587],[139.23859,35.90616],[139.23819,35.90643],[139.23745,35.90703],[139.2369,35.90752],[139.23662,35.90775],[139.23652,35.90783],[139.23636,35.90793],[139.23621,35.90802],[139.23591,35.90814],[139.23557,35.90819],[139.23509,35.90825],[139.23456,35.90829],[139.23407,35.90835],[139.23364,35.90844],[139.233,35.90869],[139.23248,35.90893],[139.23189,35.9092],[139.23136,35.90943],[139.23087,35.90962],[139.23041,35.9097],[139.22999,35.9097],[139.22955,35.90964],[139.22929,35.90957],[139.22852,35.90925],[139.22796,35.90894],[139.22758,35.90868],[139.22725,35.9085],[139.22695,35.9084],[139.22661,35.90834],[139.22645,35.90831],[139.22592,35.90829],[139.22536,35.90834]]}},{"type":"Feature","properties":{"line_name":"西武新宿線"},"geometry":{"type":"LineString","coordinates":[[139.48189,35.9153],[139.48037,35.91205],[139.47996,35.91123],[139.47966,35.9106],[139.47918,35.9097],[139.47874,35.90884],[139.47866,35.90871],[139.47838,35.9083],[139.47815,35.90806],[139.47749,35.9075],[139.47646,35.90673],[139.47462,35.9053],[139.47375,35.90465],[139.47172,35.90308],[139.4708,35.90238],[139.46984,35.90165],[139.46797,35.90021],[139.46651,35.89907],[139.46493,35.89784],[139.46344,35.89672],[139.46275,35.89619],[139.46167,35.89538],[139.46069,35.89461],[139.45961,35.89381],[139.45924,35.89354],[139.45868,35.89311],[139.45773,35.89238],[139.45734,35.89207],[139.45691,35.89174],[139.45638,35.89137],[139.45582,35.89096],[139.45548,35.89069],[139.45465,35.89004],[139.45373,35.88935],[139.45313,35.8889],[139.45239,35.88834],[139.4515,35.88766],[139.44971,35.88627],[139.44753,35.88464],[139.44566,35.88324],[139.44429,35.88219],[139.44402,35.88199],[139.44241,35.88076],[139.44226,35.88065],[139.44116,35.8798],[139.44014,35.87901],[139.43894,35.8781],[139.4374,35.87694],[139.43613,35.87595],[139.43463,35.87481],[139.43434,35.87458],[139.43324,35.87373],[139.43137,35.87231],[139.42963,35.87093],[139.42852,35.87009],[139.42798,35.86968],[139.42754,35.86935],[139.42738,35.86923],[139.42594,35.86812],[139.42408,35.8667],[139.42297,35.86588],[139.42228,35.86534],[139.42185,35.86501],[139.42048,35.86399],[139.41945,35.86319],[139.41924,35.86303],[139.41778,35.8619],[139.41639,35.86086],[139.41604,35.86059],[139.41591,35.8605],[139.41554,35.86023],[139.41527,35.86003],[139.41486,35.85968],[139.41461,35.85945],[139.41426,35.85904],[139.41398,35.85861],[139.41365,35.858],[139.41357,35.85781],[139.41337,35.85738],[139.41324,35.85699],[139.41313,35.85652],[139.41311,35.8563],[139.413,35.85564],[139.41297,35.85513],[139.41302,35.85455],[139.4131,35.85401],[139.41322,35.85354],[139.41346,35.85295],[139.41362,35.85264],[139.41372,35.85243],[139.41448,35.85125],[139.41532,35.84989],[139.41675,35.84759],[139.41818,35.84526],[139.41861,35.84459],[139.41959,35.84302],[139.42084,35.84102],[139.42205,35.83906],[139.42311,35.8374],[139.42361,35.83654],[139.42388,35.83616],[139.42432,35.83547],[139.42458,35.83504],[139.42474,35.83479],[139.42493,35.83453],[139.42504,35.83437],[139.42523,35.83414],[139.4254,35.83395],[139.4259,35.83351],[139.42658,35.83292],[139.42779,35.83185],[139.4282,35.83149],[139.4287,35.83105],[139.42947,35.83038],[139.43003,35.82989],[139.43044,35.82954],[139.43085,35.82917],[139.43134,35.82874],[139.43173,35.8284],[139.4321,35.82806],[139.43242,35.82779],[139.43273,35.82752],[139.43308,35.82721],[139.43358,35.82678],[139.434,35.82641],[139.43465,35.82584],[139.43518,35.82538],[139.43533,35.82525],[139.43559,35.82503],[139.43615,35.82453],[139.43672,35.82402],[139.43724,35.82355],[139.43766,35.82317],[139.43849,35.82244],[139.43914,35.82184],[139.43991,35.82115],[139.4405,35.82063],[139.44075,35.82041],[139.44103,35.82015],[139.44127,35.81993],[139.44155,35.81968],[139.44203,35.81925],[139.44282,35.81852],[139.44312,35.81825],[139.44358,35.81786],[139.44429,35.81726],[139.44453,35.81703],[139.44482,35.81678],[139.44529,35.81637],[139.44573,35.81599],[139.44622,35.81556],[139.4467,35.81516],[139.44703,35.81486],[139.44783,35.81415],[139.44838,35.81367],[139.44854,35.81352],[139.44907,35.81303],[139.4497,35.81247],[139.45056,35.81169],[139.45104,35.81126],[139.45183,35.81054],[139.45243,35.81001],[139.45359,35.80897],[139.45413,35.80848],[139.45527,35.80749],[139.45585,35.80698],[139.456,35.80685],[139.45626,35.80662],[139.45808,35.80499],[139.45863,35.8045],[139.45969,35.80356],[139.4599,35.80336],[139.46019,35.8031],[139.46036,35.80295],[139.46058,35.80276],[139.46079,35.80256],[139.4611,35.80231],[139.46168,35.80179],[139.46216,35.80136],[139.46261,35.80099],[139.4631,35.80056],[139.4636,35.80012],[139.46427,35.79951],[139.46491,35.79894],[139.46627,35.79774],[139.46705,35.79706],[139.46787,35.79634],[139.46842,35.79584],[139.469,35.79535],[139.46948,35.79492],[139.46982,35.79462],[139.4701,35.79439],[139.47029,35.79423],[139.4705,35.79404],[139.47137,35.79328],[139.47184,35.79287],[139.47199,35.79271],[139.47218,35.79253],[139.47236,35.79234],[139.47252,35.79215],[139.47269,35.79194],[139.47292,35.7916],[139.47311,35.79128],[139.47327,35.79092],[139.4733,35.79085],[139.47333,35.79077],[139.47337,35.79063],[139.47341,35.79048],[139.47343,35.79039],[139.47345,35.79028],[139.4735,35.78997],[139.47352,35.78969],[139.47353,35.78958],[139.47349,35.78874],[139.47346,35.7882],[139.47343,35.78776],[139.4734,35.78747],[139.47339,35.78742],[139.47317,35.78622],[139.47312,35.78592],[139.47308,35.78565],[139.47299,35.78492],[139.47288,35.78421],[139.4728,35.78369],[139.47277,35.78337],[139.47275,35.78312],[139.47274,35.7829],[139.47277,35.7826],[139.4728,35.78196],[139.47284,35.78154],[139.47287,35.78121],[139.4729,35.78071],[139.47293,35.78039],[139.47301,35.77903],[139.47303,35.7786],[139.47314,35.77696],[139.47314,35.77693],[139.47315,35.77666],[139.47318,35.7758],[139.47316,35.77545],[139.47313,35.77513],[139.4731,35.77494],[139.47305,35.77477],[139.47299,35.77455],[139.47296,35.77447],[139.47295,35.77443],[139.47286,35.77423],[139.47275,35.77399],[139.4726,35.7737],[139.47249,35.77349],[139.47226,35.77307],[139.47201,35.77264],[139.47154,35.77187],[139.4713,35.77146],[139.47102,35.77103],[139.47064,35.77039],[139.47032,35.76989],[139.46976,35.76897],[139.46949,35.76852],[139.46895,35.76764],[139.46864,35.76716],[139.4681,35.76627],[139.46779,35.76578],[139.46769,35.76561],[139.46725,35.76489],[139.46708,35.76464],[139.46695,35.76439],[139.46678,35.76407],[139.46656,35.76365],[139.46646,35.76346],[139.4663,35.76312],[139.46613,35.76271],[139.46604,35.76249],[139.46602,35.7624],[139.46599,35.76221],[139.46596,35.7619],[139.46595,35.76135],[139.46591,35.7609],[139.46581,35.75903],[139.46577,35.75863],[139.46569,35.75756],[139.46564,35.75687],[139.46564,35.75668],[139.46579,35.75622],[139.46594,35.75574],[139.46603,35.75554],[139.46613,35.7554],[139.46625,35.75527],[139.46637,35.75515],[139.46657,35.75496],[139.46695,35.75463],[139.46728,35.75433],[139.46801,35.75367],[139.4685,35.75322],[139.46857,35.75313],[139.46908,35.75265],[139.46937,35.7524],[139.46998,35.75185],[139.47047,35.75142],[139.47082,35.75113],[139.47209,35.75003],[139.4733,35.74902],[139.47437,35.74808],[139.47483,35.74768],[139.47536,35.74722],[139.47934,35.74381],[139.48049,35.74282],[139.4809,35.74246],[139.48102,35.74236],[139.48344,35.74029],[139.48387,35.73992],[139.48429,35.73956],[139.48472,35.73917],[139.48506,35.73887],[139.48532,35.73866],[139.48548,35.73853],[139.48566,35.7384],[139.48587,35.73825],[139.48612,35.73809],[139.48627,35.738],[139.48652,35.73785],[139.48683,35.73767],[139.48713,35.7375],[139.48731,35.73741],[139.48745,35.73735],[139.48944,35.73648],[139.49211,35.73531],[139.49384,35.73456],[139.49552,35.73383],[139.4959,35.73367],[139.49679,35.73329],[139.49703,35.7332],[139.49767,35.73293],[139.49871,35.73247],[139.50008,35.73189],[139.50124,35.73149],[139.50206,35.73124],[139.50239,35.73113],[139.50263,35.73098],[139.50287,35.73082],[139.50301,35.73071],[139.50322,35.73056],[139.50347,35.73038],[139.50372,35.7302],[139.50411,35.72998],[139.50445,35.72986],[139.50484,35.72975],[139.50524,35.72965],[139.50577,35.72942],[139.50595,35.72935],[139.50634,35.72917],[139.50746,35.72869],[139.5086,35.72823],[139.50973,35.72769],[139.51095,35.72717],[139.51123,35.72705],[139.51159,35.7269],[139.51217,35.72663],[139.5127,35.72641],[139.51394,35.72588],[139.51429,35.72573],[139.51461,35.72562],[139.51477,35.72557],[139.51542,35.72539],[139.51621,35.72521],[139.51655,35.72515],[139.51695,35.72508],[139.51763,35.72502],[139.51784,35.72501],[139.51852,35.72501],[139.51897,35.72503],[139.5196,35.72508],[139.52011,35.72515],[139.52081,35.72522],[139.52082,35.72522],[139.52168,35.72532],[139.52184,35.72535],[139.523,35.72547],[139.52378,35.72556],[139.5242,35.72559],[139.52545,35.72573],[139.5267,35.72588],[139.5271,35.72593],[139.52727,35.72595],[139.52809,35.72603],[139.52934,35.72616],[139.53057,35.72629],[139.53178,35.72643],[139.53209,35.72644],[139.53233,35.72647],[139.53304,35.72655],[139.53423,35.72668],[139.53549,35.72682],[139.53669,35.72694],[139.53766,35.72706],[139.53807,35.72709],[139.5381,35.7271],[139.53987,35.72729],[139.5399,35.72729],[139.54036,35.72734],[139.5408,35.72739],[139.54139,35.72746],[139.54187,35.72751],[139.5429,35.72765],[139.54343,35.7277],[139.54378,35.72774],[139.54417,35.72779],[139.54541,35.72794],[139.54656,35.72805],[139.54728,35.72813],[139.54796,35.72821],[139.54849,35.72826],[139.54878,35.72829],[139.54939,35.72834],[139.54991,35.72838],[139.55059,35.72845],[139.55119,35.72848],[139.55151,35.72851],[139.55186,35.72853],[139.55294,35.72863],[139.55346,35.72867],[139.55412,35.72873],[139.55459,35.72876],[139.55504,35.7288],[139.55541,35.72884],[139.55598,35.72889],[139.55653,35.72894],[139.55702,35.72899],[139.55754,35.72904],[139.55814,35.72909],[139.55875,35.72913],[139.5594,35.72912],[139.55969,35.72909],[139.56022,35.72904],[139.56072,35.729],[139.56153,35.72893],[139.56237,35.72885],[139.5625,35.72885],[139.56264,35.72883],[139.5628,35.72883],[139.56435,35.72868],[139.56477,35.72864],[139.56502,35.72862],[139.56562,35.72857],[139.56657,35.72848],[139.56666,35.72847],[139.56687,35.72845],[139.56765,35.72839],[139.56893,35.72828],[139.57048,35.72813],[139.57145,35.72804],[139.57268,35.72793],[139.57293,35.7279],[139.57343,35.72786],[139.57439,35.72779],[139.57552,35.72769],[139.57721,35.72754],[139.57791,35.72748],[139.57825,35.72745],[139.57994,35.7273],[139.5801,35.72729],[139.58056,35.72724],[139.58071,35.72723],[139.58184,35.72715],[139.58202,35.72712],[139.58345,35.72701],[139.58436,35.72693],[139.58602,35.72677],[139.58619,35.72676],[139.58672,35.72672],[139.58757,35.72664],[139.58854,35.72655],[139.58864,35.72654],[139.58872,35.72653],[139.59011,35.7264],[139.5903,35.72639],[139.59096,35.72633],[139.59158,35.72628],[139.593,35.72611],[139.59313,35.7261],[139.59417,35.72598],[139.59436,35.72596],[139.5954,35.72585],[139.59655,35.72572],[139.59793,35.72555],[139.59808,35.72553],[139.59901,35.72548],[139.59947,35.72544],[139.59976,35.72542],[139.60028,35.7254],[139.60107,35.72536],[139.60162,35.72534],[139.60177,35.72533],[139.60222,35.7253],[139.60369,35.72521],[139.60414,35.72519],[139.60472,35.72516],[139.60527,35.72514],[139.60616,35.72508],[139.60665,35.72507],[139.60714,35.72503],[139.60789,35.725],[139.60841,35.72497],[139.60889,35.72494],[139.60983,35.7249],[139.61005,35.7249],[139.6105,35.72488],[139.61119,35.72486],[139.61183,35.72482],[139.61232,35.72481],[139.61242,35.7248],[139.61324,35.72477],[139.614,35.72473],[139.61412,35.72473],[139.61442,35.72471],[139.61465,35.7247],[139.61541,35.72467],[139.61658,35.72462],[139.61695,35.72459],[139.61746,35.72455],[139.61806,35.72451],[139.61865,35.72448],[139.61909,35.72445],[139.61948,35.72444],[139.61994,35.72441],[139.62045,35.72437],[139.62093,35.72431],[139.62138,35.72426],[139.62178,35.72422],[139.62409,35.72395],[139.62538,35.72379],[139.62777,35.72351],[139.63299,35.72288],[139.63392,35.72278],[139.63458,35.72273],[139.6349,35.72272],[139.63591,35.72271],[139.63723,35.72271],[139.63879,35.72264],[139.63905,35.72263],[139.64064,35.72261],[139.64121,35.72261],[139.6431,35.72258],[139.64355,35.72258],[139.64394,35.72253],[139.64482,35.72236],[139.64604,35.72202],[139.64762,35.7215],[139.65081,35.72047],[139.65288,35.71977],[139.65345,35.7196],[139.65415,35.71939],[139.65532,35.71903],[139.65573,35.71898],[139.65599,35.71897],[139.65644,35.71901],[139.65875,35.71933],[139.66006,35.71951],[139.66085,35.71959],[139.66122,35.71963],[139.66164,35.71962],[139.66259,35.71952],[139.66407,35.71926],[139.66561,35.71906],[139.66594,35.71901],[139.66648,35.7189],[139.66686,35.71874],[139.66749,35.71843],[139.66835,35.71795],[139.66868,35.71776],[139.66974,35.71717],[139.67177,35.71602],[139.67207,35.71592],[139.67273,35.71572],[139.67342,35.71555],[139.67351,35.71555],[139.67431,35.71561],[139.67472,35.71566],[139.67542,35.71571],[139.67588,35.71575],[139.67684,35.71576],[139.67799,35.71567],[139.67894,35.71546],[139.67915,35.71541],[139.67931,35.71537],[139.68164,35.71482],[139.68192,35.71478],[139.68229,35.71477],[139.68291,35.71478],[139.6835,35.71478],[139.68467,35.7149],[139.68594,35.71501],[139.68735,35.71513],[139.68791,35.71519],[139.6895,35.7155],[139.68986,35.71556],[139.69116,35.71583],[139.69142,35.71585],[139.69176,35.71588],[139.69209,35.71588],[139.69294,35.71585],[139.69418,35.71574],[139.69474,35.71568],[139.69506,35.71567],[139.6955,35.7157],[139.69586,35.71573],[139.69612,35.71577],[139.69665,35.7159],[139.69729,35.71607],[139.69762,35.71615],[139.69794,35.7162],[139.69816,35.71623],[139.69846,35.71623],[139.69904,35.71624],[139.70077,35.71615],[139.70283,35.71604],[139.70333,35.716],[139.70369,35.71593],[139.70401,35.71583],[139.70436,35.71565],[139.70451,35.71553],[139.70465,35.71537],[139.7048,35.7152],[139.70491,35.71484],[139.70493,35.71458],[139.70492,35.71454],[139.70489,35.71427],[139.70483,35.71411],[139.70465,35.71372],[139.70446,35.71337],[139.70429,35.71311],[139.70401,35.71258],[139.7037,35.71176],[139.70336,35.71082],[139.70209,35.70736],[139.70124,35.70501],[139.70093,35.70405],[139.70087,35.70381],[139.70079,35.70342],[139.70075,35.7031],[139.70074,35.70308],[139.70037,35.69969],[139.70023,35.69825],[139.70019,35.69777],[139.70012,35.69704],[139.70004,35.69605],[139.70004,35.6953]]}},{"type":"Feature","properties":{"line_name":"相鉄本線"},"geometry":{"type":"LineString","coordinates":[[139.62313,35.46693],[139.62179,35.46553],[139.62123,35.46481],[139.62082,35.46456],[139.62052,35.46423],[139.61993,35.46359],[139.61965,35.46328],[139.61852,35.46201],[139.61769,35.46113],[139.61678,35.46019],[139.61615,35.4595],[139.61511,35.45827],[139.61378,35.45693],[139.6131,35.45618],[139.61227,35.45551],[139.61139,35.45494],[139.61083,35.45463],[139.61051,35.45445],[139.61021,35.45428],[139.60959,35.45394],[139.60835,35.45325],[139.60797,35.45309],[139.60793,35.45308],[139.60757,35.45293],[139.6068,35.45282],[139.60629,35.45284],[139.60588,35.45291],[139.6052,35.45311],[139.60439,35.45338],[139.60371,35.45362],[139.60321,35.45378],[139.60185,35.45424],[139.60083,35.4546],[139.59995,35.45491],[139.59889,35.45526],[139.59799,35.45566],[139.59736,35.45606],[139.59694,35.45642],[139.59636,35.45702],[139.59572,35.45766],[139.59467,35.45881],[139.5935,35.4601],[139.59249,35.46124],[139.59238,35.4613],[139.59164,35.4617],[139.59069,35.46205],[139.58956,35.46245],[139.58859,35.46282],[139.58741,35.46326],[139.58682,35.4635],[139.58594,35.46392],[139.58367,35.46511],[139.58315,35.46543],[139.58302,35.46551],[139.58289,35.46559],[139.58223,35.46601],[139.58138811,35.46663205],[139.57951929,35.46810826],[139.5789186,35.46859509],[139.57760729,35.46963943],[139.57486688,35.47181841],[139.57381862,35.47265074],[139.57287,35.47343],[139.57257,35.47379],[139.57219,35.47425],[139.57214,35.47435],[139.57191,35.47481],[139.57174368,35.47524588],[139.57145904,35.47582891],[139.57134322,35.47607233],[139.57125095,35.47622741],[139.5711793,35.47633341],[139.57107428,35.47647475],[139.57097809,35.47659057],[139.57075038,35.4768281],[139.57046574,35.47705385],[139.57008491,35.47728156],[139.56987693,35.47738155],[139.56966639,35.47745989],[139.56944605,35.4775113],[139.56905924,35.47760678],[139.56849616,35.47772184],[139.56740183,35.4779079],[139.56671043,35.4780177],[139.56433123,35.47811193],[139.56103,35.47811],[139.56081,35.47811],[139.56049,35.4781],[139.55874,35.47803],[139.55752,35.47792],[139.5568,35.47782],[139.55444,35.4775],[139.554,35.47734],[139.55374,35.47721],[139.55337,35.47698],[139.55309,35.47676],[139.55278,35.47648],[139.55211,35.47592],[139.55194,35.47579],[139.55183,35.47573],[139.55169,35.47564],[139.55138,35.4755],[139.55056,35.47525],[139.54941,35.47493],[139.54874,35.47473],[139.54847,35.47463],[139.54819,35.47452],[139.54764,35.47426],[139.54709,35.47392],[139.54607,35.47309],[139.54504,35.47221],[139.54479,35.47204],[139.54463,35.47188],[139.54253,35.47013],[139.5419,35.46966],[139.54144,35.46935],[139.54068,35.46889],[139.54016,35.4686],[139.53903,35.46796],[139.53788,35.46735],[139.53729,35.46701],[139.53649,35.46647],[139.53568,35.46589],[139.53447,35.46498],[139.53381,35.4645],[139.53318,35.464],[139.53156,35.46278],[139.53052,35.46194],[139.52993,35.46152],[139.52957,35.46136],[139.52898,35.46116],[139.52836,35.46102],[139.52761,35.46089],[139.52712,35.46083],[139.52662,35.46082],[139.52602,35.46089],[139.52524,35.46097],[139.52409,35.46111],[139.52354,35.46116],[139.52324,35.46118],[139.52299,35.46118],[139.52239,35.46107],[139.5204,35.46066],[139.51783,35.46014],[139.51749,35.46009],[139.51694,35.46001],[139.51643,35.45999],[139.51585,35.46],[139.51533,35.46007],[139.5144,35.46031],[139.51255,35.46077],[139.51122,35.46115],[139.51059,35.4614],[139.5098,35.46181],[139.50897,35.46229],[139.50834,35.46278],[139.50789,35.46319],[139.50706,35.46422],[139.50617,35.46544],[139.50547,35.4662],[139.50524,35.4664],[139.50522,35.46642],[139.50474,35.46682],[139.50418,35.46715],[139.50359,35.46739],[139.50155,35.46818],[139.50083,35.46847],[139.49979,35.46886],[139.49914,35.4691],[139.49751,35.46979],[139.4968,35.47006],[139.49642,35.4702],[139.49622,35.47025],[139.4961,35.47028],[139.49564,35.47038],[139.49532,35.47045],[139.49506,35.47049],[139.49449,35.47052],[139.49341,35.47054],[139.49241,35.47054],[139.49138,35.47054],[139.49115,35.47054],[139.49021,35.47054],[139.49007,35.47054],[139.48862,35.47055],[139.48848,35.47056],[139.48761,35.47056],[139.48731,35.47056],[139.48613,35.47056],[139.48495,35.47054],[139.48458,35.47053],[139.48449,35.47053],[139.48425,35.47052],[139.48363,35.47048],[139.48303,35.47043],[139.48215,35.47037],[139.4814,35.47031],[139.48065,35.47025],[139.48045,35.47023],[139.47971,35.47016],[139.47912,35.47011],[139.47846,35.47004],[139.47752,35.46996],[139.47637,35.46987],[139.47605,35.46985],[139.47476,35.46974],[139.47463,35.46973],[139.4745,35.46972],[139.47435,35.46971],[139.47342,35.46964],[139.47245,35.4696],[139.47091,35.46959],[139.46933,35.46962],[139.46773,35.46969],[139.4667,35.46973],[139.46224,35.46989],[139.45976,35.46997],[139.45563,35.47012],[139.45509,35.47013],[139.45456,35.47013],[139.45441,35.47012],[139.45402,35.47007],[139.45354,35.46999],[139.45328,35.46992],[139.45313,35.46988],[139.45295,35.46982],[139.45224,35.4696],[139.45207,35.46956],[139.45153,35.46943],[139.45124,35.46938],[139.45063,35.46929],[139.45042,35.46927],[139.44977,35.46925],[139.44899,35.46927],[139.44852,35.46933],[139.44771,35.46946],[139.44667,35.46963],[139.44525,35.46987],[139.44505,35.4699],[139.44395,35.47009],[139.44358,35.47015],[139.44282,35.47027],[139.44176,35.47043],[139.44055,35.47065],[139.43759,35.47108],[139.43673,35.47122],[139.43649,35.47125],[139.43634,35.47127],[139.43617,35.47129],[139.43605,35.47131],[139.43576,35.47132],[139.4357,35.47132],[139.43382,35.47137],[139.43154,35.47145],[139.43134,35.47146],[139.43017,35.47147],[139.42869,35.47151],[139.42838,35.47152],[139.42834,35.47152],[139.4279,35.47153],[139.42608,35.47157],[139.42587,35.47157],[139.42573,35.47156],[139.42555,35.47155],[139.42541,35.47155],[139.42528,35.47152],[139.42503,35.47146],[139.42488,35.47141],[139.42466,35.47135],[139.42443,35.47127],[139.42423,35.47117],[139.42347,35.47077],[139.42256,35.4702],[139.42191,35.46981],[139.42165,35.46965],[139.42073,35.4691],[139.42025,35.46881],[139.42017,35.46876],[139.42006,35.4687],[139.4199,35.4686],[139.41957,35.46841],[139.41905,35.46812],[139.41889,35.46805],[139.41869,35.46793],[139.41817,35.4677],[139.41792,35.46759],[139.41766,35.46749],[139.41747,35.46741],[139.41694,35.46723],[139.41483,35.46646],[139.41385,35.46608],[139.41334,35.46587],[139.41302,35.46571],[139.41276,35.46557],[139.41254,35.46543],[139.41238,35.46533],[139.41214,35.46516],[139.41197,35.46504],[139.41178,35.46486],[139.41157,35.46464],[139.41117,35.4642],[139.41074,35.46368],[139.41005,35.4629],[139.40972,35.46252],[139.40938,35.46216],[139.40926,35.46203],[139.40917,35.46194],[139.409,35.46177],[139.40875,35.46155],[139.40854,35.46139],[139.40803,35.461],[139.40791,35.46092],[139.4078,35.46084],[139.40767,35.46075],[139.40756,35.46069],[139.40748,35.46063],[139.40713,35.4604],[139.40679,35.4602],[139.40638,35.45997],[139.40591,35.45967],[139.4056,35.45949],[139.40546,35.45941],[139.40537,35.45936],[139.40503,35.45918],[139.40459,35.45897],[139.40429,35.45883],[139.40376,35.45858],[139.40339,35.45842],[139.40326,35.45836],[139.40311,35.45831],[139.403,35.45827],[139.40266,35.45817],[139.40242,35.4581],[139.40195,35.458],[139.4015,35.45792],[139.40115,35.45788],[139.40083,35.45786],[139.40026,35.45785],[139.39945,35.45783],[139.39863,35.4578],[139.39842,35.45778],[139.39831,35.45777],[139.39818,35.45774],[139.39801,35.45772],[139.39768,35.45767],[139.39736,35.4576],[139.39713,35.45756],[139.39692,35.45749],[139.39675,35.45745],[139.39652,35.45739],[139.39637,35.45733],[139.39602,35.45711],[139.39586,35.45699],[139.39565,35.45682],[139.39556,35.45675],[139.39544,35.45663],[139.39534,35.45653],[139.39519,35.45633],[139.39494,35.45601],[139.39466,35.4557],[139.39422,35.45525],[139.39354,35.4546],[139.3928,35.45392],[139.39167,35.45296]]}},{"type":"Feature","properties":{"line_name":"総武本線"},"geometry":{"type":"LineString","coordinates":[[140.11492,35.61315],[140.11563,35.61313],[140.11612,35.61323],[140.11662,35.61342],[140.1173,35.61382],[140.11774,35.61408],[140.11858,35.61461],[140.11958,35.61523],[140.12154,35.61655],[140.12174,35.61668],[140.1233,35.6177],[140.12568,35.61924],[140.12572,35.61927],[140.1262,35.61958],[140.13001,35.62207],[140.13039,35.62234],[140.13041,35.62235],[140.13248,35.62385],[140.13622,35.62657],[140.13694,35.62711],[140.13983,35.6292],[140.14097,35.63003],[140.14474,35.63281],[140.14519,35.63312],[140.14531,35.63321],[140.14556,35.63338],[140.14601,35.63372],[140.14752,35.63483],[140.14791,35.63512],[140.15046,35.63692],[140.15151,35.63772],[140.15214,35.63829],[140.15263,35.63876],[140.15301,35.63925],[140.15343,35.63989],[140.1537,35.64045],[140.15395,35.64121],[140.15403,35.64159],[140.15417,35.64227],[140.15486,35.64606],[140.15511,35.64749],[140.15552,35.64977],[140.15559,35.65012],[140.15597,35.6522],[140.15624,35.65365],[140.1566,35.65562],[140.1568,35.65648],[140.15703,35.65726],[140.1573,35.65788],[140.15753,35.65832],[140.1578,35.65874],[140.15824,35.65928],[140.1586,35.6596],[140.15884,35.65982],[140.15951,35.66036],[140.15989,35.66059],[140.16033,35.66086],[140.1612,35.66133],[140.16253,35.66186],[140.1638,35.66235],[140.16534,35.66296],[140.16567,35.66309],[140.16599,35.66323],[140.1666,35.66345],[140.16813,35.66401],[140.1692,35.66445],[140.17005,35.66481],[140.17044,35.66501],[140.17118,35.66545],[140.17371,35.667],[140.17679,35.66888],[140.178,35.66965],[140.1784,35.66991],[140.1785,35.66996],[140.1787,35.67008],[140.17907,35.67029],[140.17988,35.67077],[140.1812,35.67156],[140.18201,35.67204],[140.18234,35.67224],[140.1828,35.67257],[140.18337,35.67305],[140.18371,35.67337],[140.18468,35.67445],[140.185,35.67482],[140.1854,35.67527],[140.18587,35.67581],[140.18641,35.67642],[140.18707,35.67716],[140.18717,35.67725],[140.18723,35.6773],[140.1873,35.67735],[140.18732,35.67737],[140.18759,35.67762],[140.18804,35.67796],[140.18852,35.67828],[140.18875,35.67841],[140.18892,35.67849],[140.18907,35.67856],[140.18929,35.67867],[140.18957,35.67876],[140.19005,35.6789],[140.19077,35.67911],[140.19092,35.67916],[140.19103,35.67919],[140.19154,35.67934],[140.19235,35.67959],[140.19237,35.6796],[140.19256,35.67965],[140.19272,35.6797],[140.19336,35.67988],[140.19363,35.67996],[140.19389,35.68004],[140.19413,35.68012],[140.19457,35.6803],[140.19518,35.68058],[140.19551,35.68074],[140.19589,35.68096],[140.19631,35.68124],[140.19639,35.68131],[140.19644,35.68134],[140.19651,35.68139],[140.19688,35.68168],[140.1973,35.68207],[140.19745,35.68224],[140.19792,35.68285],[140.19825,35.68325],[140.19838,35.6834],[140.19866,35.68376],[140.19901,35.68415],[140.19944,35.68468],[140.19947,35.6847],[140.19987,35.68519],[140.20076,35.68626],[140.20106,35.68663],[140.20122,35.68683],[140.20124,35.68685],[140.20222,35.68801],[140.20223,35.68801],[140.20233,35.68814],[140.20271,35.6886],[140.20286,35.68877],[140.20295,35.68889],[140.2033,35.68936],[140.20351,35.68967],[140.20363,35.6899],[140.20373,35.69018],[140.20383,35.69046],[140.204,35.69114],[140.20403,35.69126],[140.20438,35.69278],[140.20452,35.69336],[140.20468,35.69399],[140.20475,35.69433],[140.20486,35.69467],[140.20506,35.69518],[140.20519,35.69545],[140.2054,35.69581],[140.20554,35.69604],[140.20589,35.69653],[140.20612,35.69681],[140.20626,35.69699],[140.20655,35.69731],[140.20672,35.6975],[140.20723,35.69797],[140.20822,35.69887],[140.20833,35.69897],[140.20879,35.69939],[140.20909,35.69966],[140.20975,35.70027],[140.21141,35.7018],[140.2119,35.70226],[140.21304,35.70328],[140.21311,35.70334],[140.2134,35.70362],[140.21521,35.70531],[140.21574,35.70578],[140.21612,35.70613],[140.21664,35.7066],[140.21734,35.70723],[140.21784,35.70764],[140.21786,35.70766],[140.21821,35.70792],[140.21865,35.70819],[140.21916,35.70845],[140.21966,35.70866],[140.22028,35.70885],[140.2207,35.70895],[140.22089,35.70899],[140.22134,35.70907],[140.22176,35.70912],[140.22217,35.70917],[140.22251,35.70921],[140.22298,35.70926],[140.22529,35.70956],[140.22555,35.70959],[140.2258,35.70962],[140.22765,35.70985],[140.22802,35.7099],[140.22839,35.70996],[140.22893,35.71003],[140.22988,35.71016],[140.23023,35.71021],[140.23064,35.71026],[140.23097,35.7103],[140.23238,35.71048],[140.2345,35.71076],[140.23499,35.7108],[140.23537,35.71084],[140.23597,35.71085],[140.23651,35.71082],[140.23678,35.7108],[140.23684,35.71079],[140.23733,35.71071],[140.23766,35.71062],[140.23798,35.71052],[140.23919,35.71004],[140.24027,35.70957],[140.24151,35.70906],[140.24327,35.7083],[140.24404,35.70799],[140.24502,35.70756],[140.24559,35.70732],[140.24644,35.70695],[140.24657,35.7069],[140.24672,35.70687],[140.24733,35.70671],[140.2479,35.70659],[140.24848,35.70648],[140.24904,35.70642],[140.24952,35.70639],[140.25032,35.70642],[140.25105,35.7065],[140.25547,35.7073],[140.25673,35.70757],[140.25795,35.70763],[140.2583,35.70758],[140.25889,35.70746],[140.25966,35.70726],[140.26082,35.70679],[140.26229,35.7062],[140.26395,35.70555],[140.26454,35.70533],[140.2655,35.70499],[140.26666,35.70461],[140.26689,35.70454],[140.26728,35.70444],[140.26809,35.70425],[140.26898,35.70406],[140.26945,35.70395],[140.27034,35.70367],[140.27084,35.70343],[140.27132,35.70309],[140.27174,35.70268],[140.2722,35.70216],[140.27223,35.70213],[140.27337,35.70082],[140.27458,35.69944],[140.27584,35.698],[140.27668,35.69704],[140.27868,35.69475],[140.28038,35.69285],[140.28315,35.68971],[140.28351,35.6893],[140.28671,35.68565],[140.28755,35.68471],[140.28868,35.68344],[140.28905,35.68302],[140.29153,35.68023],[140.29289,35.67868],[140.29543,35.67582],[140.29553,35.67571],[140.29693,35.67412],[140.29776,35.67337],[140.29828,35.67292],[140.29898,35.67242],[140.30006,35.67178],[140.30129,35.67115],[140.30247,35.67058],[140.30383,35.66992],[140.30446,35.6696],[140.30543,35.66912],[140.30657,35.66854],[140.30849,35.6676],[140.31072,35.66649],[140.31248,35.66561],[140.31329,35.66522],[140.31428,35.66473],[140.31522,35.66428],[140.31628,35.66374],[140.31649,35.66363],[140.31834,35.66272],[140.32099,35.66139],[140.32316,35.6603],[140.32392,35.65991],[140.32421,35.65976],[140.32481,35.65936],[140.32613,35.65847],[140.32746,35.65763],[140.32807,35.65724],[140.3287,35.65682],[140.3301,35.65591],[140.33042,35.6557],[140.33145,35.65504],[140.33169,35.65491],[140.33194,35.65479],[140.33238,35.65463],[140.33321,35.65443],[140.33367,35.65428],[140.3343,35.65405],[140.3346,35.65394],[140.33475,35.65384],[140.33491,35.65374],[140.3351,35.6536],[140.3353,35.65341],[140.33548,35.65321],[140.33584,35.6527],[140.33615,35.65205],[140.33667,35.65085],[140.33696,35.6503],[140.33707,35.65014],[140.33733,35.64983],[140.33756,35.64956],[140.33763,35.6495],[140.33804,35.64916],[140.33824,35.64901],[140.3385,35.64886],[140.33894,35.64858],[140.33974,35.64808],[140.34105,35.64727],[140.34265,35.64632],[140.34293,35.64616],[140.34323,35.64601],[140.34353,35.64588],[140.34396,35.6457],[140.34477,35.64536],[140.34537,35.64511],[140.34679,35.6445],[140.34684,35.64447],[140.34773,35.64411],[140.34809,35.64393],[140.3483,35.64381],[140.3485,35.64367],[140.34866,35.64354],[140.34884,35.64339],[140.34906,35.64315],[140.3493,35.64286],[140.34948,35.64262],[140.34961,35.64241],[140.34975,35.6421],[140.34992,35.64171],[140.35016,35.64113],[140.35037,35.64062],[140.35089,35.63938],[140.35147,35.63795],[140.35192,35.63689],[140.352,35.6367],[140.35219,35.63628],[140.35233,35.63601],[140.35249,35.63573],[140.35277,35.6353],[140.35304,35.63497],[140.35331,35.63465],[140.35353,35.63443],[140.35387,35.6341],[140.35491,35.63324],[140.35542,35.63288],[140.35621,35.6323],[140.35694,35.63177],[140.35745,35.63141],[140.35913,35.6302],[140.36044,35.6293],[140.36074,35.62911],[140.36127,35.62886],[140.36174,35.62862],[140.36312,35.62797],[140.36347,35.62781],[140.36467,35.62729],[140.36564,35.62685],[140.36645,35.6265],[140.36698,35.62626],[140.36803,35.62576],[140.36867,35.62542],[140.36909,35.62515],[140.3696,35.62475],[140.37005,35.62436],[140.37049,35.62392],[140.37068,35.62367],[140.37093,35.6234],[140.37128,35.62289],[140.37159,35.62246],[140.37171,35.62229],[140.37219,35.6217],[140.37293,35.62075],[140.37416,35.61919],[140.37496,35.61818],[140.37541,35.61759],[140.37576,35.61716],[140.37653,35.61616],[140.37719,35.61529],[140.37743,35.61499],[140.37763,35.61475],[140.37769,35.61469],[140.37789,35.61445],[140.37838,35.61399],[140.37872,35.61372],[140.37901,35.61352],[140.37929,35.61337],[140.37965,35.61321],[140.38001,35.61309],[140.3804,35.61298],[140.38167,35.61271],[140.38172,35.6127],[140.38331,35.61236],[140.38379,35.61226],[140.38398,35.61222],[140.38499,35.612],[140.38564,35.61187],[140.3858,35.61182],[140.38594,35.6118],[140.38599,35.61178],[140.38656,35.61166],[140.38701,35.61157],[140.38729,35.6115],[140.38737,35.61149],[140.38886,35.61117],[140.38973,35.61098],[140.38989,35.61095],[140.39022,35.61088],[140.39087,35.61074],[140.39106,35.6107],[140.39272,35.61035],[140.39273,35.61034],[140.39317,35.61025],[140.39421,35.61003],[140.39446,35.60996],[140.39475,35.6099],[140.39499,35.60986],[140.39504,35.60984],[140.39538,35.60977],[140.39547,35.60975],[140.39563,35.60972],[140.39566,35.6097],[140.3964,35.60955],[140.39727,35.60936],[140.39767,35.60928],[140.39804,35.6092],[140.3986,35.60908],[140.39872,35.60904],[140.39973,35.60883],[140.4006,35.60864],[140.40115,35.60854],[140.40144,35.60849],[140.40183,35.60847],[140.40438,35.60849],[140.40449,35.60849],[140.40468,35.6085],[140.40476,35.60849],[140.40821,35.60852],[140.40838,35.60852],[140.41218,35.60855],[140.41347,35.60856],[140.41378,35.60855],[140.41561,35.60858],[140.41593,35.60858],[140.41619,35.60858],[140.41771,35.6086],[140.4201,35.60862],[140.42252,35.60864],[140.42253,35.60866],[140.42261,35.60864],[140.4249,35.60866],[140.42649,35.60867],[140.42695,35.60869],[140.42742,35.60873],[140.4276,35.60876],[140.42799,35.60881],[140.42844,35.60889],[140.42862,35.60893],[140.42893,35.60904],[140.4293,35.6092],[140.42969,35.60942],[140.43007,35.60964],[140.43074,35.61003],[140.43133,35.61038],[140.43171,35.61059],[140.43228,35.61093],[140.43233,35.61096],[140.43313,35.61142],[140.43357,35.61167],[140.43382,35.61182],[140.43434,35.61211],[140.43467,35.61233],[140.43507,35.61265],[140.43546,35.61304],[140.43621,35.61381],[140.43779,35.61544],[140.43859,35.61627],[140.43954,35.61725],[140.43982,35.61755],[140.44078,35.61855],[140.44192,35.61971],[140.44224,35.62005],[140.44226,35.62006],[140.44228,35.62009],[140.4427,35.62052],[140.44272,35.62052],[140.44276,35.62059],[140.44278,35.62059],[140.44285,35.62067],[140.4441,35.62196],[140.44449,35.62236],[140.44543,35.62334],[140.44547,35.62338],[140.4455,35.6234],[140.44552,35.62342],[140.44574,35.62366],[140.44583,35.62374],[140.44636,35.6243],[140.44653,35.62448],[140.44823,35.62624],[140.4483,35.62631],[140.44859,35.62661],[140.45001,35.62808],[140.45041,35.6285],[140.4507,35.62879],[140.45091,35.62902],[140.45098,35.62908],[140.45212,35.63026],[140.45219,35.63031],[140.45303,35.63119],[140.4539,35.63208],[140.45575,35.63397],[140.45572,35.63397],[140.45576,35.63398],[140.4558,35.63403],[140.45601,35.63425],[140.45728,35.63553],[140.45887,35.63718],[140.45954,35.63786],[140.4597,35.63803],[140.45975,35.63807],[140.46036,35.63871],[140.46136,35.63975],[140.46222,35.64064],[140.4633,35.64175],[140.46332,35.64177],[140.46408,35.64255],[140.4647,35.64319],[140.46544,35.64395],[140.46574,35.64427],[140.46583,35.64435],[140.4662,35.64475],[140.46635,35.64489],[140.46659,35.64515],[140.46686,35.64544],[140.46714,35.64574],[140.46716,35.64574],[140.46749,35.64608],[140.46763,35.64623],[140.46769,35.64629],[140.46899,35.64764],[140.46912,35.64777],[140.4692,35.64787],[140.4698,35.64849],[140.47098,35.64971],[140.47124,35.64997],[140.47126,35.65],[140.47151,35.65025],[140.47175,35.6505],[140.47187,35.65061],[140.47193,35.65069],[140.47254,35.65131],[140.47323,35.65202],[140.47449,35.65332],[140.47459,35.65342],[140.47478,35.65361],[140.47514,35.6539],[140.47572,35.65424],[140.47686,35.65482],[140.47735,35.65507],[140.47738,35.65509],[140.47741,35.6551],[140.47749,35.65515],[140.47751,35.65515],[140.47806,35.65543],[140.47859,35.6557],[140.47896,35.65588],[140.47941,35.65611],[140.47954,35.65617],[140.48057,35.65669],[140.48079,35.6568],[140.48096,35.65689],[140.48106,35.65694],[140.48115,35.65699],[140.48134,35.65707],[140.48154,35.65717],[140.48196,35.65738],[140.48221,35.6575],[140.48319,35.658],[140.48476,35.65877],[140.48498,35.65889],[140.48548,35.65914],[140.4855,35.65914],[140.48558,35.65919],[140.48564,35.65921],[140.4873,35.66005],[140.48744,35.66011],[140.4875,35.66014],[140.48795,35.66036],[140.48803,35.6604],[140.48856,35.66067],[140.48857,35.66068],[140.48864,35.66069],[140.48865,35.66071],[140.48877,35.66078],[140.48883,35.66078],[140.48889,35.66083],[140.48916,35.66097],[140.48968,35.66124],[140.49187,35.66233],[140.4924,35.66259],[140.49252,35.66264],[140.49257,35.66266],[140.49329,35.66302],[140.49384,35.66329],[140.49404,35.6634],[140.49456,35.66365],[140.49493,35.66385],[140.49573,35.66429],[140.49594,35.66441],[140.49622,35.66456],[140.49639,35.66465],[140.4967,35.66482],[140.49756,35.66531],[140.49824,35.66571],[140.49921,35.66625],[140.49949,35.66641],[140.49992,35.66665],[140.50051,35.66699],[140.50094,35.66723],[140.50123,35.6674],[140.50152,35.66757],[140.50173,35.66773],[140.502,35.66793],[140.50202,35.66794],[140.50223,35.6681],[140.50293,35.66872],[140.50381,35.66958],[140.50419,35.66992],[140.50423,35.66996],[140.50585,35.67156],[140.50619,35.67189],[140.50663,35.67232],[140.50734,35.67299],[140.50818,35.67379],[140.50855,35.67414],[140.5097,35.67523],[140.51022,35.67573],[140.51135,35.67681],[140.51247,35.67789],[140.51269,35.6781],[140.51348,35.67886],[140.51389,35.67925],[140.51398,35.67934],[140.51402,35.67936],[140.51404,35.67939],[140.51479,35.68011],[140.51516,35.68045],[140.51653,35.68177],[140.51728,35.68249],[140.5173,35.68252],[140.51749,35.68269],[140.51793,35.68312],[140.51817,35.68333],[140.51849,35.68356],[140.51881,35.68375],[140.51884,35.68376],[140.51935,35.68403],[140.51962,35.68416],[140.51994,35.68433],[140.52042,35.68457],[140.52241,35.68561],[140.52258,35.68569],[140.52329,35.68605],[140.52367,35.68623],[140.52433,35.68656],[140.52477,35.6868],[140.52494,35.68688],[140.52553,35.68718],[140.52558,35.6872],[140.52568,35.68726],[140.52589,35.68736],[140.52618,35.68752],[140.52658,35.68772],[140.52746,35.68816],[140.5276,35.68824],[140.52765,35.68826],[140.5277,35.68828],[140.52782,35.68834],[140.52891,35.68887],[140.52916,35.689],[140.53019,35.68952],[140.5303,35.68958],[140.53037,35.68962],[140.53083,35.68984],[140.53091,35.68989],[140.53104,35.68996],[140.53113,35.69001],[140.53199,35.69044],[140.53203,35.69046],[140.53256,35.6907],[140.53293,35.69086],[140.53377,35.69119],[140.53418,35.69136],[140.53498,35.69168],[140.53517,35.69176],[140.53615,35.69213],[140.53731,35.69258],[140.53734,35.69259],[140.53748,35.69265],[140.53754,35.69267],[140.53758,35.69269],[140.53854,35.69305],[140.53985,35.69356],[140.5399,35.69357],[140.54075,35.69391],[140.54093,35.69397],[140.54177,35.69431],[140.54189,35.69434],[140.54196,35.69437],[140.54203,35.6944],[140.54244,35.69457],[140.54403,35.69516],[140.54423,35.69525],[140.54473,35.69544],[140.54564,35.69581],[140.54578,35.69589],[140.54599,35.69599],[140.54724,35.69662],[140.54798,35.69699],[140.54876,35.6974],[140.54889,35.69747],[140.54918,35.69761],[140.5495,35.69779],[140.54969,35.69788],[140.54979,35.69793],[140.55045,35.69827],[140.55063,35.69838],[140.55156,35.69885],[140.55323,35.69974],[140.55397,35.70014],[140.55468,35.70051],[140.5547,35.70053],[140.55478,35.70056],[140.55481,35.70059],[140.55487,35.70061],[140.55576,35.70109],[140.55614,35.70128],[140.55832,35.70241],[140.55841,35.70246],[140.55952,35.70305],[140.56011,35.70335],[140.56038,35.70349],[140.56065,35.70363],[140.56134,35.704],[140.56201,35.70435],[140.56216,35.70443],[140.56221,35.70445],[140.56224,35.70447],[140.56269,35.7047],[140.56543,35.70615],[140.56574,35.70631],[140.56608,35.70649],[140.56668,35.70679],[140.56772,35.70735],[140.56802,35.70749],[140.56869,35.70786],[140.56912,35.70808],[140.5713,35.70921],[140.57185,35.7095],[140.57214,35.70963],[140.57246,35.70981],[140.57283,35.70999],[140.5738,35.71049],[140.57414,35.71067],[140.57493,35.71105],[140.57539,35.71128],[140.5756,35.71137],[140.576,35.71153],[140.57649,35.71168],[140.57666,35.71174],[140.57691,35.71181],[140.57715,35.71187],[140.57864,35.71225],[140.57884,35.7123],[140.57933,35.71243],[140.58119,35.71289],[140.58724,35.7144],[140.58742,35.71445],[140.58804,35.7146],[140.58812,35.71462],[140.58834,35.71468],[140.58872,35.71477],[140.58948,35.71496],[140.58961,35.71498],[140.58964,35.715],[140.5897,35.715],[140.58973,35.71502],[140.59082,35.71529],[140.59391,35.71605],[140.59491,35.7163],[140.59569,35.71649],[140.59784,35.71702],[140.59916,35.71735],[140.60021,35.71761],[140.60239,35.71813],[140.60423,35.71856],[140.60771,35.7194],[140.61066,35.7201],[140.61119,35.72023],[140.61179,35.72038],[140.61216,35.72043],[140.61315,35.72046],[140.61691,35.72052],[140.62168,35.72065],[140.62296,35.72068],[140.62359,35.72068],[140.63467,35.7209],[140.63564,35.72091],[140.64536,35.72105],[140.64575,35.72105],[140.64586,35.72105],[140.64746,35.72109],[140.64801,35.7211],[140.64898,35.72114],[140.64921,35.72114],[140.65017,35.72124],[140.65025,35.72125],[140.65102,35.72135],[140.6521,35.7215],[140.65237,35.72153],[140.65351,35.72168],[140.65587,35.72199],[140.65634,35.72205],[140.65724,35.72218],[140.65734,35.72218],[140.65775,35.72224],[140.65825,35.72233],[140.65882,35.72247],[140.6596,35.72269],[140.65989,35.72279],[140.66138,35.72325],[140.66168,35.72334],[140.66184,35.7234],[140.66243,35.72358],[140.66258,35.72362],[140.66381,35.72402],[140.66634,35.72483],[140.66837,35.72549],[140.66892,35.72567],[140.66943,35.72582],[140.66983,35.72595],[140.66998,35.726],[140.67037,35.72611],[140.67069,35.72618],[140.67193,35.72651],[140.67379,35.72699],[140.67518,35.72735],[140.67623,35.72761],[140.67632,35.72763],[140.67811,35.72809],[140.68028,35.72861],[140.6821,35.72907],[140.6846,35.72969],[140.6867,35.73018],[140.68778,35.73043],[140.68915,35.73075],[140.6905,35.73107],[140.6914,35.7313],[140.69185,35.73141],[140.69242,35.73155],[140.69346,35.73181],[140.69471,35.73211],[140.69575,35.73239],[140.69683,35.73265],[140.69964,35.73334],[140.70105,35.73366],[140.70659,35.73503],[140.71008,35.73588],[140.71047,35.73602],[140.71116,35.7363],[140.7118,35.73663],[140.7134,35.73744],[140.71458,35.73807],[140.71535,35.73845],[140.71572,35.73858],[140.71614,35.73867],[140.71689,35.73874],[140.71742,35.73874],[140.71809,35.73865],[140.71871,35.73857],[140.71964,35.73846],[140.72016,35.73842],[140.72067,35.73845],[140.72124,35.73857],[140.72187,35.73877],[140.72243,35.73896],[140.72313,35.73929],[140.72369,35.73966],[140.72398,35.73989],[140.72416,35.74003],[140.7246,35.74054],[140.72487,35.74102],[140.7251,35.74161],[140.72534,35.74221],[140.72553,35.74275],[140.72577,35.74329],[140.72609,35.74378],[140.72658,35.74427],[140.7271,35.74472],[140.72764,35.74508],[140.72819,35.74548],[140.72875,35.74583],[140.72935,35.74613],[140.72964,35.74625],[140.73015,35.74635],[140.73072,35.74643],[140.73109,35.74649],[140.73342,35.74681],[140.73524,35.74705],[140.73641,35.74722],[140.73832,35.74748],[140.73939,35.74763],[140.73986,35.74767],[140.74036,35.74763],[140.74104,35.74753],[140.74222,35.74722],[140.74296,35.74705],[140.74373,35.74692],[140.74435,35.74689],[140.74507,35.74692],[140.7456,35.74701],[140.74667,35.74733],[140.74718,35.74749],[140.74735,35.74754],[140.74756,35.7476],[140.74847,35.74788],[140.74861,35.74792],[140.749,35.74804],[140.74925,35.74811],[140.74935,35.74814],[140.74948,35.74817],[140.7497,35.74823],[140.74985,35.74826],[140.75035,35.74835],[140.75074,35.74841],[140.75127,35.74845],[140.75133,35.74846],[140.75183,35.74847],[140.75243,35.74847],[140.75314,35.74847],[140.75351,35.74847],[140.75493,35.74846],[140.75514,35.74846],[140.75523,35.74846],[140.75537,35.74846],[140.75935,35.74842],[140.75964,35.74841],[140.76008,35.74841],[140.76076,35.7484],[140.76101,35.74839],[140.76214,35.74839],[140.76256,35.74838],[140.76454,35.74837],[140.76478,35.74837],[140.76561,35.74836],[140.76588,35.74836],[140.76715,35.74836],[140.76997,35.74834],[140.77059,35.74833],[140.77096,35.74833],[140.77192,35.74832],[140.77269,35.7483],[140.77329,35.74826],[140.77386,35.7482],[140.77421,35.74814],[140.7743,35.74811],[140.77432,35.7481],[140.77447,35.74807],[140.77497,35.74793],[140.77539,35.74775],[140.77579,35.74758],[140.77625,35.74739],[140.77626,35.74738],[140.7763,35.74737],[140.77689,35.74713],[140.77746,35.74687],[140.77753,35.74684],[140.77784,35.74671],[140.77789,35.74669],[140.7779,35.74668],[140.7784,35.74646],[140.77847,35.74645],[140.77855,35.74641],[140.77859,35.7464],[140.77932,35.7461],[140.77963,35.74597],[140.77972,35.74593],[140.77998,35.74583],[140.77999,35.74581],[140.78005,35.7458],[140.78086,35.74547],[140.78103,35.74541],[140.78105,35.74539],[140.78132,35.74529],[140.78306,35.74454],[140.78439,35.74397],[140.78523,35.74364],[140.78555,35.74349],[140.78563,35.74345],[140.7857,35.74344],[140.78616,35.74324],[140.78767,35.74262],[140.78803,35.74246],[140.78818,35.7424],[140.78916,35.74197],[140.78933,35.7419],[140.78979,35.7417],[140.79108,35.74112],[140.79118,35.74108],[140.7915,35.74093],[140.792,35.74073],[140.79204,35.7407],[140.79212,35.74068],[140.79213,35.74067],[140.79248,35.74052],[140.79295,35.74032],[140.79346,35.74011],[140.79442,35.7397],[140.79597,35.73905],[140.79603,35.73903],[140.79653,35.73881],[140.79659,35.73879],[140.79691,35.73865],[140.79719,35.73853],[140.79765,35.73833],[140.79776,35.73828],[140.7978,35.73826],[140.79858,35.73794],[140.79957,35.73751],[140.80015,35.73727],[140.80105,35.7369],[140.80178,35.7366],[140.80191,35.73653],[140.80329,35.73597],[140.80342,35.73591],[140.80346,35.7359],[140.80377,35.73577],[140.80383,35.73576],[140.80426,35.73557],[140.80542,35.7351],[140.80543,35.73509],[140.80582,35.73493],[140.80606,35.73484],[140.80632,35.73474],[140.80647,35.73466],[140.80718,35.73437],[140.80738,35.73429],[140.80746,35.73427],[140.80816,35.73398],[140.80823,35.73395],[140.80839,35.73388],[140.80867,35.73377],[140.80913,35.73356],[140.80958,35.73338],[140.80992,35.73323],[140.81096,35.73279],[140.81124,35.73268],[140.81128,35.73266],[140.81192,35.7324],[140.81213,35.73232],[140.81223,35.73227],[140.81255,35.73213],[140.8126,35.73211],[140.81267,35.73209],[140.81282,35.73203],[140.81289,35.73201],[140.81301,35.73196],[140.81305,35.73194],[140.81321,35.73186],[140.81325,35.73186],[140.81418,35.73146],[140.81424,35.73145],[140.81429,35.73142],[140.81463,35.73128],[140.8147,35.73126],[140.81563,35.73087],[140.81568,35.73084],[140.81605,35.7307],[140.81621,35.73065],[140.8165,35.73058],[140.81671,35.73054],[140.81685,35.73052],[140.81736,35.73044],[140.81818,35.73035],[140.81859,35.73031],[140.81912,35.73024],[140.81927,35.73023],[140.81942,35.73021],[140.81954,35.7302],[140.82006,35.73014],[140.82097,35.73004],[140.82179,35.72995],[140.82247,35.72988],[140.82299,35.72982],[140.82343,35.72977],[140.82382,35.72974],[140.82472,35.72964],[140.82522,35.72959],[140.82542,35.72957],[140.82553,35.72955],[140.82561,35.72955],[140.82577,35.72953],[140.82596,35.72951],[140.8261,35.7295],[140.82883,35.72915]]}},{"type":"Feature","properties":{"line_name":"外房線"},"geometry":{"type":"LineString","coordinates":[[140.13124,35.58113],[140.13207,35.57944],[140.13246,35.57866],[140.13342,35.57777],[140.13456,35.5769],[140.13589,35.5759],[140.13819,35.57419],[140.13868,35.57384],[140.14067,35.57231],[140.14316,35.57062],[140.14372,35.57028],[140.14456,35.56992],[140.14799,35.56847],[140.14993,35.56762],[140.15057,35.56734],[140.15348,35.56611],[140.15628,35.56489],[140.15703,35.56466],[140.15746,35.56458],[140.15812,35.56453],[140.15892,35.56453],[140.15949,35.56453],[140.15981,35.56452],[140.16008,35.56452],[140.16025,35.56453],[140.16346,35.56453],[140.16351,35.56453],[140.16716,35.56451],[140.16918,35.56449],[140.16966,35.56449],[140.17146,35.5648],[140.17252,35.56494],[140.1728,35.56497],[140.17329,35.565],[140.17373,35.56498],[140.17452,35.56487],[140.1749,35.5648],[140.17527,35.56473],[140.17626,35.56441],[140.17684,35.56416],[140.17706,35.56403],[140.17713,35.56399],[140.17765,35.56359],[140.17825,35.56307],[140.17846,35.56289],[140.17874,35.56265],[140.17925,35.56224],[140.18028,35.56134],[140.18056,35.56111],[140.18081,35.56093],[140.18104,35.56076],[140.18161,35.56041],[140.18206,35.56019],[140.18261,35.55992],[140.18343,35.55952],[140.18465,35.55892],[140.18539,35.55856],[140.18808,35.55724],[140.18937,35.55658],[140.1906,35.55608],[140.19209,35.55546],[140.19409,35.55464],[140.19433,35.55454],[140.19739,35.55328],[140.20089,35.55187],[140.20186,35.55146],[140.20362,35.55074],[140.20729,35.54923],[140.20744,35.54917],[140.21018,35.54808],[140.21055,35.54794],[140.21064,35.5479],[140.21251,35.54737],[140.21288,35.54727],[140.21469,35.54673],[140.21611,35.5463],[140.21908,35.54545],[140.2205,35.54502],[140.221,35.54487],[140.2241,35.54396],[140.22746,35.54295],[140.22945,35.54238],[140.23091,35.54195],[140.2315,35.54178],[140.23411,35.54099],[140.23597,35.54044],[140.23691,35.54026],[140.2382,35.54003],[140.24016,35.53967],[140.24106,35.53947],[140.24165,35.53933],[140.24221,35.53917],[140.24307,35.53883],[140.24482,35.53808],[140.24673,35.5373],[140.24874,35.53645],[140.25188,35.53508],[140.25343,35.5344],[140.2537,35.53428],[140.25394,35.5342],[140.2543,35.53406],[140.25487,35.53389],[140.25527,35.53381],[140.2557,35.53376],[140.25616,35.53373],[140.25658,35.53372],[140.25677,35.53373],[140.25689,35.53373],[140.2572,35.53375],[140.25826,35.53383],[140.2592,35.5339],[140.25979,35.53391],[140.2606,35.53382],[140.2612,35.53371],[140.26173,35.53358],[140.26229,35.53342],[140.26304,35.53317],[140.26383,35.53289],[140.26436,35.53271],[140.26471,35.5326],[140.2652,35.53245],[140.26555,35.53231],[140.26566,35.53229],[140.26576,35.53225],[140.26735,35.53172],[140.26759,35.53164],[140.26781,35.53157],[140.26829,35.53141],[140.2697,35.53094],[140.27004,35.53083],[140.27125,35.53043],[140.27185,35.53024],[140.27335,35.52979],[140.27391,35.52968],[140.27445,35.52964],[140.27522,35.5296],[140.27652,35.52959],[140.27756,35.5296],[140.27782,35.5296],[140.27819,35.52958],[140.27866,35.52951],[140.27896,35.52946],[140.27954,35.52931],[140.27999,35.52919],[140.28034,35.52908],[140.2807,35.52896],[140.28076,35.52894],[140.28138,35.52871],[140.28192,35.52849],[140.28198,35.52846],[140.28229,35.52834],[140.28249,35.52827],[140.28278,35.5282],[140.28326,35.52814],[140.28384,35.5281],[140.28453,35.52813],[140.28608,35.5283],[140.28722,35.52852],[140.28842,35.52883],[140.28913,35.52905],[140.29005,35.52936],[140.29102,35.52967],[140.29116,35.52972],[140.29169,35.52988],[140.29187,35.52995],[140.29227,35.53006],[140.29271,35.53015],[140.29318,35.53022],[140.29375,35.53028],[140.29487,35.53026],[140.29535,35.53022],[140.29572,35.53016],[140.29629,35.53003],[140.29687,35.52984],[140.29751,35.52957],[140.29808,35.52927],[140.29861,35.52896],[140.2997,35.52827],[140.30062,35.52771],[140.30111,35.52736],[140.30144,35.52708],[140.30297,35.5256],[140.3032,35.5254],[140.30362,35.52507],[140.30405,35.5248],[140.30447,35.52458],[140.30481,35.52443],[140.30549,35.52421],[140.30575,35.52413],[140.30617,35.52403],[140.30666,35.52391],[140.30678,35.52389],[140.30774,35.52369],[140.30807,35.52364],[140.30833,35.5236],[140.30903,35.52337],[140.30938,35.52325],[140.30963,35.52317],[140.30991,35.52306],[140.31052,35.52282],[140.31075,35.52271],[140.31095,35.5226],[140.31117,35.52249],[140.31142,35.52232],[140.31164,35.52214],[140.31193,35.52191],[140.31221,35.52162],[140.31239,35.52143],[140.31283,35.52089],[140.31304,35.52059],[140.31324,35.52024],[140.31341,35.51985],[140.3135,35.51956],[140.31356,35.51934],[140.31359,35.51921],[140.31366,35.51892],[140.31375,35.5179],[140.31374,35.5177],[140.31372,35.51756],[140.3137,35.51744],[140.31353,35.51658],[140.31338,35.51587],[140.31312,35.51445],[140.31299,35.51378],[140.3129,35.5131],[140.31288,35.51285],[140.31288,35.5126],[140.31288,35.51244],[140.31286,35.51225],[140.31288,35.51205],[140.31292,35.51167],[140.31297,35.51137],[140.31304,35.51064],[140.31304,35.50947],[140.31299,35.50914],[140.31296,35.50895],[140.31294,35.50884],[140.31292,35.50878],[140.31292,35.50874],[140.31271,35.50813],[140.3127,35.50812],[140.31255,35.50779],[140.31227,35.50712],[140.31226,35.50711],[140.31203,35.50653],[140.31192,35.50624],[140.31173,35.50563],[140.3116,35.50518],[140.31151,35.50466],[140.31144,35.50425],[140.31132,35.50362],[140.31127,35.50327],[140.3111,35.50223],[140.31103,35.50182],[140.31015,35.49671],[140.30948,35.49289],[140.30905,35.49042],[140.30904,35.49037],[140.309,35.49014],[140.30773,35.48317],[140.30741,35.48115],[140.30625,35.47481],[140.30604,35.4737],[140.30566,35.47225],[140.305,35.46981],[140.30337,35.46343],[140.30315,35.46259],[140.30258,35.46042],[140.30162,35.45676],[140.30108,35.45468],[140.30097,35.45424],[140.29998,35.45041],[140.29945,35.44845],[140.29717,35.43962],[140.29706,35.43921],[140.29676,35.43814],[140.29656,35.43735],[140.29632,35.43647],[140.29616,35.43593],[140.29597,35.43519],[140.29585,35.43475],[140.29576,35.43433],[140.2957,35.43405],[140.29567,35.43388],[140.29564,35.43364],[140.29563,35.4334],[140.29564,35.43307],[140.29567,35.43282],[140.29578,35.43245],[140.29588,35.43222],[140.296,35.43194],[140.29622,35.4316],[140.29641,35.43136],[140.29656,35.43119],[140.29681,35.43095],[140.29723,35.43065],[140.29753,35.43046],[140.29883,35.42975],[140.29908,35.42961],[140.30012,35.42904],[140.30081,35.42865],[140.30168,35.42817],[140.30259,35.42766],[140.30555,35.426],[140.30607,35.42572],[140.30753,35.42493],[140.31033,35.42339],[140.31072,35.42318],[140.31472,35.42094],[140.31648,35.41995],[140.31679,35.41977],[140.32087,35.41749],[140.32355,35.41601],[140.3242,35.41565],[140.32458,35.41544],[140.32835,35.41334],[140.33337,35.41058],[140.33369,35.4104],[140.33515,35.40957],[140.33706,35.40852],[140.33994,35.40695],[140.34254,35.40551],[140.34429,35.40454],[140.34642,35.40337],[140.34717,35.40295],[140.34777,35.40255],[140.34828,35.40216],[140.34864,35.40187],[140.34953,35.40102],[140.35006,35.40049],[140.35108,35.39951],[140.35358,35.39712],[140.35393,35.39678],[140.356,35.39478],[140.35632,35.39444],[140.35662,35.3941],[140.35684,35.39383],[140.35716,35.39341],[140.35771,35.39252],[140.3579,35.39216],[140.35815,35.3917],[140.35833,35.39139],[140.35854,35.39107],[140.35894,35.39059],[140.35931,35.39019],[140.35965,35.38987],[140.35997,35.38961],[140.36022,35.38943],[140.36036,35.38932],[140.36084,35.38901],[140.36136,35.38874],[140.36185,35.38853],[140.3624,35.38825],[140.36283,35.38799],[140.36324,35.38772],[140.36379,35.3873],[140.36414,35.38698],[140.36452,35.38663],[140.36456,35.38658],[140.36481,35.38633],[140.36523,35.38588],[140.36552,35.3855],[140.36592,35.38501],[140.36617,35.38465],[140.36637,35.38427],[140.36653,35.38393],[140.36666,35.38355],[140.36677,35.38316],[140.36683,35.38281],[140.36686,35.38249],[140.36688,35.38212],[140.36686,35.38177],[140.3668,35.38123],[140.36675,35.38088],[140.36661,35.38014],[140.36647,35.37945],[140.3662,35.3781],[140.36616,35.37791],[140.36608,35.37751],[140.36579,35.37606],[140.36526,35.37331],[140.36493,35.37171],[140.36471,35.37053],[140.36465,35.37023],[140.36459,35.36994],[140.36455,35.36964],[140.36451,35.36939],[140.36448,35.36909],[140.36447,35.36871],[140.36447,35.36845],[140.36448,35.36822],[140.36449,35.36803],[140.36454,35.36775],[140.3646,35.36744],[140.36467,35.36715],[140.36476,35.36688],[140.36486,35.36664],[140.36496,35.36637],[140.36506,35.36615],[140.36517,35.3659],[140.36541,35.3654],[140.36583,35.36452],[140.36609,35.36397],[140.3666,35.36317],[140.36686,35.36275],[140.36893,35.35937],[140.37069,35.35642],[140.37172,35.3547],[140.37244,35.35349],[140.37299,35.35257],[140.37361,35.35152],[140.37406,35.35083],[140.37441,35.35037],[140.3747,35.35006],[140.37496,35.34974],[140.37522,35.34933],[140.37546,35.34891],[140.37572,35.34838],[140.37615,35.34764],[140.37715,35.3459],[140.37881,35.34285],[140.37963,35.34138],[140.37984,35.34098],[140.37999,35.34067],[140.38012,35.34041],[140.38019,35.34016],[140.38022,35.33993],[140.38021,35.33963],[140.38012,35.33912],[140.38002,35.3386],[140.37996,35.33818],[140.37994,35.33787],[140.37994,35.33758],[140.37995,35.33742],[140.37997,35.3373],[140.38008,35.33694],[140.38009,35.33689],[140.38017,35.33662],[140.38054,35.33545],[140.38073,35.3349],[140.38094,35.33431],[140.38106,35.33385],[140.38113,35.3335],[140.38116,35.33323],[140.38118,35.33296],[140.38113,35.33233],[140.38096,35.33093],[140.38091,35.33055],[140.38088,35.33035],[140.38046,35.32763],[140.38041,35.32721],[140.38041,35.32658],[140.38044,35.32621],[140.38061,35.32483],[140.38061,35.32477],[140.38073,35.32393],[140.38117,35.32087],[140.38119,35.32066],[140.38139,35.31953],[140.38152,35.31866],[140.38166,35.31761],[140.38169,35.31733],[140.38169,35.31677],[140.38167,35.31651],[140.38164,35.31631],[140.38128,35.3149],[140.38071,35.31269],[140.38053,35.31202],[140.38045,35.31155],[140.38041,35.31118],[140.3804,35.31066],[140.38043,35.31032],[140.38045,35.31018],[140.3805,35.30992],[140.38097,35.30816],[140.38224,35.30343],[140.38267,35.30185],[140.38274,35.30159],[140.38283,35.30127],[140.38296,35.30083],[140.38344,35.29912],[140.3836,35.29867],[140.38369,35.29842],[140.3838,35.29817],[140.38396,35.29784],[140.38399,35.29777],[140.38443,35.29694],[140.38519,35.29558],[140.38529,35.29541],[140.38558,35.29494],[140.38563,35.29486],[140.38592,35.2944],[140.38599,35.29428],[140.38623,35.29387],[140.38631,35.29373],[140.3866,35.29318],[140.38689,35.29268],[140.38748,35.29159],[140.38773,35.29112],[140.38791,35.29078],[140.38799,35.29064],[140.38856,35.28958],[140.38891,35.28892],[140.38938,35.28805],[140.38962,35.28753],[140.38967,35.28742],[140.38974,35.28728],[140.38976,35.28722],[140.39011,35.28639],[140.39024,35.28606],[140.39108,35.28392],[140.39112,35.2838],[140.3913,35.28334],[140.39133,35.28326],[140.39156,35.28258],[140.39162,35.28237],[140.39166,35.28216],[140.39166,35.28191],[140.39167,35.28181],[140.39167,35.28179],[140.39164,35.2814],[140.3916,35.28112],[140.39154,35.28083],[140.39138,35.28011],[140.391,35.2784],[140.39097,35.27827],[140.39092,35.27809],[140.3906,35.27664],[140.39052,35.27628],[140.39031,35.27545],[140.39029,35.27533],[140.39027,35.2752],[140.39017,35.27443],[140.39014,35.2741],[140.38998,35.27263],[140.38998,35.27248],[140.38985,35.27131],[140.3898,35.27082],[140.38972,35.2701],[140.3897,35.26967],[140.38969,35.26948],[140.38971,35.26891],[140.38978,35.26829],[140.38987,35.2676],[140.38991,35.26735],[140.38998,35.26686],[140.39016,35.26562],[140.39033,35.26444],[140.39036,35.26422],[140.39042,35.26371],[140.39048,35.26336],[140.39059,35.26243],[140.39064,35.26187],[140.39073,35.25987],[140.3908,35.25803],[140.39085,35.25662],[140.39086,35.25641],[140.39088,35.25596],[140.39092,35.25472],[140.39093,35.25402],[140.39094,35.25353],[140.39094,35.2533],[140.39097,35.2527],[140.39099,35.25185],[140.39105,35.25052],[140.39106,35.25017],[140.39108,35.24983],[140.3911,35.24975],[140.3911,35.24956],[140.3911,35.24943],[140.39111,35.24929],[140.39111,35.24908],[140.39113,35.24884],[140.39112,35.24864],[140.39114,35.24835],[140.39116,35.24806],[140.39117,35.24784],[140.39119,35.24749],[140.39126,35.24614],[140.39125,35.24572],[140.39121,35.24547],[140.39113,35.24511],[140.39093,35.24453],[140.39082,35.24428],[140.39011,35.24303],[140.38958,35.2421],[140.38933,35.24168],[140.38915,35.24135],[140.38881,35.24074],[140.38861,35.24039],[140.38844,35.24009],[140.38824,35.23974],[140.38794,35.23923],[140.38777,35.23891],[140.38761,35.23863],[140.38745,35.23835],[140.38684,35.23726],[140.38651,35.23669],[140.38565,35.23517],[140.38499,35.23401],[140.3848,35.23368],[140.38466,35.23343],[140.38456,35.23324],[140.38434,35.23286],[140.38418,35.23255],[140.38404,35.23222],[140.38388,35.23188],[140.38365,35.23128],[140.38357,35.2311],[140.38288,35.22944],[140.38282,35.22931],[140.38257,35.22868],[140.38235,35.22816],[140.38223,35.22785],[140.38153,35.22616],[140.38138,35.22579],[140.38119,35.22531],[140.38112,35.2252],[140.38094,35.22493],[140.3803,35.22413],[140.38018,35.22398],[140.38005,35.22382],[140.37981,35.2235],[140.37959,35.22321],[140.37868,35.22206],[140.37827,35.22158],[140.37755,35.22069],[140.37732,35.22039],[140.37728,35.22034],[140.37719,35.22024],[140.37703,35.22004],[140.37673,35.21959],[140.37651,35.21918],[140.37647,35.21906],[140.37645,35.21905],[140.37632,35.21869],[140.37625,35.2185],[140.37625,35.21845],[140.37623,35.2184],[140.37604,35.21728],[140.37582,35.21592],[140.37579,35.21569],[140.37568,35.21505],[140.37562,35.2147],[140.3756,35.21457],[140.37551,35.21429],[140.37537,35.21402],[140.3753,35.21389],[140.37528,35.21388],[140.37502,35.21345],[140.37494,35.21331],[140.37474,35.21299],[140.37425,35.21219],[140.37407,35.2119],[140.37392,35.21165],[140.37365,35.21116],[140.3735,35.21072],[140.3734,35.2102],[140.37334,35.20982],[140.37332,35.20875],[140.37332,35.20852],[140.37327,35.20708],[140.37325,35.20607],[140.37321,35.20444],[140.3732,35.20435],[140.37309,35.20397],[140.37293,35.20362],[140.37242,35.20298],[140.37204,35.20243],[140.37203,35.20241],[140.37202,35.2024],[140.37181,35.20213],[140.37172,35.202],[140.37048,35.20033],[140.3698,35.19954],[140.36923,35.19905],[140.36852,35.19852],[140.36825,35.19836],[140.36726,35.19776],[140.36668,35.19742],[140.36551,35.19683],[140.36382,35.19602],[140.35981,35.19419],[140.35975,35.19417],[140.3597,35.19413],[140.3596,35.1941],[140.35819,35.19345],[140.35745,35.19311],[140.35716,35.19299],[140.3571,35.19296],[140.35708,35.19294],[140.35688,35.19285],[140.356,35.19245],[140.35565,35.19225],[140.35517,35.19193],[140.35496,35.19177],[140.3546,35.19146],[140.35441,35.19127],[140.3542,35.19106],[140.35399,35.19082],[140.35336,35.19],[140.35312,35.18969],[140.35297,35.18948],[140.35253,35.18891],[140.35235,35.1887],[140.35207,35.18833],[140.35082,35.18675],[140.35065,35.18653],[140.35039,35.18621],[140.34979,35.18547],[140.34957,35.18517],[140.34885,35.18425],[140.34862,35.18395],[140.34743,35.18244],[140.34721,35.18217],[140.34699,35.18189],[140.34662,35.18139],[140.34596,35.18051],[140.34511,35.17946],[140.34454,35.17875],[140.34412,35.17826],[140.3436,35.17771],[140.34269,35.17687],[140.34213,35.17635],[140.34179,35.1761],[140.33996,35.17475],[140.33776,35.17314],[140.3369,35.17249],[140.33554,35.17151],[140.3348,35.17082],[140.33416,35.16998],[140.33353,35.169],[140.33312,35.16843],[140.33284,35.16812],[140.33233,35.1677],[140.33201,35.16751],[140.33184,35.16741],[140.3315,35.16724],[140.33104,35.16708],[140.33027,35.16682],[140.33,35.16674],[140.32964,35.16663],[140.32844,35.16627],[140.3277,35.16601],[140.32733,35.16582],[140.32692,35.16561],[140.32619,35.16507],[140.32579,35.1647],[140.32547,35.16435],[140.32522,35.164],[140.32453,35.16291],[140.32332,35.16084],[140.32165,35.15807],[140.32133,35.15759],[140.32097,35.15716],[140.32051,35.15677],[140.32024,35.1566],[140.31994,35.15644],[140.3196,35.15631],[140.3192,35.15618],[140.3187,35.15605],[140.31808,35.15589],[140.31761,35.15574],[140.31706,35.15554],[140.31607,35.15504],[140.31546,35.15466],[140.31504,35.1544],[140.31434,35.15399],[140.31412,35.15386],[140.31283,35.15309],[140.31111,35.15215],[140.31068,35.15191],[140.31001,35.15158],[140.30936,35.15136],[140.30868,35.15121],[140.30857,35.1512],[140.30819,35.15118],[140.30816,35.15117],[140.30755,35.15118],[140.30704,35.15123],[140.30581,35.15144],[140.30407,35.15179],[140.30384,35.15184],[140.30248,35.15215],[140.30202,35.15229],[140.30133,35.1525],[140.30041,35.15272],[140.30014,35.15277],[140.29981,35.15281],[140.29949,35.15281],[140.29917,35.15278],[140.29888,35.15271],[140.29864,35.15265],[140.29838,35.15256],[140.29737,35.15214],[140.29717,35.15206],[140.29671,35.15183],[140.29651,35.15174],[140.29611,35.15156],[140.2954,35.15131],[140.29493,35.1511],[140.29441,35.15084],[140.2939,35.15053],[140.29367,35.15032],[140.29313,35.1499],[140.2924,35.1493],[140.29099,35.14816],[140.28956,35.14692],[140.2888,35.14631],[140.2881,35.1458],[140.28746,35.14543],[140.28707,35.14521],[140.28668,35.14501],[140.28641,35.1449],[140.28535,35.14442],[140.28437,35.14393],[140.28295,35.14328],[140.28276,35.1432],[140.281,35.14235],[140.2802,35.14194],[140.27978,35.14172],[140.27946,35.14152],[140.27847,35.14098],[140.27766,35.1405],[140.27708,35.14011],[140.27682,35.13991],[140.27645,35.13955],[140.27621,35.13941],[140.2759,35.13928],[140.27557,35.13919],[140.27504,35.13905],[140.27473,35.139],[140.27466,35.139],[140.27447,35.139],[140.27439,35.13901],[140.27406,35.13904],[140.27368,35.13911],[140.27361,35.13913],[140.27339,35.13919],[140.27317,35.13925],[140.27279,35.13939],[140.27245,35.13955],[140.27194,35.13982],[140.27165,35.13996],[140.27095,35.14028],[140.27034,35.14054],[140.27,35.14065],[140.26965,35.1407],[140.26927,35.14073],[140.26882,35.14069],[140.26789,35.14057],[140.26732,35.14048],[140.26684,35.14042],[140.26642,35.1404],[140.26583,35.14039],[140.26501,35.14045],[140.26438,35.1405],[140.26392,35.1405],[140.2635,35.14048],[140.26327,35.14045],[140.26287,35.14034],[140.2625,35.14021],[140.2621,35.14002],[140.26161,35.13975],[140.26136,35.13961],[140.26109,35.13941],[140.26073,35.13919],[140.26014,35.13895],[140.25929,35.13869],[140.25897,35.13865],[140.25848,35.13863],[140.25827,35.13864],[140.2572,35.13878],[140.25589,35.13888],[140.25549,35.13889],[140.25476,35.13879],[140.25443,35.13871],[140.25236,35.13795],[140.25117,35.13749],[140.24977,35.13694],[140.24847,35.13642],[140.24704,35.13588],[140.24674,35.13576],[140.24661,35.13569],[140.24623,35.13547],[140.24552,35.13501],[140.24508,35.1347],[140.24491,35.13457],[140.24478,35.13447],[140.24465,35.13437],[140.24461,35.13433],[140.24448,35.13419],[140.24429,35.13398],[140.24396,35.13359],[140.24392,35.13354],[140.24389,35.13346],[140.24384,35.13319],[140.24377,35.13289],[140.24373,35.13272],[140.2437,35.13245],[140.24369,35.13243],[140.24364,35.13218],[140.24353,35.13172],[140.24347,35.13152],[140.2434,35.13135],[140.24328,35.13112],[140.24312,35.13089],[140.2431,35.13084],[140.243,35.13071],[140.24283,35.13052],[140.2428,35.13051],[140.24238,35.13018],[140.2419,35.12986],[140.24146,35.12959],[140.24021,35.12878],[140.23987,35.12852],[140.23954,35.12825],[140.23896,35.12769],[140.23872,35.1274],[140.23848,35.12712],[140.23828,35.12694],[140.23808,35.12679],[140.23772,35.12656],[140.2369,35.12605],[140.23294,35.12371],[140.23137,35.12279],[140.2311,35.12264],[140.23088,35.12249],[140.23062,35.12228],[140.23051,35.12217],[140.23031,35.12198],[140.23012,35.12171],[140.22997,35.12146],[140.22971,35.12098],[140.22953,35.12058],[140.22938,35.1202],[140.22916,35.11973],[140.2291,35.11965],[140.22907,35.11959],[140.22894,35.11943],[140.22849,35.11902],[140.22814,35.11879],[140.22789,35.11867],[140.22772,35.11858],[140.22749,35.11849],[140.22724,35.11843],[140.22674,35.11835],[140.22634,35.11831],[140.2263,35.1183],[140.22611,35.1183],[140.22531,35.11821],[140.22462,35.11814],[140.22073,35.11778],[140.22016,35.11774],[140.21936,35.11767],[140.21916,35.11765],[140.21881,35.11763],[140.2182,35.11761],[140.21765,35.11767],[140.2137,35.11825],[140.21215,35.11848],[140.20802,35.11908],[140.20742,35.11917],[140.20618,35.11935],[140.20604,35.11936],[140.20559,35.11942],[140.20549,35.11945],[140.20539,35.11946],[140.20513,35.11954],[140.20485,35.11966],[140.20472,35.11972],[140.2044,35.11994],[140.2041,35.12021],[140.20385,35.12047],[140.20321,35.12109],[140.20318,35.12113],[140.20287,35.1214],[140.20192,35.12232],[140.20184,35.12238],[140.20156,35.12266],[140.20096,35.1232],[140.20093,35.12322],[140.20091,35.12323],[140.2008,35.12335],[140.20017,35.1239],[140.19838,35.12547],[140.19781,35.12604],[140.19767,35.12619],[140.19755,35.1264],[140.19726,35.12695],[140.19696,35.12743],[140.19668,35.12786],[140.19644,35.12818],[140.19624,35.12842],[140.19605,35.12859],[140.19575,35.1288],[140.19541,35.12899],[140.19512,35.12911],[140.19492,35.12918],[140.1946,35.12924],[140.19439,35.12927],[140.19365,35.12927],[140.19334,35.12923],[140.19264,35.12912],[140.19245,35.12908],[140.19102,35.12885],[140.18852,35.12842],[140.18788,35.12831],[140.18759,35.12827],[140.18723,35.12821],[140.18701,35.12817],[140.18682,35.12813],[140.18645,35.12807],[140.18605,35.12803],[140.18601,35.12801],[140.1855,35.12796],[140.18477,35.12792],[140.18424,35.12795],[140.18403,35.12798],[140.18379,35.12801],[140.17908,35.12891],[140.17669,35.12936],[140.17636,35.12941],[140.17582,35.12944],[140.17547,35.12945],[140.17513,35.12942],[140.17484,35.12939],[140.17468,35.12936],[140.1744,35.1293],[140.174,35.12919],[140.17352,35.129],[140.17133,35.12791],[140.17098,35.12773],[140.17059,35.12754],[140.1701,35.12729],[140.17,35.12724],[140.16982,35.12714],[140.16927,35.12687],[140.16884,35.12666],[140.16838,35.12641],[140.16826,35.12636],[140.16807,35.12627],[140.16645,35.12546],[140.16603,35.12526],[140.16563,35.12513],[140.16513,35.12498],[140.16493,35.12493],[140.16476,35.1249],[140.16456,35.12489],[140.16431,35.12486],[140.16388,35.12482],[140.16328,35.12481],[140.16264,35.12487],[140.16233,35.12494],[140.1619,35.12507],[140.16142,35.12524],[140.16019,35.1257],[140.15981,35.12586],[140.15918,35.12617],[140.15869,35.12637],[140.15831,35.12649],[140.15792,35.12657],[140.15758,35.1266],[140.15719,35.12657],[140.15688,35.12648],[140.15677,35.12646],[140.15645,35.12637],[140.15605,35.12625],[140.15571,35.12613],[140.15564,35.12612],[140.15384,35.12546],[140.15378,35.12543],[140.15328,35.12526],[140.15296,35.12515],[140.15212,35.12485],[140.15166,35.12469],[140.15142,35.1246],[140.15113,35.1245],[140.15092,35.12442],[140.15084,35.1244],[140.15047,35.12427],[140.15045,35.12425],[140.14998,35.12409],[140.1492,35.12381],[140.14839,35.12353],[140.14808,35.12341],[140.14794,35.12338],[140.14788,35.12334],[140.14782,35.12333],[140.14728,35.12313],[140.1469,35.123],[140.14639,35.12282],[140.14631,35.12279],[140.14609,35.12271],[140.14544,35.12248],[140.14536,35.12246],[140.14529,35.12243],[140.14478,35.12225],[140.14475,35.12224],[140.14386,35.12193],[140.14362,35.12184],[140.14331,35.12173],[140.14267,35.12149],[140.14238,35.12143],[140.14214,35.12137],[140.14179,35.12132],[140.14143,35.1213],[140.14104,35.1213],[140.14077,35.12132],[140.14021,35.12141],[140.1398,35.1215],[140.1394,35.12161],[140.13937,35.12163],[140.13645,35.12252],[140.13533,35.12287],[140.13504,35.12297],[140.13432,35.12319],[140.13414,35.12324],[140.13402,35.12328],[140.13236,35.12381],[140.13079,35.12429],[140.13057,35.12434],[140.13018,35.12441],[140.12941,35.1245],[140.12913,35.12452],[140.1286,35.12454],[140.12711,35.12455],[140.12682,35.12453],[140.12637,35.12448],[140.12582,35.12437],[140.12577,35.12436],[140.12538,35.12424],[140.12485,35.12406],[140.12443,35.12389],[140.12436,35.12387],[140.12404,35.12372],[140.12368,35.12351],[140.12362,35.12347],[140.12342,35.12336],[140.12324,35.12326],[140.12268,35.12292],[140.12245,35.12278],[140.12184,35.12242],[140.12175,35.12237],[140.12136,35.12216],[140.12024,35.12149],[140.11896,35.12075],[140.11802,35.12021],[140.11776,35.12006],[140.11751,35.11992],[140.11741,35.11986],[140.11681,35.11952],[140.11619,35.11916],[140.11594,35.11901],[140.11582,35.11893],[140.11495,35.11843],[140.11422,35.11789],[140.11381,35.11759],[140.11312,35.11702],[140.11283,35.11677],[140.11237,35.11635],[140.11196,35.11598],[140.11113,35.1152],[140.11084,35.1149],[140.1103,35.11435],[140.11024,35.1143],[140.11011,35.11415],[140.1097,35.11372],[140.10965,35.11368],[140.10904,35.11305],[140.10884,35.11285],[140.10837,35.11238],[140.10754,35.11152],[140.10743,35.11141],[140.10705,35.11103],[140.1067,35.11067],[140.1064,35.11037],[140.10601,35.10996],[140.10571,35.10964],[140.10431,35.10822],[140.10311,35.10702]]}},{"type":"Feature","properties":{"line_name":"内房線"},"geometry":{"type":"LineString","coordinates":[[140.11492,35.61315],[140.13124,35.58113],[140.13207,35.57944],[140.13246,35.57866],[140.13346,35.57667],[140.13348,35.57663],[140.1338,35.57586],[140.13392,35.57545],[140.13397,35.57482],[140.13405,35.5736],[140.13419,35.57137],[140.13439,35.56846],[140.13441,35.56815],[140.13459,35.56531],[140.13462,35.5649],[140.13462,35.56481],[140.13474,35.56303],[140.13486,35.56118],[140.13492,35.56035],[140.13496,35.55976],[140.13496,35.55941],[140.13484,35.55888],[140.13468,35.55838],[140.1343,35.55742],[140.13418,35.55711],[140.13318,35.55459],[140.1331,35.5544],[140.13257,35.55306],[140.1318,35.55114],[140.13153,35.55046],[140.13069,35.54832],[140.13032,35.54738],[140.13026,35.54721],[140.13023,35.54714],[140.12982,35.54611],[140.1296,35.54557],[140.12922,35.54469],[140.12903,35.54433],[140.12881,35.54404],[140.12856,35.54376],[140.12761,35.54285],[140.1275,35.54275],[140.12561,35.54106],[140.12407,35.53969],[140.12291,35.53867],[140.12259,35.53838],[140.12174,35.53764],[140.12083,35.53687],[140.11924,35.53545],[140.1185,35.5348],[140.11807,35.53441],[140.11783,35.53422],[140.11693,35.53343],[140.11668,35.53324],[140.11578,35.53251],[140.11535,35.53221],[140.11446,35.53153],[140.11239,35.53001],[140.11195,35.52966],[140.11086,35.52887],[140.11068,35.52874],[140.11003,35.52823],[140.10932,35.52771],[140.10793,35.52667],[140.10729,35.52618],[140.10416,35.52386],[140.10368,35.5235],[140.10182,35.52213],[140.10001,35.52078],[140.09934,35.52029],[140.09793,35.51921],[140.09699,35.51852],[140.09693,35.51848],[140.09664,35.51825],[140.09638,35.51806],[140.09592,35.51773],[140.09501,35.51705],[140.09407,35.51635],[140.09246,35.51515],[140.09174,35.51461],[140.09142,35.51436],[140.091,35.51405],[140.08849,35.51218],[140.08755,35.5115],[140.08614,35.51046],[140.0857,35.51006],[140.08539,35.50976],[140.08469,35.50888],[140.08435,35.5085],[140.08352,35.50749],[140.08287,35.50672],[140.08235,35.5061],[140.0821,35.50578],[140.08132,35.50487],[140.0808,35.50424],[140.08029,35.50363],[140.07995,35.50326],[140.07955,35.50285],[140.07899,35.50235],[140.07874,35.50213],[140.07824,35.50177],[140.07733,35.50122],[140.07578,35.50024],[140.07348,35.4988],[140.073,35.4985],[140.07067,35.49705],[140.07046,35.49692],[140.06961,35.49638],[140.06836,35.4956],[140.06606,35.49417],[140.06577,35.49399],[140.06491,35.49345],[140.06455,35.4932],[140.06338,35.49232],[140.06235,35.49153],[140.06214,35.49138],[140.06063,35.49026],[140.06045,35.49012],[140.05913,35.48913],[140.0577,35.48808],[140.05748,35.48792],[140.05581,35.48669],[140.05556,35.4865],[140.0538,35.48518],[140.05273,35.48437],[140.05222,35.48402],[140.05177,35.48374],[140.05121,35.48341],[140.05081,35.4832],[140.05039,35.48298],[140.0491,35.48233],[140.04718,35.48134],[140.04521,35.48032],[140.04383,35.47961],[140.04356,35.47947],[140.042,35.47869],[140.04024,35.47779],[140.03855,35.47692],[140.03748,35.47638],[140.03528,35.47526],[140.03404,35.4746],[140.03385,35.47446],[140.03351,35.47418],[140.03303,35.47376],[140.03277,35.47348],[140.03188,35.47239],[140.03157,35.47198],[140.03097,35.4713],[140.03072,35.47101],[140.03063,35.47092],[140.03024,35.47054],[140.02962,35.47001],[140.02916,35.46965],[140.0286,35.46926],[140.0273,35.46843],[140.02571,35.46744],[140.025,35.46699],[140.02458,35.46673],[140.02436,35.46659],[140.02347,35.46604],[140.02136,35.46473],[140.01977,35.46375],[140.01837,35.46288],[140.01823,35.4628],[140.01729,35.46213],[140.01608,35.46127],[140.01596,35.46119],[140.01505,35.46057],[140.01467,35.46038],[140.01451,35.46031],[140.01272,35.45948],[140.01126,35.4588],[140.01076,35.45852],[140.01028,35.45824],[140.00956,35.45778],[140.00836,35.45701],[140.00779,35.45667],[140.0073,35.45642],[140.00521,35.45548],[140.00518,35.45547],[140.0047,35.45522],[140.0044,35.45507],[140.00405,35.45487],[140.003,35.45423],[140.00223,35.45376],[140.00193,35.45358],[140.00091,35.45305],[139.9994,35.4523],[139.99698,35.45108],[139.99675,35.45097],[139.99642,35.4508],[139.99443,35.44977],[139.99243,35.44876],[139.99071,35.44791],[139.98904,35.44706],[139.98733,35.44621],[139.98688,35.44599],[139.98501,35.44507],[139.98322,35.44415],[139.98073,35.4429],[139.97793,35.4415],[139.97745,35.44126],[139.97498,35.44],[139.97235,35.43869],[139.97036,35.43768],[139.96886,35.43694],[139.96802,35.43652],[139.96619,35.43559],[139.96433,35.43465],[139.96331,35.43415],[139.96195,35.43364],[139.95984,35.43286],[139.95826,35.43228],[139.95616,35.43153],[139.95586,35.43142],[139.95271,35.43023],[139.94965,35.42907],[139.94683,35.42802],[139.94626,35.4278],[139.94554,35.42753],[139.94404,35.4269],[139.94322,35.42644],[139.9426,35.42605],[139.94175,35.42533],[139.94109,35.42464],[139.94023,35.42349],[139.93941,35.42241],[139.93861,35.42131],[139.9376,35.41994],[139.93734,35.4196],[139.9368,35.41889],[139.93649,35.41846],[139.93598,35.41776],[139.9353,35.41682],[139.93524,35.41675],[139.93488,35.41625],[139.93465,35.41593],[139.93439,35.41558],[139.93322,35.41399],[139.93315,35.4139],[139.93262,35.41317],[139.93194,35.41224],[139.93142,35.41152],[139.92983,35.40932],[139.92958,35.40894],[139.92946,35.40876],[139.92922,35.40834],[139.92908,35.40794],[139.92894,35.40741],[139.92884,35.40683],[139.92873,35.40569],[139.92864,35.40478],[139.92861,35.40455],[139.9285,35.40345],[139.92837,35.40227],[139.92818,35.40043],[139.92811,35.39977],[139.92808,35.39938],[139.92802,35.39873],[139.92797,35.39825],[139.92792,35.3977],[139.92791,35.39761],[139.92787,35.39723],[139.9278,35.39658],[139.92775,35.39615],[139.92767,35.3954],[139.92765,35.3952],[139.92764,35.39509],[139.92761,35.39482],[139.92755,35.39433],[139.92741,35.39317],[139.92737,35.39281],[139.92729,35.3921],[139.92718,35.39102],[139.92707,35.38991],[139.92705,35.3898],[139.92695,35.38886],[139.92683,35.38782],[139.92677,35.38729],[139.92651,35.38517],[139.9265,35.38506],[139.9264,35.38411],[139.92638,35.38391],[139.92627,35.38289],[139.92622,35.38244],[139.92614,35.3817],[139.9261,35.38131],[139.92599,35.38036],[139.92594,35.37986],[139.92582,35.37886],[139.92577,35.37842],[139.92566,35.37749],[139.92559,35.37694],[139.92534,35.37476],[139.92525,35.37394],[139.92505,35.3721],[139.92497,35.37138],[139.92486,35.37045],[139.92471,35.36968],[139.92456,35.36899],[139.92401,35.36764],[139.92302,35.36525],[139.92243,35.36379],[139.92199,35.36271],[139.9213,35.36104],[139.92115,35.3605],[139.92108,35.36023],[139.92092,35.35933],[139.92083,35.35889],[139.92069,35.35811],[139.92065,35.35788],[139.92062,35.35769],[139.92058,35.35749],[139.92029,35.35583],[139.91995,35.35402],[139.91972,35.35307],[139.91909,35.35049],[139.9188,35.34938],[139.91857,35.34891],[139.91823,35.34835],[139.91723,35.34677],[139.91613,35.34512],[139.91592,35.34484],[139.91563,35.34452],[139.91521,35.34408],[139.91475,35.34361],[139.91395,35.34302],[139.9136,35.34276],[139.91319,35.34246],[139.91289,35.34222],[139.91262,35.34199],[139.91229,35.34153],[139.91212,35.34115],[139.91208,35.34107],[139.912,35.34073],[139.91198,35.34045],[139.91196,35.34025],[139.91171,35.33784],[139.91168,35.33742],[139.91164,35.33662],[139.91164,35.33557],[139.91161,35.33498],[139.9115,35.33456],[139.91122,35.33387],[139.91084,35.33332],[139.9104,35.33284],[139.90984,35.33242],[139.9093,35.33212],[139.90825,35.33177],[139.90763,35.33169],[139.90744,35.33166],[139.90569,35.33144],[139.90469,35.33142],[139.90404,35.33148],[139.90291,35.3317],[139.89932,35.33264],[139.89699,35.33324],[139.89586,35.33355],[139.89477,35.33385],[139.89444,35.33394],[139.8898,35.33513],[139.88704,35.33584],[139.88593,35.33607],[139.88515,35.33618],[139.88429,35.33627],[139.88339,35.33629],[139.88263,35.33627],[139.88159,35.33618],[139.87895,35.33581],[139.87517,35.33528],[139.8723,35.33485],[139.87177,35.33477],[139.87132,35.33471],[139.8681,35.33431],[139.86729,35.3342],[139.86681,35.33411],[139.86637,35.33403],[139.86595,35.33393],[139.86567,35.33386],[139.8653,35.33376],[139.86469,35.33358],[139.86428,35.33345],[139.8638,35.33331],[139.86341,35.33319],[139.86324,35.33312],[139.86255,35.33276],[139.8622,35.33256],[139.86165,35.33222],[139.86125,35.33198],[139.85967,35.33105],[139.85809,35.33008],[139.85527,35.32836],[139.85506,35.32824],[139.85439,35.32782],[139.85394,35.32754],[139.85363,35.32734],[139.8532,35.32704],[139.85297,35.32686],[139.85278,35.32669],[139.85266,35.32657],[139.85251,35.32641],[139.85186,35.32562],[139.85154,35.32509],[139.85145,35.32481],[139.8513,35.32428],[139.85125,35.324],[139.85116,35.32337],[139.8511,35.32286],[139.85089,35.32067],[139.85084,35.32014],[139.85062,35.31767],[139.85058,35.31732],[139.85047,35.31616],[139.85043,35.31593],[139.85041,35.31549],[139.85041,35.3151],[139.85046,35.31467],[139.85051,35.31438],[139.85067,35.3135],[139.8511,35.31137],[139.8512,35.31087],[139.85159,35.30891],[139.85164,35.30872],[139.85173,35.30829],[139.85203,35.30679],[139.85208,35.30652],[139.85248,35.3046],[139.85292,35.3026],[139.85303,35.30209],[139.85319,35.30127],[139.85326,35.30095],[139.85335,35.30052],[139.85352,35.29974],[139.85371,35.29877],[139.85382,35.29824],[139.85426,35.29657],[139.85437,35.29617],[139.85481,35.29456],[139.8549,35.29424],[139.85538,35.29249],[139.85587,35.29076],[139.8561,35.28982],[139.85635,35.28886],[139.8564,35.28865],[139.85688,35.28692],[139.85727,35.28541],[139.85735,35.28508],[139.85746,35.28465],[139.85752,35.28444],[139.85763,35.28402],[139.85774,35.28356],[139.85807,35.28265],[139.85834,35.28206],[139.85848,35.28177],[139.85869,35.28136],[139.85897,35.28084],[139.85918,35.28051],[139.85938,35.28017],[139.85956,35.27989],[139.86049,35.27843],[139.86056,35.2783],[139.86065,35.27816],[139.86145,35.2769],[139.86201,35.27597],[139.86217,35.27565],[139.8625,35.27504],[139.86278,35.27451],[139.86299,35.27414],[139.8631,35.27393],[139.8634,35.27342],[139.86368,35.27293],[139.86376,35.27277],[139.864,35.27238],[139.86429,35.27189],[139.8647,35.2712],[139.8648,35.27106],[139.86495,35.27086],[139.86502,35.27079],[139.86509,35.27071],[139.86523,35.27057],[139.8654,35.27042],[139.86562,35.27026],[139.86586,35.27011],[139.86602,35.27001],[139.86633,35.26986],[139.86656,35.26976],[139.8669,35.26964],[139.86721,35.26953],[139.8675,35.26943],[139.86785,35.26935],[139.8682,35.2693],[139.86869,35.26921],[139.86919,35.26909],[139.86983,35.26892],[139.87008,35.26885],[139.87036,35.26875],[139.87063,35.26864],[139.87081,35.26853],[139.87099,35.26838],[139.87148,35.26793],[139.87177,35.26763],[139.8736,35.26588],[139.87385,35.26559],[139.87411,35.26523],[139.87454,35.26435],[139.87497,35.2632],[139.8758,35.26092],[139.87648,35.25905],[139.87694,35.25784],[139.87715,35.25725],[139.87729,35.2569],[139.87796,35.25513],[139.87804,35.25469],[139.87804,35.25403],[139.87796,35.25351],[139.87792,35.2533],[139.87784,35.25289],[139.8778,35.25262],[139.87767,35.25167],[139.87738,35.24965],[139.87719,35.24819],[139.87717,35.24751],[139.87728,35.24698],[139.87738,35.24644],[139.87763,35.24561],[139.87787,35.24508],[139.87798,35.24463],[139.87805,35.24416],[139.87802,35.24382],[139.87786,35.24325],[139.87783,35.24315],[139.87754,35.24257],[139.87715,35.24206],[139.87579,35.24023],[139.87526,35.23963],[139.87177,35.23562],[139.87149,35.23528],[139.87131,35.23495],[139.87121,35.23467],[139.87117,35.23442],[139.87112,35.23398],[139.87108,35.23371],[139.87106,35.23339],[139.87108,35.23302],[139.87125,35.23196],[139.8714,35.23066],[139.87155,35.22903],[139.87157,35.2287],[139.87168,35.2279],[139.87171,35.2276],[139.87177,35.22736],[139.87182,35.22672],[139.87184,35.22644],[139.87184,35.22624],[139.87185,35.22574],[139.87186,35.22546],[139.87186,35.22525],[139.87184,35.22484],[139.87177,35.22466],[139.87171,35.22444],[139.87155,35.22377],[139.87146,35.22346],[139.87124,35.22271],[139.87075,35.22095],[139.87049,35.22008],[139.87028,35.21952],[139.87002,35.21897],[139.8697,35.2185],[139.86928,35.21805],[139.86916,35.21796],[139.86899,35.21782],[139.86814,35.2173],[139.86807,35.21726],[139.86782,35.21711],[139.86776,35.21707],[139.86749,35.21689],[139.86658,35.21635],[139.86649,35.2163],[139.86634,35.21622],[139.86576,35.21594],[139.86498,35.21559],[139.86434,35.21533],[139.86374,35.21511],[139.86336,35.21498],[139.86319,35.21493],[139.86244,35.21468],[139.86178,35.21449],[139.86129,35.21443],[139.86093,35.21444],[139.85996,35.21448],[139.85897,35.21454],[139.85806,35.21459],[139.85781,35.21456],[139.85739,35.21448],[139.85708,35.21441],[139.85701,35.21439],[139.85654,35.21428],[139.85583,35.21413],[139.85536,35.21401],[139.8548,35.21388],[139.85375,35.21364],[139.85326,35.21353],[139.85322,35.21352],[139.85194,35.21322],[139.8512,35.21305],[139.85052,35.21288],[139.85001,35.21275],[139.8497,35.21264],[139.84926,35.21244],[139.8489,35.2122],[139.8487,35.21204],[139.84841,35.21176],[139.84814,35.21143],[139.84785,35.21094],[139.84768,35.21061],[139.84758,35.21019],[139.84758,35.21003],[139.84764,35.20946],[139.84767,35.20884],[139.84767,35.20862],[139.84759,35.20813],[139.8474,35.2075],[139.84712,35.20705],[139.84692,35.20679],[139.84671,35.20653],[139.84612,35.20592],[139.84594,35.20572],[139.84559,35.20543],[139.84515,35.20506],[139.84482,35.20486],[139.84452,35.2047],[139.84397,35.20446],[139.8437,35.20435],[139.84345,35.20426],[139.84298,35.20414],[139.84118,35.20358],[139.84087,35.20348],[139.83923,35.20293],[139.83812,35.20261],[139.83785,35.20253],[139.83726,35.20235],[139.83667,35.20215],[139.83626,35.20195],[139.836,35.20178],[139.83585,35.20166],[139.83537,35.20122],[139.83501,35.20094],[139.83479,35.20079],[139.83445,35.20057],[139.83422,35.2004],[139.83366,35.19999],[139.83266,35.19918],[139.8325,35.19909],[139.83178,35.19861],[139.83148,35.19843],[139.83091,35.1981],[139.82915,35.19708],[139.82898,35.19698],[139.82893,35.19694],[139.82879,35.19685],[139.82864,35.19673],[139.82837,35.19644],[139.82807,35.19605],[139.82804,35.19604],[139.82789,35.19583],[139.82773,35.19566],[139.82743,35.19542],[139.82718,35.19526],[139.82695,35.19509],[139.82588,35.19439],[139.82534,35.19414],[139.82435,35.19376],[139.82415,35.19369],[139.82402,35.19365],[139.82345,35.19339],[139.82309,35.19319],[139.82286,35.193],[139.82249,35.19263],[139.82208,35.19219],[139.82191,35.19201],[139.82138,35.19147],[139.82063,35.19068],[139.82062,35.19064],[139.82038,35.19033],[139.82032,35.19023],[139.82015,35.18991],[139.81995,35.18946],[139.8199,35.18929],[139.81973,35.18872],[139.81964,35.18844],[139.81954,35.18797],[139.81934,35.18699],[139.81931,35.18677],[139.81928,35.1866],[139.81921,35.18622],[139.81915,35.18584],[139.81907,35.18533],[139.819,35.18486],[139.81897,35.18469],[139.81888,35.18413],[139.81881,35.18337],[139.81885,35.18311],[139.81922,35.18226],[139.81927,35.18211],[139.81931,35.18199],[139.81945,35.18146],[139.81953,35.18084],[139.81947,35.18022],[139.81945,35.17974],[139.81938,35.17953],[139.81933,35.17933],[139.81922,35.17908],[139.81881,35.1782],[139.81863,35.17779],[139.81857,35.17758],[139.81856,35.17728],[139.81859,35.17688],[139.81861,35.17657],[139.81864,35.17634],[139.81868,35.17616],[139.81903,35.17541],[139.81908,35.1753],[139.81938,35.1745],[139.81944,35.17417],[139.81945,35.17374],[139.81941,35.17345],[139.81938,35.17321],[139.81921,35.17226],[139.8192,35.17194],[139.81924,35.17163],[139.81936,35.17119],[139.81948,35.17067],[139.81969,35.16998],[139.81983,35.16972],[139.82033,35.16925],[139.82053,35.16909],[139.82088,35.16888],[139.82121,35.16873],[139.82331,35.16766],[139.82424,35.16719],[139.82461,35.167],[139.82492,35.16684],[139.82517,35.16672],[139.82581,35.16641],[139.82631,35.16608],[139.8264,35.16597],[139.82667,35.16569],[139.82677,35.16556],[139.82711,35.16505],[139.82733,35.16455],[139.82748,35.1641],[139.8275,35.16392],[139.82814,35.16004],[139.82842,35.15835],[139.82844,35.15827],[139.82859,35.15741],[139.82887,35.15574],[139.82934,35.15262],[139.82967,35.1517],[139.82992,35.15119],[139.83006,35.15087],[139.83019,35.15067],[139.8306,35.15007],[139.8309,35.14969],[139.83146,35.14902],[139.83205,35.14836],[139.83253,35.14783],[139.83296,35.14735],[139.83333,35.147],[139.83398,35.14636],[139.83528,35.14504],[139.83609,35.14421],[139.83662,35.14362],[139.83675,35.14344],[139.83773,35.14207],[139.83859,35.14086],[139.83981,35.1391],[139.83995,35.13885],[139.84007,35.13857],[139.84021,35.13824],[139.84026,35.138],[139.84028,35.13773],[139.84024,35.13736],[139.84018,35.13699],[139.84009,35.13648],[139.83994,35.13568],[139.83965,35.13416],[139.83951,35.13343],[139.83948,35.13322],[139.83949,35.13301],[139.83958,35.13268],[139.83976,35.13224],[139.83983,35.13201],[139.83997,35.13126],[139.84002,35.13083],[139.84008,35.13007],[139.84007,35.12978],[139.84003,35.12959],[139.83992,35.12932],[139.83977,35.12906],[139.83955,35.12873],[139.83902,35.12799],[139.83898,35.12792],[139.83815,35.12675],[139.83784,35.12638],[139.83744,35.12585],[139.83729,35.12562],[139.83714,35.12534],[139.8368,35.12457],[139.83589,35.12282],[139.8357,35.12256],[139.83529,35.12203],[139.83492,35.12154],[139.83486,35.12146],[139.8343,35.12081],[139.83381,35.12016],[139.83327,35.11946],[139.83275,35.1187],[139.83256,35.11839],[139.83246,35.11818],[139.83238,35.11793],[139.83233,35.11767],[139.83233,35.11732],[139.83239,35.117],[139.8327,35.11601],[139.83308,35.11491],[139.83374,35.11322],[139.83415,35.11209],[139.83418,35.11202],[139.83427,35.1118],[139.83434,35.11161],[139.83465,35.11087],[139.83471,35.11076],[139.83483,35.11056],[139.83519,35.11019],[139.83531,35.11009],[139.83622,35.10941],[139.83836,35.10793],[139.84083,35.1062],[139.84166,35.10563],[139.84339,35.10442],[139.84633,35.10234],[139.84732,35.1016],[139.84759,35.10134],[139.8479,35.10104],[139.84842,35.10052],[139.84881,35.09981],[139.84898,35.09932],[139.84929,35.0973],[139.84942,35.09642],[139.84955,35.09544],[139.84958,35.09519],[139.84974,35.09396],[139.85,35.09214],[139.85016,35.09097],[139.85042,35.08869],[139.85048,35.08806],[139.85051,35.08777],[139.85051,35.08742],[139.85047,35.08709],[139.85035,35.08672],[139.85029,35.08665],[139.85006,35.08605],[139.84991,35.08581],[139.84966,35.08542],[139.8492,35.08489],[139.84886,35.08456],[139.8486,35.08433],[139.84841,35.08417],[139.84809,35.08394],[139.8477,35.08369],[139.84725,35.08343],[139.84682,35.08322],[139.84557,35.08262],[139.84412,35.08195],[139.8439,35.08184],[139.84331,35.08153],[139.8431,35.08141],[139.84287,35.08125],[139.8427,35.08114],[139.84246,35.08096],[139.84228,35.08081],[139.84191,35.08048],[139.84177,35.08034],[139.84161,35.08017],[139.84079,35.07935],[139.84011,35.07865],[139.84003,35.07857],[139.83942,35.07797],[139.83909,35.07763],[139.83871,35.07723],[139.83801,35.07649],[139.83771,35.07616],[139.8375,35.07592],[139.83741,35.07582],[139.83702,35.07528],[139.83683,35.07495],[139.83638,35.07412],[139.83575,35.07299],[139.83444,35.07057],[139.83398,35.06975],[139.8336,35.06904],[139.8333,35.06849],[139.83313,35.06817],[139.83304,35.06793],[139.83298,35.06777],[139.83293,35.06757],[139.83289,35.0673],[139.83288,35.06696],[139.83288,35.06637],[139.83288,35.06603],[139.83287,35.06587],[139.83285,35.06572],[139.83282,35.0656],[139.83276,35.06539],[139.83271,35.06526],[139.83265,35.06513],[139.83254,35.06492],[139.83239,35.06465],[139.83223,35.06436],[139.83201,35.06401],[139.83145,35.0631],[139.83128,35.06277],[139.83123,35.06268],[139.83102,35.06223],[139.83094,35.06194],[139.83087,35.06174],[139.83081,35.06148],[139.83074,35.06113],[139.83073,35.06077],[139.83071,35.06043],[139.83073,35.06005],[139.83075,35.05984],[139.83078,35.05962],[139.83086,35.05936],[139.83103,35.05898],[139.83112,35.05883],[139.83119,35.05868],[139.83165,35.05782],[139.83194,35.05733],[139.83222,35.05687],[139.83248,35.05645],[139.83255,35.05632],[139.83282,35.05588],[139.83322,35.05525],[139.83349,35.05488],[139.83387,35.05444],[139.83408,35.05423],[139.83428,35.05401],[139.83465,35.05364],[139.83485,35.05345],[139.83542,35.05292],[139.8356,35.05274],[139.83567,35.05265],[139.83578,35.05251],[139.83585,35.05242],[139.83592,35.05232],[139.83598,35.05222],[139.83603,35.05214],[139.83611,35.052],[139.83624,35.05178],[139.83631,35.05163],[139.83637,35.0514],[139.83644,35.05113],[139.83668,35.05021],[139.83699,35.04906],[139.83709,35.04865],[139.83715,35.04843],[139.83729,35.04794],[139.83738,35.04762],[139.8375,35.04716],[139.83801,35.0453],[139.83844,35.04369],[139.83872,35.04257],[139.83877,35.04242],[139.83887,35.0422],[139.83901,35.04192],[139.8392,35.04158],[139.83939,35.04131],[139.8396,35.04106],[139.83991,35.04072],[139.8402,35.04048],[139.84149,35.03943],[139.84216,35.0389],[139.84334,35.03797],[139.8443,35.0372],[139.84558,35.03618],[139.84603,35.03583],[139.84655,35.03541],[139.84702,35.03504],[139.84718,35.0349],[139.84746,35.03464],[139.84762,35.03449],[139.84806,35.034],[139.84838,35.03361],[139.84857,35.03332],[139.84877,35.03304],[139.84877,35.03303],[139.84896,35.03273],[139.84925,35.03229],[139.84955,35.03185],[139.84962,35.03174],[139.84991,35.03129],[139.85026,35.03077],[139.85077,35.03],[139.85203,35.02808],[139.85214,35.02792],[139.85224,35.02778],[139.85251,35.02735],[139.85267,35.02711],[139.85282,35.02686],[139.8529,35.02675],[139.85315,35.02635],[139.85326,35.0262],[139.85337,35.02603],[139.85347,35.02587],[139.85357,35.02572],[139.85391,35.0252],[139.85417,35.0248],[139.85441,35.02441],[139.85455,35.02423],[139.85471,35.02398],[139.85483,35.02378],[139.85502,35.02349],[139.85513,35.02334],[139.85535,35.02299],[139.85547,35.0228],[139.85553,35.02271],[139.85561,35.02258],[139.85575,35.02238],[139.85605,35.02191],[139.85617,35.02171],[139.85622,35.02164],[139.85636,35.02142],[139.85668,35.02092],[139.857,35.02044],[139.85723,35.02008],[139.85736,35.01987],[139.85764,35.01947],[139.85829,35.01844],[139.8586,35.01798],[139.85889,35.01752],[139.85944,35.01667],[139.85959,35.01645],[139.85979,35.01614],[139.85989,35.016],[139.86023,35.01548],[139.86059,35.01492],[139.86081,35.01459],[139.86108,35.01416],[139.86145,35.01344],[139.86153,35.01324],[139.86163,35.013],[139.86174,35.01265],[139.86196,35.01184],[139.86205,35.01147],[139.86228,35.01061],[139.86235,35.01035],[139.86242,35.01013],[139.86248,35.00994],[139.86255,35.00956],[139.86259,35.00902],[139.8626,35.00873],[139.86254,35.00734],[139.86248,35.00623],[139.86243,35.0049],[139.86239,35.00391],[139.86238,35.00371],[139.86238,35.00353],[139.86237,35.00333],[139.86233,35.00292],[139.86231,35.00245],[139.86228,35.00181],[139.86223,35.00089],[139.86219,35.00012],[139.86213,34.999],[139.86213,34.99876],[139.8621,34.99811],[139.86206,34.99729],[139.86203,34.99683],[139.86195,34.995],[139.86192,34.99416],[139.86187,34.99342],[139.86187,34.9933],[139.86186,34.99301],[139.86186,34.99271],[139.8619,34.99249],[139.86192,34.99231],[139.86195,34.99219],[139.86202,34.99189],[139.86209,34.99169],[139.86215,34.99153],[139.86231,34.99121],[139.86242,34.99105],[139.86254,34.99089],[139.86275,34.99064],[139.86286,34.99052],[139.86295,34.99042],[139.86307,34.99031],[139.86338,34.99004],[139.86356,34.98991],[139.86399,34.98962],[139.86427,34.98949],[139.86452,34.98937],[139.86475,34.9893],[139.86488,34.98925],[139.86493,34.98923],[139.86509,34.98918],[139.86527,34.98913],[139.86666,34.98869],[139.86701,34.98858],[139.86798,34.98831],[139.86808,34.98829],[139.86816,34.98827],[139.86944,34.98788],[139.86992,34.98774],[139.87018,34.98766],[139.87034,34.98761],[139.87049,34.98757],[139.87121,34.98742],[139.87177,34.98732],[139.87254,34.98731],[139.87262,34.98731],[139.87335,34.98734],[139.8736,34.98736],[139.87393,34.98736],[139.87414,34.98738],[139.87426,34.98739],[139.8744,34.98741],[139.87458,34.98741],[139.87487,34.98743],[139.87591,34.9875],[139.87642,34.98754],[139.87674,34.98756],[139.87748,34.9876],[139.87831,34.98765],[139.87924,34.98771],[139.87948,34.98773],[139.88069,34.9878],[139.8829,34.98794],[139.88316,34.98796],[139.88371,34.98799],[139.8844,34.98809],[139.88492,34.98819],[139.88512,34.98823],[139.88524,34.98826],[139.88568,34.9884],[139.88609,34.98853],[139.88662,34.98874],[139.88701,34.98894],[139.88731,34.98911],[139.88766,34.98932],[139.88826,34.98975],[139.88856,34.99003],[139.88878,34.99026],[139.88889,34.99038],[139.88896,34.9905],[139.88898,34.99053],[139.88901,34.99057],[139.88905,34.99062],[139.88909,34.99068],[139.88915,34.99077],[139.88933,34.99111],[139.88945,34.99135],[139.88951,34.99149],[139.88953,34.99155],[139.88983,34.99225],[139.88995,34.99258],[139.89035,34.99352],[139.89059,34.99412],[139.89076,34.99453],[139.89114,34.99546],[139.89125,34.99569],[139.89145,34.99605],[139.89164,34.99635],[139.89169,34.99645],[139.89183,34.99662],[139.89206,34.99692],[139.8923,34.99715],[139.8927,34.99747],[139.89319,34.99776],[139.89375,34.998],[139.89403,34.9981],[139.89434,34.99818],[139.89499,34.99826],[139.89507,34.99827],[139.89572,34.99833],[139.89635,34.99841],[139.89684,34.99846],[139.89745,34.99852],[139.89807,34.99853],[139.89834,34.99852],[139.8986,34.99848],[139.8988,34.99846],[139.89908,34.99841],[139.89931,34.99835],[139.89974,34.99826],[139.90001,34.99822],[139.90047,34.99815],[139.90125,34.99814],[139.90173,34.99814],[139.90214,34.9982],[139.90263,34.99829],[139.90316,34.99848],[139.9042,34.99878],[139.90479,34.99889],[139.90505,34.99893],[139.90545,34.99892],[139.90582,34.99888],[139.90616,34.99881],[139.90691,34.99858],[139.90737,34.9984],[139.90763,34.99828],[139.90838,34.99806],[139.9089,34.99792],[139.90939,34.99782],[139.90995,34.99773],[139.91023,34.9977],[139.91256,34.99733],[139.91398,34.99712],[139.91434,34.99706],[139.91469,34.99701],[139.91506,34.99694],[139.91568,34.99685],[139.91597,34.9968],[139.9166,34.99672],[139.91714,34.99658],[139.91741,34.99652],[139.91756,34.99646],[139.91776,34.99639],[139.91796,34.99625],[139.91833,34.99592],[139.91874,34.99542],[139.91945,34.99448],[139.92039,34.9932],[139.92053,34.99301],[139.92094,34.99251],[139.92134,34.99213],[139.92183,34.99182],[139.92225,34.99158],[139.92288,34.99131],[139.92352,34.99104],[139.92373,34.99094],[139.92407,34.99078],[139.92452,34.99058],[139.92477,34.99047],[139.92546,34.99019],[139.92586,34.99],[139.92661,34.98969],[139.92666,34.98967],[139.9267,34.98964],[139.92721,34.98941],[139.92734,34.98936],[139.92935,34.98846],[139.93009,34.98806],[139.93013,34.98804],[139.93082,34.98772],[139.93142,34.98747],[139.93232,34.98721],[139.93351,34.98696],[139.93421,34.98681],[139.93496,34.98669],[139.93543,34.98666],[139.93594,34.98663],[139.93657,34.98666],[139.93693,34.98671],[139.93765,34.98676],[139.93808,34.98675],[139.93848,34.98672],[139.93878,34.98666],[139.93902,34.98657],[139.93916,34.98651],[139.93941,34.9864],[139.93956,34.98631],[139.9398,34.98605],[139.94,34.98585],[139.94045,34.98533],[139.94054,34.98522],[139.9407,34.98503],[139.94109,34.98452],[139.94145,34.98404],[139.94145,34.98402],[139.94187,34.98337],[139.94225,34.98295],[139.94256,34.98267],[139.94273,34.98252],[139.94282,34.98245],[139.94301,34.98231],[139.94353,34.98194],[139.94398,34.98164],[139.94575,34.98048],[139.94799,34.97897],[139.94805,34.97892],[139.94814,34.97887],[139.94918,34.97817],[139.9497,34.97782],[139.94993,34.97769],[139.95048,34.97741],[139.95112,34.97711],[139.95161,34.97694],[139.95167,34.97692],[139.95235,34.9768],[139.95289,34.97672],[139.95321,34.97671],[139.95412,34.97667],[139.95496,34.9768],[139.95583,34.97705],[139.9569,34.97747],[139.95693,34.97749],[139.95716,34.97762],[139.95751,34.97782],[139.95809,34.97823],[139.95816,34.97829],[139.9588,34.97884],[139.95908,34.97913],[139.95913,34.97918],[139.95927,34.97932],[139.9593,34.97936],[139.95946,34.97953],[139.9603,34.98043],[139.96056,34.98072],[139.96078,34.98097],[139.96154,34.98181],[139.96167,34.98195],[139.96214,34.98244],[139.96271,34.9831],[139.96308,34.98359],[139.96336,34.98399],[139.96355,34.98427],[139.96381,34.9847],[139.96388,34.98483],[139.96397,34.98501],[139.96418,34.98547],[139.96469,34.98688],[139.96479,34.98717],[139.96501,34.98779],[139.96502,34.9878],[139.96508,34.98797],[139.96524,34.98842],[139.9655,34.98915],[139.96556,34.9893],[139.96558,34.98937],[139.96568,34.98967],[139.96571,34.98973],[139.96577,34.98992],[139.9658,34.99002],[139.96595,34.99043],[139.96661,34.99227],[139.96667,34.99244],[139.96669,34.99253],[139.96677,34.99274],[139.96691,34.99312],[139.96698,34.99333],[139.96707,34.99358],[139.96737,34.99442],[139.9677,34.99535],[139.96776,34.99553],[139.96786,34.9958],[139.96811,34.99649],[139.9682,34.99674],[139.96845,34.99746],[139.96849,34.99757],[139.96891,34.99874],[139.96903,34.99909],[139.96923,34.99962],[139.9696,35.00066],[139.96981,35.00126],[139.96985,35.00134],[139.96993,35.00157],[139.97029,35.0026],[139.97037,35.0028],[139.97052,35.00323],[139.97057,35.00333],[139.97076,35.00385],[139.97104,35.00477],[139.97115,35.00528],[139.97116,35.00532],[139.97118,35.00539],[139.9712,35.0055],[139.97126,35.00602],[139.97126,35.00604],[139.97127,35.00607],[139.97129,35.00663],[139.97129,35.00716],[139.97128,35.00762],[139.97124,35.00825],[139.97118,35.00881],[139.97111,35.00936],[139.97109,35.00956],[139.97102,35.00994],[139.97097,35.01027],[139.97092,35.01056],[139.97088,35.01097],[139.97089,35.01126],[139.97098,35.01157],[139.97106,35.01191],[139.97109,35.01202],[139.9712,35.01243],[139.97131,35.01262],[139.9714,35.01282],[139.97155,35.01322],[139.97193,35.01396],[139.97198,35.01407],[139.97222,35.01462],[139.97249,35.01517],[139.97314,35.01643],[139.97318,35.01651],[139.9732,35.01655],[139.97326,35.01669],[139.97345,35.01709],[139.97359,35.0174],[139.97379,35.01778],[139.97394,35.01806],[139.97397,35.0181],[139.97404,35.0182],[139.97412,35.01831],[139.97429,35.0185],[139.97446,35.01868],[139.97476,35.01896],[139.97515,35.01926],[139.97555,35.01953],[139.9758,35.01969],[139.97626,35.01994],[139.9765,35.02007],[139.97698,35.0203],[139.97781,35.02065],[139.97787,35.02068],[139.97809,35.02076],[139.97811,35.02077],[139.98003,35.02162],[139.98017,35.02168],[139.98073,35.02192],[139.98129,35.02216],[139.98136,35.02219],[139.9815,35.02225],[139.98179,35.02237],[139.98238,35.02264],[139.98331,35.02306],[139.98344,35.02312],[139.98353,35.02315],[139.98362,35.0232],[139.98405,35.02339],[139.98415,35.02343],[139.9846,35.02364],[139.9856,35.02405],[139.98672,35.02446],[139.98689,35.02451],[139.98769,35.0248],[139.98834,35.02503],[139.98977,35.02557],[139.9902,35.02575],[139.99084,35.02606],[139.99126,35.02629],[139.99184,35.02665],[139.99197,35.02673],[139.99236,35.027],[139.99248,35.02707],[139.99268,35.02721],[139.99285,35.02733],[139.99296,35.0274],[139.99359,35.02781],[139.99427,35.02822],[139.99494,35.02861],[139.99542,35.02889],[139.99564,35.02903],[139.99608,35.02928],[139.99651,35.0295],[139.99676,35.02962],[139.99716,35.02986],[139.99748,35.03007],[139.99794,35.03028],[139.9981,35.03034],[139.99934,35.03074],[140.00254,35.03177],[140.00326,35.03208],[140.00491,35.03299],[140.00605,35.03376],[140.0069,35.0343],[140.00729,35.03461],[140.00744,35.03474],[140.00765,35.03494],[140.00801,35.0355],[140.00836,35.03621],[140.00844,35.03634],[140.00853,35.03648],[140.00873,35.03677],[140.00914,35.03711],[140.00965,35.03743],[140.01006,35.03766],[140.01051,35.03779],[140.01112,35.03786],[140.0118,35.03783],[140.0131,35.03769],[140.01389,35.0376],[140.015,35.0375],[140.01559,35.03751],[140.016,35.03754],[140.01636,35.03764],[140.01665,35.03777],[140.01683,35.0379],[140.0171,35.03812],[140.01751,35.03849],[140.01787,35.03899],[140.01828,35.03966],[140.0185,35.04002],[140.019,35.04076],[140.01936,35.04131],[140.01986,35.04211],[140.02053,35.0431],[140.02151,35.04459],[140.02247,35.0461],[140.02272,35.0465],[140.02337,35.04754],[140.02416,35.0486],[140.02432,35.04879],[140.02487,35.04947],[140.0253,35.04991],[140.02571,35.05023],[140.02648,35.05063],[140.02678,35.05074],[140.02764,35.05108],[140.0284,35.05145],[140.02911,35.05184],[140.02959,35.05208],[140.03041,35.05238],[140.03174,35.05272],[140.03481,35.05361],[140.03571,35.05387],[140.03644,35.05409],[140.03699,35.0543],[140.03711,35.05435],[140.03763,35.05461],[140.03847,35.05512],[140.03904,35.05551],[140.0398,35.05598],[140.04022,35.05622],[140.04072,35.0565],[140.04201,35.05702],[140.04526,35.05816],[140.04788,35.05907],[140.04918,35.05954],[140.05092,35.06015],[140.05299,35.06087],[140.05374,35.06113],[140.05419,35.06128],[140.05468,35.06146],[140.05531,35.06165],[140.05566,35.06176],[140.05636,35.06194],[140.05753,35.06214],[140.05845,35.06223],[140.06007,35.0624],[140.06221,35.0626],[140.06328,35.06269],[140.06405,35.06273],[140.06438,35.06273],[140.0647,35.06272],[140.06516,35.06268],[140.06588,35.06255],[140.06658,35.06239],[140.06719,35.06219],[140.06805,35.06181],[140.06849,35.06165],[140.06898,35.06156],[140.06954,35.06153],[140.07059,35.06162],[140.07099,35.06168],[140.07135,35.06181],[140.07161,35.06196],[140.0722,35.06249],[140.07308,35.06335],[140.07335,35.06361],[140.07374,35.06386],[140.07423,35.0641],[140.07478,35.06428],[140.07548,35.06447],[140.07606,35.06473],[140.07663,35.06512],[140.07704,35.06554],[140.07722,35.0658],[140.07738,35.06614],[140.07763,35.06678],[140.07778,35.06712],[140.07781,35.06718],[140.07807,35.06767],[140.07828,35.06795],[140.07866,35.06832],[140.07909,35.06859],[140.07929,35.06873],[140.0801,35.0691],[140.08051,35.06929],[140.08148,35.06987],[140.08198,35.07024],[140.08225,35.07053],[140.08241,35.0708],[140.08257,35.0712],[140.0828,35.07242],[140.08294,35.07292],[140.08311,35.07323],[140.08348,35.07369],[140.08387,35.07403],[140.08438,35.07433],[140.08499,35.07457],[140.08548,35.07476],[140.08584,35.07485],[140.08688,35.07498],[140.08721,35.07501],[140.08928,35.07523],[140.09044,35.07534],[140.09115,35.0754],[140.09169,35.07549],[140.09217,35.07562],[140.09237,35.07571],[140.09333,35.07622],[140.09435,35.0767],[140.09521,35.07714],[140.09571,35.07744],[140.09607,35.07774],[140.09631,35.07799],[140.0965,35.07829],[140.0966,35.07855],[140.09668,35.07885],[140.0967,35.07931],[140.0967,35.07944],[140.09658,35.08016],[140.09646,35.08064],[140.096,35.08233],[140.0957,35.08345],[140.09555,35.08408],[140.09541,35.08462],[140.0953,35.0849],[140.09514,35.08514],[140.09499,35.08535],[140.09456,35.08575],[140.09387,35.0863],[140.09339,35.08666],[140.0922,35.08759],[140.09169,35.08802],[140.09151,35.08825],[140.09131,35.08857],[140.09112,35.08888],[140.09104,35.08911],[140.091,35.08959],[140.09108,35.08985],[140.09373,35.0954],[140.09421,35.09645],[140.09505,35.09821],[140.09507,35.09823],[140.09557,35.09932],[140.09571,35.09962],[140.09581,35.09982],[140.09612,35.10049],[140.09627,35.10081],[140.09634,35.10097],[140.09645,35.10118],[140.09648,35.10124],[140.09668,35.10161],[140.09686,35.10187],[140.09706,35.10215],[140.09741,35.1025],[140.0977,35.10275],[140.0982,35.10307],[140.0987,35.10333],[140.09934,35.10367],[140.0996,35.10381],[140.09992,35.10399],[140.1001,35.10409],[140.1006,35.10448],[140.10134,35.10523],[140.10237,35.10627],[140.10264,35.10653],[140.10311,35.10702]]}},{"type":"Feature","properties":{"line_name":"成田線"},"geometry":{"type":"LineString","coordinates":[[140.22555,35.70959],[140.2258,35.70962],[140.22765,35.70985],[140.22802,35.7099],[140.22839,35.70996],[140.22893,35.71003],[140.22988,35.71016],[140.23023,35.71021],[140.23064,35.71026],[140.23097,35.7103],[140.23238,35.71048],[140.2345,35.71076],[140.23499,35.7108],[140.23537,35.71084],[140.23597,35.71085],[140.23651,35.71082],[140.23678,35.7108],[140.23684,35.71079],[140.23733,35.71071],[140.23766,35.71062],[140.23798,35.71052],[140.23919,35.71004],[140.24027,35.70957],[140.24151,35.70906],[140.24327,35.7083],[140.24404,35.70799],[140.24502,35.70756],[140.24559,35.70732],[140.24644,35.70695],[140.24657,35.7069],[140.24672,35.70687],[140.24733,35.70671],[140.2479,35.70659],[140.24848,35.70648],[140.24904,35.70642],[140.24952,35.70639],[140.25032,35.70642],[140.25105,35.7065],[140.25547,35.7073],[140.25634,35.70771],[140.25674,35.70792],[140.25702,35.70815],[140.25729,35.70841],[140.25767,35.7088],[140.25791,35.70927],[140.25821,35.70993],[140.25844,35.71047],[140.25871,35.71097],[140.25899,35.71134],[140.25932,35.71163],[140.25982,35.71196],[140.26039,35.71231],[140.2609,35.71257],[140.26156,35.71288],[140.26159,35.71289],[140.26346,35.71376],[140.26581,35.71489],[140.26708,35.7155],[140.26889,35.71636],[140.27001,35.71688],[140.27114,35.71746],[140.27147,35.71778],[140.27187,35.71822],[140.2721,35.71857],[140.27229,35.71891],[140.27249,35.71936],[140.27258,35.71965],[140.2726,35.71991],[140.27255,35.72061],[140.27211,35.7222],[140.27184,35.72302],[140.27168,35.72357],[140.27166,35.72421],[140.27172,35.72451],[140.27192,35.72565],[140.27216,35.72672],[140.27236,35.72732],[140.27254,35.72769],[140.27268,35.72792],[140.27323,35.7287],[140.27396,35.72977],[140.27495,35.73119],[140.27586,35.73251],[140.27626,35.73309],[140.2769,35.73399],[140.27716,35.73432],[140.27751,35.73466],[140.27787,35.73497],[140.27812,35.73513],[140.27841,35.73529],[140.27866,35.73541],[140.27934,35.73565],[140.28008,35.73586],[140.28108,35.73607],[140.28141,35.73619],[140.2824,35.73665],[140.28341,35.73711],[140.2843,35.73752],[140.28502,35.73787],[140.28519,35.73797],[140.28543,35.73811],[140.28573,35.73831],[140.28613,35.73863],[140.2864,35.7389],[140.28674,35.73926],[140.28697,35.73957],[140.28724,35.74001],[140.28758,35.74065],[140.28791,35.74127],[140.28816,35.74171],[140.28856,35.7423],[140.28888,35.74269],[140.28947,35.74333],[140.28988,35.74378],[140.29018,35.7442],[140.29038,35.74453],[140.29061,35.74511],[140.29079,35.74562],[140.29093,35.746],[140.29119,35.74658],[140.2915,35.74708],[140.29173,35.74736],[140.29211,35.74771],[140.29262,35.74811],[140.29368,35.74868],[140.29474,35.74923],[140.29701,35.75048],[140.29884,35.75144],[140.2989,35.75147],[140.30115,35.75262],[140.30238,35.75324],[140.30249,35.7533],[140.30265,35.75339],[140.30284,35.75347],[140.30304,35.75357],[140.30328,35.75367],[140.30333,35.75371],[140.30335,35.75371],[140.30422,35.75411],[140.30434,35.75417],[140.30436,35.75418],[140.30481,35.75437],[140.30486,35.7544],[140.30499,35.75445],[140.30508,35.7545],[140.30521,35.75456],[140.30544,35.75467],[140.30554,35.75471],[140.3058,35.75485],[140.30626,35.75511],[140.30651,35.75527],[140.30671,35.75544],[140.30701,35.75571],[140.30726,35.75598],[140.30735,35.75611],[140.30741,35.75618],[140.30746,35.75627],[140.30751,35.75637],[140.30756,35.75645],[140.30757,35.75649],[140.3076,35.75657],[140.30773,35.75695],[140.30779,35.7572],[140.30783,35.75736],[140.30785,35.75753],[140.30785,35.75789],[140.30783,35.75835],[140.30777,35.75876],[140.30768,35.75915],[140.30741,35.76017],[140.3074,35.76019],[140.30707,35.76143],[140.30697,35.76181],[140.30689,35.76206],[140.30671,35.76265],[140.30667,35.76289],[140.30666,35.76294],[140.30665,35.76297],[140.30662,35.76332],[140.30662,35.76373],[140.30667,35.76403],[140.30679,35.76443],[140.30691,35.76472],[140.30738,35.76573],[140.30755,35.7661],[140.30759,35.76623],[140.30766,35.76645],[140.30772,35.7667],[140.30774,35.76684],[140.30772,35.76706],[140.30769,35.76726],[140.30768,35.76737],[140.30767,35.76746],[140.30759,35.76822],[140.30757,35.76865],[140.30758,35.76897],[140.3076,35.76911],[140.30766,35.76942],[140.30772,35.7696],[140.30793,35.77012],[140.30799,35.77022],[140.30817,35.77057],[140.30842,35.77098],[140.30852,35.77114],[140.30868,35.77137],[140.30888,35.77164],[140.30907,35.77184],[140.30949,35.77227],[140.31031,35.77309],[140.31034,35.77311],[140.31083,35.77362],[140.31126,35.77402],[140.31238,35.77514],[140.31242,35.77517],[140.31278,35.77553],[140.31305,35.77583],[140.31323,35.77608],[140.31338,35.77638],[140.31429,35.77898],[140.31442,35.77937],[140.31455,35.77978],[140.31458,35.77995],[140.31461,35.78023],[140.31462,35.78034],[140.3146,35.78062],[140.31458,35.78079],[140.31453,35.78095],[140.31448,35.78103],[140.31448,35.78106],[140.31443,35.78117],[140.31442,35.78118],[140.3143,35.78136],[140.31364,35.78204],[140.31329,35.78238],[140.31329,35.78239],[140.31281,35.78287],[140.31253,35.78314],[140.31242,35.78325],[140.31227,35.78341],[140.31213,35.78354],[140.31211,35.78358],[140.31201,35.78368],[140.31173,35.78404],[140.31161,35.78437],[140.31157,35.78477],[140.31159,35.78591],[140.31168,35.78699],[140.31174,35.78748],[140.31174,35.78749],[140.31181,35.78812],[140.31185,35.7886],[140.31184,35.78931],[140.31181,35.78952],[140.31177,35.7901],[140.31175,35.79053],[140.31177,35.79096],[140.31183,35.79156],[140.31184,35.79163],[140.31197,35.79231],[140.31209,35.79269],[140.31222,35.79301],[140.31243,35.79336],[140.31262,35.79365],[140.31277,35.79385],[140.31278,35.79385],[140.31294,35.79408],[140.31336,35.79463],[140.31355,35.79487],[140.31376,35.79514],[140.3138,35.7952],[140.31387,35.79527],[140.31414,35.79539],[140.31434,35.79553],[140.31443,35.79561],[140.31459,35.79579],[140.31475,35.79599],[140.31486,35.79612],[140.31499,35.7963],[140.3151,35.7964],[140.31516,35.79647],[140.31536,35.79663],[140.31575,35.79685],[140.31604,35.79702],[140.31632,35.79712],[140.31644,35.79716],[140.31668,35.79723],[140.31684,35.79727],[140.31705,35.79726],[140.3173,35.79725],[140.3201,35.79701],[140.32163,35.79687],[140.32411,35.79666],[140.32447,35.79663],[140.32466,35.79661],[140.32488,35.79653],[140.32509,35.79642],[140.32532,35.79633],[140.32547,35.79628],[140.32616,35.79622],[140.32828,35.79603],[140.32931,35.79593],[140.33212,35.79568],[140.33233,35.79566],[140.33337,35.79556],[140.33422,35.79548],[140.33496,35.79543],[140.3393,35.79502],[140.34071,35.79489],[140.34486,35.79451],[140.34491,35.7945],[140.34547,35.79446],[140.34655,35.79434],[140.34753,35.79426],[140.35134,35.79393],[140.35649,35.79346],[140.35707,35.79339],[140.35944,35.79316],[140.36212,35.79291],[140.36312,35.79282],[140.36438,35.79266],[140.365,35.79256],[140.36555,35.79243],[140.36605,35.79236],[140.36634,35.79227],[140.36655,35.79222],[140.36723,35.79203],[140.36789,35.79186],[140.36828,35.79172],[140.36905,35.79145],[140.37069,35.79081],[140.37171,35.7904],[140.37188,35.79032],[140.37233,35.79008],[140.37263,35.78995],[140.37274,35.78988],[140.37287,35.78981],[140.3737,35.78931],[140.37387,35.78921],[140.37408,35.78909],[140.37464,35.78872],[140.37545,35.78817],[140.37643,35.7874],[140.37691,35.78699],[140.3779,35.78607],[140.3781,35.78588],[140.37824,35.78573],[140.37848,35.78548],[140.37872,35.78519],[140.37893,35.78495],[140.37902,35.78484],[140.37927,35.78452],[140.37947,35.78426],[140.37975,35.78383],[140.38011,35.78334],[140.38038,35.78299],[140.38084,35.78238],[140.38211,35.78058],[140.38228,35.78036],[140.38273,35.77975],[140.38332,35.77893],[140.38389,35.77813],[140.38449,35.77733],[140.38496,35.77668],[140.38504,35.77657],[140.38531,35.77623],[140.38556,35.77584],[140.38585,35.77542],[140.3861,35.77504],[140.38618,35.77491],[140.3865,35.77451],[140.38676,35.77414],[140.38846,35.77178],[140.38866,35.77143],[140.38882,35.77116],[140.3889,35.77096],[140.38893,35.77063],[140.38896,35.77025],[140.38893,35.77001],[140.38883,35.76973],[140.388,35.76828],[140.3877,35.7678],[140.3871,35.76693],[140.38551,35.76452]]}},{"type":"Feature","properties":{"line_name":"小田急多摩線"},"geometry":{"type":"LineString","coordinates":[[139.41117,35.61581],[139.41218,35.61732],[139.41266,35.61803],[139.4133,35.6189],[139.41384,35.61959],[139.41411,35.61991],[139.41444,35.62023],[139.41483,35.62058],[139.41507,35.62077],[139.41529,35.62092],[139.41572,35.62121],[139.41611,35.62145],[139.41638,35.6216],[139.41718,35.62197],[139.4182,35.62242],[139.41831,35.62247],[139.41911,35.62283],[139.41993,35.62317],[139.42006,35.62322],[139.4209,35.62356],[139.42246,35.6242],[139.42334,35.62456],[139.42342,35.62459],[139.42533,35.62527],[139.42545,35.62532],[139.42653,35.62578],[139.42761,35.62623],[139.42875,35.62667],[139.43003,35.6271],[139.43135,35.62757],[139.43241,35.62789],[139.43331,35.62816],[139.43471,35.62857],[139.43611,35.62901],[139.43687,35.62923],[139.43799,35.62958],[139.43975,35.63012],[139.44032,35.63028],[139.44084,35.63042],[139.44137,35.63054],[139.44205,35.63065],[139.4426,35.63074],[139.44336,35.63078],[139.44383,35.63078],[139.44428,35.63075],[139.4447,35.63069],[139.44524,35.63063],[139.44564,35.63056],[139.44608,35.63046],[139.44658,35.63032],[139.44696,35.63024],[139.44775,35.63001],[139.44866,35.62975],[139.44916,35.62959],[139.44949,35.6295],[139.45094,35.629],[139.45228,35.62853],[139.45394,35.62795],[139.45458,35.62761],[139.4553,35.62716],[139.4562,35.62653],[139.45683,35.62603],[139.45746,35.62543],[139.45792,35.62497],[139.45872,35.62419],[139.45953,35.62342],[139.45989,35.62311],[139.46045,35.62261],[139.46081,35.62226],[139.46121,35.62187],[139.46137,35.62172],[139.4627,35.62051],[139.46367,35.61961],[139.46423,35.6191],[139.46463,35.61873],[139.46532,35.6181],[139.46574,35.61771],[139.46601,35.61748],[139.46717,35.61642],[139.46774,35.61588],[139.4688,35.61492],[139.46905,35.61469],[139.47027,35.61359],[139.47032,35.61354],[139.47064,35.61323],[139.47086,35.61303],[139.47118,35.61275],[139.47225,35.6118],[139.47345,35.61073],[139.47411,35.61018],[139.47489,35.60959],[139.47558,35.6091],[139.47629,35.60865],[139.47689,35.60826],[139.47771,35.60779],[139.47856,35.6073],[139.47887,35.60712],[139.48015,35.60638],[139.48074,35.60605],[139.48185,35.60545],[139.48354,35.60448],[139.48458,35.60391],[139.48601,35.60316],[139.48637,35.60297],[139.48716,35.60257],[139.48788,35.60222],[139.48859,35.60193],[139.48964,35.60154],[139.49248,35.60055],[139.4927,35.60046],[139.49407,35.6],[139.4968,35.59908],[139.49699,35.59901],[139.49719,35.59898],[139.49748,35.59894],[139.49763,35.59891],[139.49786,35.59889],[139.49828,35.59887],[139.49904,35.59886],[139.49952,35.59887],[139.49959,35.59888],[139.49984,35.59891],[139.50008,35.59895],[139.50042,35.59902],[139.50103,35.5992],[139.50166,35.59944],[139.50238,35.59979],[139.50288,35.60006],[139.50298,35.60012],[139.50319,35.6003],[139.50335,35.60041],[139.50429,35.60118],[139.50546,35.6021],[139.50572,35.60231],[139.50667,35.60306],[139.50828,35.60435]]}},{"type":"Feature","properties":{"line_name":"京王相模原線"},"geometry":{"type":"LineString","coordinates":[[139.54591,35.65143],[139.54356,35.65211],[139.54289,35.65231],[139.54253,35.6523],[139.54206,35.65229],[139.5419,35.65227],[139.54163,35.65222],[139.54146,35.65215],[139.54123,35.65204],[139.54098,35.65186],[139.54085,35.65175],[139.54067,35.65156],[139.54048,35.65125],[139.54029,35.65092],[139.53997,35.65028],[139.53982,35.64998],[139.5397,35.64974],[139.53956,35.64946],[139.53878,35.64791],[139.53826,35.64688],[139.53769,35.64573],[139.53759,35.64555],[139.53747,35.64538],[139.53732,35.64519],[139.53705,35.64488],[139.53697,35.64481],[139.53635,35.64418],[139.53616,35.64397],[139.53596,35.64375],[139.53582,35.64355],[139.53572,35.64339],[139.53556,35.64306],[139.53543,35.64272],[139.53532,35.64233],[139.53521,35.64191],[139.5351,35.64125],[139.53501,35.64067],[139.53492,35.64005],[139.53489,35.63982],[139.53481,35.63917],[139.53476,35.6387],[139.5347,35.63819],[139.53456,35.63742],[139.53448,35.63709],[139.53442,35.63685],[139.53426,35.63641],[139.53413,35.63613],[139.53394,35.6358],[139.53366,35.63539],[139.53334,35.63506],[139.53297,35.63473],[139.53289,35.63467],[139.53258,35.63444],[139.53237,35.63431],[139.53206,35.63416],[139.53187,35.63408],[139.53173,35.63402],[139.53157,35.63397],[139.53139,35.6339],[139.53106,35.63381],[139.53088,35.63376],[139.5306,35.63369],[139.53032,35.63363],[139.52992,35.63359],[139.52953,35.63355],[139.52904,35.63354],[139.52817,35.63352],[139.52758,35.6335],[139.5264,35.63347],[139.52457,35.63341],[139.52361,35.63338],[139.52346,35.63338],[139.52284,35.63335],[139.52217,35.63329],[139.52167,35.63326],[139.52073,35.63318],[139.51986,35.63312],[139.51972,35.63311],[139.51929,35.63308],[139.51883,35.63304],[139.51865,35.63303],[139.51749,35.63297],[139.51674,35.63294],[139.51593,35.63292],[139.51581,35.63292],[139.51448,35.63292],[139.51349,35.63294],[139.51243,35.63296],[139.51188,35.63301],[139.51099,35.63312],[139.5105,35.6332],[139.50998,35.63332],[139.5094,35.63348],[139.50888,35.63364],[139.50791,35.63404],[139.50731,35.63433],[139.50599,35.63498],[139.50564,35.63516],[139.50545,35.63524],[139.50485,35.63553],[139.50433,35.63575],[139.50394,35.63588],[139.5036,35.636],[139.50272,35.6362],[139.50228,35.63626],[139.50191,35.63628],[139.50127,35.63627],[139.50091,35.63627],[139.50066,35.63623],[139.5005,35.63622],[139.49985,35.6361],[139.4994,35.636],[139.49905,35.63592],[139.49893,35.63589],[139.49865,35.63579],[139.49847,35.63572],[139.49797,35.63548],[139.49767,35.63531],[139.49745,35.63519],[139.49715,35.63499],[139.49693,35.63485],[139.49679,35.63476],[139.49621,35.63439],[139.49571,35.63408],[139.49525,35.63376],[139.49495,35.6335],[139.49468,35.63325],[139.4946,35.63317],[139.49342,35.63196],[139.49239,35.63085],[139.49212,35.63057],[139.49167,35.63009],[139.49133,35.62973],[139.49118,35.62955],[139.49039,35.62875],[139.48874,35.62702],[139.4886,35.62688],[139.48724,35.62544],[139.48708,35.62526],[139.48676,35.62492],[139.48641,35.62456],[139.48483,35.62282],[139.48464,35.62261],[139.48437,35.62237],[139.48379,35.6218],[139.48326,35.62135],[139.48259,35.62086],[139.48214,35.62055],[139.48192,35.62042],[139.4816,35.62026],[139.48116,35.62007],[139.48101,35.62],[139.48058,35.61983],[139.48027,35.61972],[139.47949,35.61949],[139.47899,35.61937],[139.47862,35.61929],[139.47831,35.61923],[139.47799,35.61918],[139.47781,35.61916],[139.47733,35.61911],[139.47714,35.61911],[139.47661,35.61909],[139.47604,35.61912],[139.47523,35.61916],[139.47342,35.61928],[139.47126,35.61945],[139.47109,35.61946],[139.47088,35.61948],[139.47061,35.6195],[139.47006,35.61954],[139.46903,35.61962],[139.46827,35.61968],[139.46769,35.61972],[139.467,35.61984],[139.46598,35.62007],[139.46528,35.62029],[139.46482,35.62044],[139.46446,35.62059],[139.46395,35.6208],[139.46336,35.62113],[139.46279,35.62146],[139.46232,35.62177],[139.46182,35.62214],[139.46113,35.62274],[139.46109,35.62278],[139.46015,35.62349],[139.45919,35.62426],[139.45861,35.62474],[139.45814,35.62512],[139.45774,35.62548],[139.45738,35.62577],[139.45677,35.6263],[139.45628,35.62666],[139.45525,35.62746],[139.45485,35.62774],[139.4547,35.62784],[139.45376,35.62838],[139.45246,35.62884],[139.45146,35.62919],[139.45025,35.62961],[139.44966,35.62985],[139.44935,35.62993],[139.44893,35.63005],[139.44731,35.63048],[139.44707,35.63055],[139.44598,35.63078],[139.44518,35.63091],[139.44464,35.63097],[139.44403,35.63098],[139.44287,35.6309],[139.44192,35.63078],[139.44097,35.63061],[139.44025,35.63045],[139.43994,35.63036],[139.43906,35.63009],[139.43797,35.62972],[139.43731,35.62953],[139.43604,35.62915],[139.43404,35.62853],[139.4327,35.62811],[139.43167,35.62783],[139.43098,35.62761],[139.42969,35.62722],[139.42913,35.62703],[139.42863,35.62685],[139.42783,35.62657],[139.4269,35.6262],[139.42652,35.62607],[139.42529,35.62562],[139.42516,35.62558],[139.42317,35.62487],[139.42291,35.62477],[139.42137,35.62421],[139.42082,35.62401],[139.42057,35.62392],[139.42013,35.62379],[139.4196,35.62364],[139.41921,35.62355],[139.41842,35.62342],[139.41826,35.62339],[139.41785,35.62333],[139.41743,35.62331],[139.41717,35.62331],[139.41663,35.62334],[139.41651,35.62335],[139.41603,35.62338],[139.41563,35.62342],[139.41528,35.62347],[139.41513,35.62351],[139.41478,35.62357],[139.41435,35.62369],[139.41361,35.62393],[139.41306,35.62413],[139.41268,35.62427],[139.41201,35.62455],[139.4118,35.62464],[139.41103,35.62501],[139.4102,35.62543],[139.40949,35.62572],[139.40884,35.62594],[139.40838,35.62605],[139.40794,35.62613],[139.40786,35.62615],[139.40747,35.6262],[139.40743,35.62621],[139.4071,35.62626],[139.40645,35.62628],[139.40587,35.62629],[139.40542,35.62628],[139.405,35.62625],[139.40496,35.62625],[139.40478,35.62623],[139.40439,35.62618],[139.40387,35.62605],[139.40339,35.62591],[139.40298,35.62575],[139.40258,35.62559],[139.40245,35.62553],[139.40217,35.6254],[139.40143,35.62503],[139.40131,35.62497],[139.39934,35.62398],[139.39925,35.62393],[139.39739,35.62298],[139.39725,35.62291],[139.39652,35.62253],[139.39548,35.62201],[139.39515,35.62183],[139.3936,35.62103],[139.39321,35.62085],[139.39279,35.62063],[139.39243,35.62044],[139.39162,35.62002],[139.39098,35.61969],[139.38962,35.619],[139.38952,35.61894],[139.38825,35.61828],[139.38814,35.61823],[139.38722,35.61777],[139.38631,35.6173],[139.38576,35.61703],[139.38477,35.61653],[139.38336,35.6158],[139.38134,35.6148],[139.38091,35.61458],[139.37996,35.61414],[139.37959,35.61396],[139.37874,35.61361],[139.37691,35.61277],[139.3763,35.61248],[139.37601,35.61231],[139.3757,35.61213],[139.3752,35.6118],[139.37467,35.61141],[139.37432,35.61113],[139.374,35.61084],[139.3734,35.61024],[139.37323,35.61005],[139.37234,35.60905],[139.3718,35.60828],[139.37144,35.60779],[139.3703,35.60625],[139.36927,35.60486],[139.36812,35.60332],[139.3676,35.60266],[139.36735,35.60234],[139.36709,35.60196],[139.36694,35.60175],[139.3665,35.60114],[139.36645,35.60107],[139.36601,35.60048],[139.36548,35.59978],[139.36529,35.59957],[139.36491,35.59918],[139.36439,35.59869],[139.36398,35.59836],[139.36367,35.59812],[139.36304,35.5977],[139.36241,35.59737],[139.36178,35.59709],[139.36074,35.59668],[139.3601,35.59644],[139.3588,35.59605],[139.35608,35.59529],[139.35469,35.59491],[139.35339,35.59454],[139.352,35.59416],[139.34985,35.59358],[139.3494,35.59345],[139.34901,35.59338],[139.34851,35.59332],[139.34826,35.59331],[139.34786,35.59331],[139.34754,35.59334],[139.34721,35.5934],[139.34685,35.59347],[139.34653,35.59357],[139.34623,35.59369],[139.34567,35.59396],[139.34544,35.59409],[139.34485,35.59442],[139.34438,35.5947],[139.3427,35.59572]]}},{"type":"Feature","properties":{"line_name":"相鉄いずみ野線"},"geometry":{"type":"LineString","coordinates":[[139.53318,35.464],[139.53156,35.46278],[139.53052,35.46194],[139.52993,35.46152],[139.52957,35.46136],[139.52898,35.46116],[139.52836,35.46102],[139.52793,35.46078],[139.52706,35.46035],[139.52632,35.45987],[139.52591,35.45948],[139.52551,35.45908],[139.525,35.45843],[139.52491,35.45828],[139.52476,35.45786],[139.52469,35.45738],[139.52472,35.45666],[139.5255,35.45502],[139.52576,35.45451],[139.52614,35.45355],[139.52628,35.45297],[139.52633,35.45266],[139.52638,35.45235],[139.5264,35.4522],[139.52645,35.45152],[139.52643,35.45128],[139.52583,35.44943],[139.5254,35.4481],[139.52274,35.44159],[139.52233,35.44053],[139.52215,35.44005],[139.5221,35.43993],[139.52183,35.43941],[139.52165,35.43907],[139.52153,35.43881],[139.5202,35.43667],[139.5186,35.43477],[139.51756,35.43395],[139.51614,35.43299],[139.51548,35.43258],[139.51452,35.43207],[139.51395,35.43181],[139.51324,35.43158],[139.51314,35.43154],[139.51141,35.43107],[139.50975,35.43068],[139.50811,35.43028],[139.50741,35.43011],[139.50586,35.42975],[139.50453,35.42945],[139.50239,35.42894],[139.50171,35.42878],[139.50096,35.42869],[139.50004,35.42868],[139.49897,35.42881],[139.49812,35.42892],[139.4968,35.42916],[139.49619,35.42928],[139.49405,35.42971],[139.49326,35.42983],[139.49244,35.42987],[139.49217,35.42989],[139.492,35.42989],[139.49145,35.4299],[139.4909,35.42984],[139.49077,35.42982],[139.49037,35.42971],[139.48964,35.42945],[139.48908,35.42915],[139.48865,35.42883],[139.48845,35.42863],[139.48827,35.42846],[139.48781,35.42789],[139.4876,35.42753],[139.48751,35.42734],[139.48731,35.42679],[139.48717,35.42628],[139.48711,35.42591],[139.48708,35.42545],[139.48702,35.42487],[139.48699,35.42439],[139.48696,35.42383],[139.48694,35.4235],[139.4869,35.42321],[139.4869,35.42278],[139.48692,35.42234],[139.48696,35.42197],[139.48704,35.42158],[139.48714,35.42118],[139.48729,35.42063],[139.48752,35.41993],[139.48759,35.4197],[139.48764,35.41954],[139.48769,35.41918],[139.48771,35.4189],[139.4877,35.41865],[139.48762,35.41806],[139.48753,35.41749],[139.48731,35.41588],[139.4873,35.41582],[139.48707,35.41438],[139.48706,35.41432],[139.48698,35.41304],[139.48693,35.41236],[139.48689,35.41188],[139.48684,35.41165],[139.48677,35.41139],[139.48661,35.41094],[139.48639,35.4104],[139.48631,35.41025],[139.48617,35.41003],[139.48588,35.40967],[139.48539,35.40907],[139.48484,35.40845],[139.48291,35.40624],[139.48285,35.40618],[139.4828,35.40613],[139.48192,35.40516],[139.48187,35.40511],[139.48107,35.40418],[139.48037,35.40335],[139.48015,35.40308],[139.47997,35.40283],[139.47979,35.40257],[139.4796,35.40219],[139.47894,35.40093],[139.47872,35.40051],[139.47859,35.40029],[139.47844,35.40008],[139.47816,35.39974],[139.47784,35.39942],[139.47764,35.39925],[139.47754,35.39916],[139.47733,35.39899],[139.47692,35.39872],[139.4764,35.39844],[139.4762,35.39836],[139.474,35.39777],[139.47049,35.3972],[139.4699,35.39708],[139.46778,35.39661],[139.46704,35.39646],[139.4652,35.39602]]}},{"type":"Feature","properties":{"line_name":"銀座線"},"geometry":{"type":"LineString","coordinates":[[139.79803,35.71107],[139.79775,35.71072],[139.79752,35.71042],[139.79697,35.70976],[139.79673,35.70949],[139.79646,35.70928],[139.79593,35.70909],[139.79518,35.70898],[139.79428,35.70915],[139.79347,35.7093],[139.79307,35.70937],[139.79279,35.70942],[139.7922,35.70953],[139.79139,35.70968],[139.79081,35.70981],[139.79043,35.7099],[139.7898,35.71001],[139.78967,35.71003],[139.789,35.71016],[139.78823,35.71031],[139.78776,35.71039],[139.7875,35.71045],[139.78678,35.71058],[139.78631,35.71066],[139.78579,35.71076],[139.78505,35.71088],[139.7839,35.71109],[139.78303,35.71124],[139.78291,35.71126],[139.78194,35.71144],[139.78151,35.71151],[139.78143,35.71153],[139.78056,35.71168],[139.78051,35.71169],[139.78011,35.71176],[139.77907,35.71195],[139.77896,35.71197],[139.77839,35.71207],[139.77817,35.7121],[139.7779,35.71215],[139.77743,35.71225],[139.77709,35.71223],[139.7767,35.71213],[139.77531,35.71175],[139.77487,35.71163],[139.77455,35.71154],[139.7743,35.71145],[139.77414,35.71122],[139.77383,35.71054],[139.77376,35.71038],[139.77354,35.70977],[139.77347,35.70961],[139.77339,35.70937],[139.77333,35.70916],[139.77324,35.70882],[139.77315,35.70838],[139.7729,35.70726],[139.77285,35.70716],[139.77281,35.70708],[139.77254,35.70658],[139.77241,35.70635],[139.77215,35.70587],[139.77209,35.70571],[139.77202,35.70519],[139.772,35.70509],[139.77195,35.70448],[139.77188,35.70381],[139.77186,35.70363],[139.77181,35.70319],[139.77178,35.70296],[139.77172,35.70237],[139.77166,35.70186],[139.7716,35.70138],[139.77156,35.70095],[139.77154,35.70082],[139.77146,35.7002],[139.7714,35.69967],[139.7712,35.69768],[139.77114,35.69744],[139.77095,35.69692],[139.77047,35.69581],[139.77032,35.69534],[139.77032,35.69515],[139.77043,35.69485],[139.77066,35.69427],[139.77071,35.69414],[139.77107,35.69329],[139.77113,35.69315],[139.77155,35.69203],[139.77176,35.69158],[139.77205,35.69094],[139.77234,35.6902],[139.77246,35.68993],[139.77254,35.68974],[139.77269,35.68938],[139.77282,35.68904],[139.77299,35.68864],[139.7733,35.68785],[139.77339,35.68764],[139.77346,35.68747],[139.77374,35.68679],[139.77378,35.68671],[139.77396,35.68628],[139.77429,35.68546],[139.77455,35.68485],[139.77461,35.68464],[139.77456,35.68433],[139.7744,35.68378],[139.77433,35.68356],[139.7743,35.68347],[139.77373,35.68252],[139.77354,35.6822],[139.77338,35.68195],[139.77313,35.68156],[139.77302,35.68138],[139.77265,35.6808],[139.77238,35.68038],[139.77216,35.68003],[139.77194,35.67968],[139.7717,35.6793],[139.77138,35.67878],[139.77098,35.67812],[139.77076,35.67776],[139.77043,35.67721],[139.77035,35.67709],[139.7701,35.6767],[139.7698,35.67619],[139.7695,35.67574],[139.76929,35.67539],[139.76918,35.67526],[139.76876,35.67475],[139.76779,35.67384],[139.76687,35.67294],[139.7659,35.67201],[139.76583,35.67195],[139.7651,35.67124],[139.7649,35.67105],[139.7641,35.6703],[139.7637,35.66991],[139.76315,35.66942],[139.76221,35.66854],[139.76121,35.66763],[139.76092,35.66739],[139.76055,35.66716],[139.75989,35.66702],[139.75939,35.66707],[139.75935,35.66709],[139.75864,35.66734],[139.75788,35.6676],[139.75786,35.6676],[139.75775,35.66764],[139.75767,35.66766],[139.75756,35.6677],[139.75645,35.66804],[139.75641,35.66806],[139.75573,35.66829],[139.75501,35.66852],[139.75408,35.66882],[139.75344,35.66903],[139.75258,35.66931],[139.75155,35.66965],[139.75082,35.66991],[139.75056,35.67],[139.74968,35.67032],[139.74936,35.67043],[139.74906,35.67052],[139.74886,35.6705],[139.74809,35.67041],[139.7475,35.67031],[139.74697,35.67027],[139.74677,35.67025],[139.74544,35.67043],[139.74376,35.67071],[139.74303,35.67091],[139.7425,35.67116],[139.74178,35.67161],[139.74139,35.67187],[139.74115,35.67202],[139.74075,35.67228],[139.73985,35.67288],[139.73917,35.67337],[139.73914,35.67339],[139.7389,35.67372],[139.73849,35.67467],[139.73814,35.67552],[139.73773,35.67621],[139.73745,35.67661],[139.73724,35.67699],[139.73704,35.67752],[139.73678,35.67779],[139.7365,35.67785],[139.73608,35.67785],[139.73573,35.6776],[139.73319,35.6761],[139.73216,35.6755],[139.73133,35.67506],[139.73081,35.67487],[139.73032,35.67474],[139.72924,35.67445],[139.72796,35.67405],[139.72666,35.67365],[139.72644,35.67357],[139.72511,35.67311],[139.72406,35.67276],[139.72318,35.67247],[139.7224,35.67224],[139.72114,35.67174],[139.71883,35.67077],[139.7184,35.67059],[139.71725,35.67016],[139.71698,35.6701],[139.71679,35.66998],[139.71666,35.6699],[139.71591,35.66903],[139.71314,35.66578],[139.71253,35.6651],[139.7118,35.66431],[139.71143,35.66388],[139.71078,35.66324],[139.71031,35.66288],[139.71027,35.66285],[139.70902,35.66201],[139.70826,35.66154],[139.70681,35.66064],[139.70613652,35.66022509],[139.70506576,35.6597718],[139.70338,35.659321],[139.702767,35.659131],[139.701968,35.658869]]}},{"type":"Feature","properties":{"line_name":"丸ノ内線"},"geometry":{"type":"LineString","coordinates":[[139.61875,35.70416],[139.62077,35.70419],[139.62178,35.70433],[139.62221,35.70437],[139.62283,35.70436],[139.62331,35.70436],[139.62377,35.7043],[139.62463,35.70407],[139.62502,35.70396],[139.62546,35.70383],[139.62599,35.70372],[139.62649,35.70367],[139.627,35.70358],[139.62763,35.70326],[139.62868,35.70264],[139.62975,35.70198],[139.63105,35.70134],[139.63178,35.70104],[139.63491,35.69973],[139.63624,35.69918],[139.63841,35.69844],[139.64024,35.69794],[139.64114,35.69783],[139.64275,35.69775],[139.64414,35.69777],[139.64702,35.6978],[139.6472,35.6978],[139.64776,35.69784],[139.64926,35.69788],[139.65226,35.69799],[139.6552,35.69806],[139.65706,35.69807],[139.65759,35.69806],[139.659,35.69787],[139.66031,35.69769],[139.66175,35.69753],[139.66179,35.69752],[139.66288,35.69749],[139.6682,35.69746],[139.66873,35.69745],[139.67029,35.6975],[139.67293,35.6976],[139.67467,35.69764],[139.67573,35.69766],[139.67591,35.69767],[139.67706,35.69766],[139.67806,35.69758],[139.67994,35.69736],[139.68157,35.69716],[139.68284,35.69701],[139.68291,35.69699],[139.68361,35.69686],[139.68508,35.6966],[139.68617,35.69647],[139.68661,35.69639],[139.68666,35.69637],[139.68782,35.69598],[139.68905,35.6956],[139.69161,35.69485],[139.69192,35.69475],[139.6932,35.69428],[139.69396,35.69404],[139.69432,35.69394],[139.69519,35.69368],[139.69638,35.69335],[139.69691,35.69319],[139.6974,35.69296],[139.69796,35.69264],[139.69821,35.6924],[139.69874,35.69227],[139.69922,35.6923],[139.69932,35.69234],[139.69979,35.69251],[139.70068,35.69246],[139.7013,35.69235],[139.70213,35.69209],[139.70353,35.69149],[139.70489,35.69087],[139.70556,35.69053],[139.70626,35.69019],[139.70854,35.68916],[139.70946,35.68882],[139.70998,35.68871],[139.71185,35.68834],[139.71407,35.68786],[139.71524,35.68763],[139.71592,35.68757],[139.71665,35.68761],[139.71755,35.68768],[139.71828,35.68774],[139.72037,35.68793],[139.72189,35.68805],[139.72255,35.68803],[139.72343,35.68787],[139.72455,35.68749],[139.72584,35.68705],[139.7273,35.68648],[139.72821,35.68616],[139.72935,35.68585],[139.7295,35.6858],[139.72962,35.68572],[139.72973,35.68559],[139.7298,35.68542],[139.7299,35.68512],[139.72997,35.68488],[139.73004,35.6845],[139.73006,35.68441],[139.73008,35.68424],[139.73009,35.68399],[139.73009,35.68361],[139.73009,35.68326],[139.73014,35.68305],[139.73029,35.68234],[139.73033,35.68227],[139.73058,35.68179],[139.73074,35.68145],[139.73099,35.68119],[139.73103,35.68115],[139.73166,35.68062],[139.73216,35.68015],[139.73243,35.67981],[139.73262,35.67951],[139.73282,35.67909],[139.73307,35.67884],[139.73325,35.6787],[139.7337,35.6785],[139.73424,35.6784],[139.73532,35.67826],[139.73624,35.67813],[139.73657,35.67804],[139.73659,35.67803],[139.73679,35.67792],[139.73697,35.67768],[139.73704,35.67752],[139.73724,35.67699],[139.73745,35.67661],[139.73773,35.67621],[139.73814,35.67552],[139.73867,35.67494],[139.73906,35.67452],[139.73934,35.67428],[139.73989,35.67391],[139.74039,35.67367],[139.74103,35.67354],[139.74127,35.67354],[139.74134,35.67354],[139.74171,35.67355],[139.74208,35.67358],[139.74266,35.67368],[139.74342,35.67381],[139.74398,35.67403],[139.74455,35.67429],[139.74478,35.67438],[139.74511,35.67463],[139.74546,35.67482],[139.74588,35.67523],[139.74627,35.67572],[139.74677,35.67593],[139.747,35.676],[139.74734,35.67605],[139.74782,35.67607],[139.74836,35.676],[139.749,35.67578],[139.75155,35.67471],[139.7519,35.67456],[139.75346,35.67391],[139.75393,35.67373],[139.75585,35.67321],[139.75646,35.67316],[139.75718,35.67326],[139.75755,35.6731],[139.75777,35.67304],[139.75937,35.67249],[139.76002,35.67228],[139.7604,35.67224],[139.76075,35.67224],[139.76139,35.67248],[139.76239,35.67277],[139.76281,35.67278],[139.76323,35.67289],[139.76382,35.67306],[139.76413,35.67325],[139.76443,35.67358],[139.76496,35.67421],[139.76564,35.67523],[139.76571,35.67548],[139.76554,35.676],[139.76525,35.67692],[139.76515,35.67771],[139.76564,35.67933],[139.76568,35.67952],[139.76566,35.67968],[139.76467,35.68076],[139.7646,35.68098],[139.7646,35.68114],[139.765,35.68273],[139.76507,35.68295],[139.7651,35.68306],[139.76539,35.68394],[139.76566,35.68478],[139.76608,35.68639],[139.76612,35.68656],[139.76633,35.68736],[139.76645,35.68784],[139.76688,35.68959],[139.76699,35.69009],[139.76713,35.69068],[139.76729,35.69139],[139.76737,35.69177],[139.76745,35.69218],[139.76746,35.69279],[139.76747,35.69335],[139.76747,35.69386],[139.76745,35.69439],[139.76746,35.69535],[139.76746,35.69544],[139.76742,35.69583],[139.76741,35.69598],[139.76753,35.69645],[139.76747,35.697],[139.76721,35.69799],[139.76683,35.6989],[139.76671,35.69905],[139.7665,35.6994],[139.76624,35.6997],[139.76622,35.69973],[139.7662,35.69974],[139.76593,35.69995],[139.76554,35.70009],[139.76526,35.70017],[139.76355,35.70069],[139.76337,35.70078],[139.76317,35.70092],[139.76285,35.70121],[139.76244,35.70163],[139.76205,35.70181],[139.76194,35.70265],[139.76193,35.70281],[139.76185,35.70365],[139.76181,35.70421],[139.7618,35.7043],[139.76136,35.70469],[139.76118,35.70487],[139.76098,35.70536],[139.7609,35.70565],[139.76083,35.70607],[139.76077,35.70613],[139.76006,35.70685],[139.7595,35.70728],[139.75924,35.70737],[139.75831,35.70747],[139.75809,35.70747],[139.75702,35.70742],[139.75619,35.7074],[139.7561,35.70742],[139.75549,35.70738],[139.75498,35.70737],[139.75442,35.70737],[139.7517,35.70734],[139.75164,35.70734],[139.75156,35.70733],[139.75096,35.70731],[139.75008,35.70728],[139.7491,35.70725],[139.7488,35.70727],[139.74859,35.70728],[139.74831,35.70733],[139.7475,35.70752],[139.74677,35.70788],[139.74623,35.70825],[139.74535,35.70892],[139.74455,35.70954],[139.74333,35.71044],[139.74261,35.71102],[139.74181,35.71161],[139.74131,35.71198],[139.74045,35.71273],[139.73957,35.71361],[139.73909,35.71419],[139.73884,35.71456],[139.73863,35.7149],[139.73815,35.71578],[139.7378,35.71627],[139.73741,35.71671],[139.7373,35.71682],[139.73649,35.71758],[139.73561,35.7185],[139.73521,35.71888],[139.73496,35.71926],[139.73479,35.71964],[139.73418,35.72124],[139.73371,35.72217],[139.73327,35.72294],[139.73276,35.72362],[139.73227,35.72411],[139.73218,35.72418],[139.7316,35.7246],[139.73065,35.72524],[139.72991,35.72574],[139.72951,35.72602],[139.7288,35.72652],[139.72686,35.72776],[139.72505,35.72896],[139.72286,35.73022],[139.72192,35.73068],[139.72134,35.73079],[139.71981,35.73077],[139.71944,35.73074],[139.71864,35.73068],[139.71818,35.73059],[139.71659,35.73013],[139.71391,35.72928],[139.71339,35.72948],[139.71239,35.72993],[139.71196,35.73008],[139.71034,35.73061]]}},{"type":"Feature","properties":{"line_name":"丸ノ内線分岐線"},"geometry":{"type":"LineString","coordinates":[[139.68284,35.69701],[139.68157,35.69716],[139.67994,35.69736],[139.67806,35.69758],[139.67706,35.69766],[139.67591,35.69767],[139.67483,35.69697],[139.67433,35.69656],[139.67409,35.69628],[139.67409,35.69613],[139.67415,35.69562],[139.67433,35.69453],[139.6745,35.69312],[139.67453,35.69243],[139.67448,35.69207],[139.67416,35.69177],[139.6739,35.69159],[139.67348,35.69136],[139.67304,35.69134],[139.67245,35.69129],[139.67074,35.6911],[139.6689,35.69089],[139.66741,35.69075],[139.66699,35.69063],[139.66689,35.69058],[139.66654,35.6904],[139.66566,35.68989],[139.66518,35.68963],[139.66459,35.68925],[139.66428,35.68898],[139.66415,35.68881],[139.66401,35.68855],[139.66392,35.68833],[139.66388,35.68805],[139.66383,35.68756],[139.66374,35.68719],[139.66359,35.68671],[139.66328,35.68577],[139.66302,35.68508],[139.66282,35.68493],[139.66252,35.68478],[139.66108,35.68438],[139.66045,35.68418],[139.65995,35.68402],[139.65867,35.68367],[139.6572,35.68336]]}},{"type":"Feature","properties":{"line_name":"日比谷線"},"geometry":{"type":"LineString","coordinates":[[139.806,35.75126],[139.80578,35.75053],[139.80529,35.7489],[139.80518,35.74855],[139.80516,35.74849],[139.80499,35.74797],[139.80481,35.74763],[139.80418,35.7466],[139.80371,35.74563],[139.80363,35.74545],[139.80338,35.7447],[139.80333,35.74456],[139.80326,35.74434],[139.80323,35.74424],[139.80303,35.7436],[139.80301,35.74351],[139.8029,35.74314],[139.80235,35.74133],[139.80229,35.74112],[139.80224,35.74097],[139.8018,35.73936],[139.80175,35.73913],[139.80166,35.73859],[139.80145,35.73743],[139.80127,35.73679],[139.80106,35.7362],[139.80083,35.73568],[139.80037,35.73466],[139.80001,35.73396],[139.79931,35.73297],[139.79924,35.73288],[139.79832,35.73174],[139.79828,35.73171],[139.79792,35.73141],[139.79753,35.73113],[139.79691,35.73084],[139.79644,35.73067],[139.79584,35.73058],[139.79541,35.73057],[139.79392,35.73072],[139.79326,35.73066],[139.79278,35.73055],[139.79242,35.73035],[139.79239,35.73033],[139.79182,35.7299],[139.79051,35.72867],[139.79024,35.72841],[139.78968,35.72762],[139.78938,35.72719],[139.789,35.72663],[139.78847,35.72585],[139.78843,35.7258],[139.78794,35.72512],[139.78789,35.72504],[139.7876,35.72464],[139.78755,35.72456],[139.78716,35.72402],[139.78665,35.72336],[139.78614,35.7227],[139.78607,35.72261],[139.78585,35.72233],[139.78566,35.72208],[139.7851,35.72138],[139.78504,35.72131],[139.7848,35.72099],[139.78448,35.72057],[139.78388,35.71983],[139.78332,35.71909],[139.78206,35.71748],[139.78024,35.71515],[139.77974,35.71451],[139.77903,35.7135],[139.77834,35.71248],[139.77811,35.71228],[139.7779,35.71215],[139.77764,35.71199],[139.77707,35.71165],[139.77687,35.71146],[139.77672,35.71122],[139.77663,35.71099],[139.77656,35.71068],[139.77653,35.71051],[139.7764,35.70907],[139.77627,35.70763],[139.77626,35.7074],[139.77612,35.70591],[139.77582,35.70299],[139.77562,35.70099],[139.77556,35.7003],[139.77554,35.69997],[139.77555,35.69938],[139.77555,35.69874],[139.77553,35.69786],[139.7755,35.69719],[139.77547,35.69673],[139.77558,35.69654],[139.77565,35.69638],[139.77579,35.69604],[139.776,35.69552],[139.77632,35.69456],[139.77675,35.69351],[139.77689,35.69308],[139.7771,35.69258],[139.77738,35.69208],[139.77762,35.69174],[139.77778,35.69152],[139.77817,35.69112],[139.77847,35.69076],[139.77888,35.69028],[139.77917,35.68993],[139.77935,35.68973],[139.77949,35.68956],[139.77992,35.68907],[139.78057,35.68829],[139.78086,35.68796],[139.78144,35.68729],[139.78174,35.68695],[139.78179,35.6869],[139.7826,35.68595],[139.7827,35.68584],[139.78289,35.68562],[139.78316,35.6852],[139.78318,35.68473],[139.78311,35.68439],[139.7829,35.68386],[139.7825,35.6834],[139.78177,35.68256],[139.7817,35.6825],[139.78122,35.68169],[139.78103,35.68138],[139.78072,35.68085],[139.78069,35.68079],[139.78064,35.68072],[139.78038,35.6803],[139.7802,35.67999],[139.78005,35.67976],[139.77989,35.67951],[139.7795,35.6789],[139.7792,35.67839],[139.77907,35.67818],[139.77849,35.67726],[139.77818,35.67676],[139.77811,35.67665],[139.77775,35.67606],[139.77772,35.67601],[139.7774,35.67549],[139.7773,35.67532],[139.77693,35.67467],[139.7769,35.67462],[139.77669,35.67412],[139.77637,35.67331],[139.77623,35.67298],[139.77608,35.6726],[139.77586,35.67208],[139.77581,35.67198],[139.77558,35.67142],[139.77537,35.67088],[139.77512,35.67026],[139.77508,35.6702],[139.77486,35.67002],[139.77473,35.66991],[139.77463,35.66979],[139.77422,35.66937],[139.77417,35.66931],[139.7738,35.66895],[139.77375,35.6689],[139.77326,35.66854],[139.77316,35.66846],[139.77268,35.66809],[139.77241,35.66788],[139.77209,35.66763],[139.77169,35.66731],[139.77151,35.66717],[139.77123,35.66704],[139.77092,35.66699],[139.77047,35.66701],[139.77003,35.66713],[139.76968,35.66737],[139.76927,35.66771],[139.76876,35.66814],[139.76836,35.66849],[139.76786,35.66893],[139.76723,35.66948],[139.7671,35.66959],[139.76701,35.66968],[139.76691,35.66977],[139.76679,35.66991],[139.76666,35.67002],[139.76638,35.67023],[139.76611,35.67045],[139.76562,35.67084],[139.7651,35.67124],[139.76464,35.67155],[139.76428,35.6718],[139.76391,35.67205],[139.76359,35.67227],[139.76337,35.67241],[139.76335,35.67242],[139.76318,35.67254],[139.76281,35.67278],[139.76246,35.67301],[139.7618,35.67345],[139.76131,35.67378],[139.76085,35.6741],[139.76072,35.67419],[139.75989,35.67476],[139.7597,35.67489],[139.75952,35.67502],[139.75936,35.67519],[139.75895,35.67546],[139.75799,35.67584],[139.7575,35.67609],[139.7561,35.67668],[139.75589,35.67676],[139.75564,35.67686],[139.7546,35.67731],[139.75411,35.67725],[139.75344,35.67704],[139.75306,35.67677],[139.7526,35.67637],[139.75155,35.67471],[139.75144,35.67452],[139.75068,35.67323],[139.75055,35.67304],[139.75039,35.67278],[139.74987,35.67165],[139.74978,35.67143],[139.74965,35.67113],[139.74952,35.67083],[139.74936,35.67043],[139.74912,35.66991],[139.74895,35.66963],[139.74848,35.66887],[139.748,35.66785],[139.74755,35.66681],[139.7469,35.66539],[139.74677,35.66503],[139.74636,35.66438],[139.74602,35.66395],[139.74526,35.66319],[139.74419,35.66206],[139.74401,35.66185],[139.74358,35.66128],[139.7434,35.66103],[139.74329,35.66085],[139.74305,35.66048],[139.7428,35.66024],[139.74245,35.66003],[139.7421,35.65986],[139.74186,35.65979],[139.74157,35.65976],[139.74146,35.65977],[139.74103,35.65994],[139.73933,35.66061],[139.73783,35.66116],[139.73452,35.66216],[139.73398,35.66237],[139.73366,35.66253],[139.73262,35.66304],[139.73232,35.66319],[139.73206,35.66325],[139.73025,35.66235],[139.72791,35.66121],[139.72726,35.66096],[139.72545,35.66031],[139.72452,35.65999],[139.72416,35.65982],[139.72369,35.6594],[139.72358,35.65901],[139.72373,35.65819],[139.72388,35.65718],[139.72385,35.65659],[139.72384,35.65656],[139.72362,35.65589],[139.72299,35.65485],[139.72241,35.65375],[139.72223,35.65304],[139.72216,35.6524],[139.72216,35.65235],[139.72226,35.6506],[139.72216,35.65019],[139.722,35.64997],[139.72143,35.64956],[139.72071,35.64927],[139.71931,35.64903],[139.7188,35.64894],[139.71767,35.64877],[139.71508,35.64838],[139.71384,35.64838],[139.71223,35.64857],[139.71215,35.64859],[139.7113,35.64883],[139.71103,35.6488],[139.71026,35.64833],[139.70958,35.64796],[139.70929,35.64774],[139.70924,35.6477],[139.70864,35.6469],[139.70828,35.6466],[139.70808,35.64646],[139.70773,35.64629],[139.70732,35.64617],[139.7069,35.64617],[139.70634,35.64618],[139.70531,35.6463],[139.70436,35.64641],[139.70312,35.64652],[139.70261,35.64665],[139.70209,35.64653],[139.70202,35.64648],[139.70088,35.64568],[139.70064,35.64561],[139.70041,35.64541],[139.69958,35.64474],[139.69952,35.64469],[139.69918,35.6444],[139.69886,35.64414],[139.69815,35.64352]]}},{"type":"Feature","properties":{"line_name":"東西線"},"geometry":{"type":"LineString","coordinates":[[139.95979,35.70671],[139.95935,35.70696],[139.95798,35.70777],[139.95788,35.70782],[139.95648,35.70852],[139.95595,35.7088],[139.95466,35.70935],[139.95343,35.70982],[139.95328,35.70988],[139.95307,35.70994],[139.9528,35.71],[139.95264,35.71002],[139.95228,35.71008],[139.95199,35.7101],[139.95166,35.71011],[139.95097,35.71008],[139.95071,35.71004],[139.95026,35.70996],[139.94955,35.70975],[139.94925,35.70965],[139.94872,35.70941],[139.94849,35.7093],[139.94831,35.70917],[139.94818,35.70907],[139.948,35.70893],[139.94767,35.70865],[139.94689,35.70792],[139.94686,35.70789],[139.94478,35.70596],[139.94267,35.70401],[139.9426,35.70396],[139.94123,35.70264],[139.94116,35.70258],[139.94037,35.70189],[139.93941,35.70103],[139.93868,35.70046],[139.93864,35.70043],[139.93811,35.70006],[139.93668,35.69918],[139.93536,35.69845],[139.93204,35.69653],[139.92971,35.69517],[139.92926,35.6949],[139.92873,35.69457],[139.9283,35.69429],[139.9279,35.694],[139.92736,35.69357],[139.9268,35.69312],[139.92628,35.69268],[139.92578,35.69226],[139.92527,35.69183],[139.92515,35.69173],[139.92427,35.69101],[139.92361,35.69044],[139.92343,35.69029],[139.92283,35.6898],[139.9217,35.68886],[139.91973,35.68722],[139.91781,35.68563],[139.91605,35.68417],[139.91508,35.68335],[139.91501,35.6833],[139.91494,35.68324],[139.91454,35.68291],[139.91336,35.68194],[139.9133,35.68189],[139.91236,35.6811],[139.91092,35.6799],[139.9091,35.67839],[139.90543,35.67533],[139.90315,35.67346],[139.90306,35.67339],[139.90267,35.67306],[139.90237,35.67281],[139.90149,35.67207],[139.9014,35.67199],[139.9013,35.67192],[139.89906,35.67007],[139.8989,35.66991],[139.89852,35.66958],[139.89794,35.66907],[139.89679,35.66807],[139.89596,35.66747],[139.89543,35.6671],[139.89497,35.66679],[139.89427,35.66642],[139.89335,35.66596],[139.89274,35.66565],[139.8922,35.66539],[139.89215,35.66537],[139.89102,35.66478],[139.89031,35.66446],[139.88977,35.66425],[139.88931,35.66411],[139.88915,35.66407],[139.88813,35.66396],[139.88711,35.66386],[139.88511,35.66367],[139.88189,35.66335],[139.88097,35.66327],[139.88065,35.66326],[139.87762,35.66336],[139.87406,35.66353],[139.87396,35.66354],[139.87353,35.66356],[139.87294,35.66359],[139.87231,35.66363],[139.87176,35.66366],[139.87164,35.66367],[139.87123,35.66369],[139.8711,35.6637],[139.87101,35.6637],[139.86697,35.66396],[139.86142,35.66441],[139.86134,35.66441],[139.85974,35.66455],[139.85943,35.66458],[139.85904,35.66461],[139.85872,35.66464],[139.85786,35.66471],[139.85725,35.66476],[139.85457,35.66497],[139.85201,35.66517],[139.84622,35.66566],[139.84588,35.66569],[139.84493,35.66577],[139.84279,35.66594],[139.83975,35.66635],[139.83754,35.66667],[139.83698,35.66678],[139.83503,35.66735],[139.83495,35.66737],[139.83451,35.6675],[139.8343,35.66757],[139.83291,35.66802],[139.83048,35.66881],[139.8285,35.66944],[139.82711,35.66991],[139.82621,35.67004],[139.82523,35.67],[139.82495,35.66999],[139.82351,35.66991],[139.82207,35.66981],[139.82192,35.6698],[139.82101,35.66975],[139.81958,35.66968],[139.81892,35.66966],[139.81644,35.66952],[139.81496,35.66945],[139.81318,35.66937],[139.81206,35.66935],[139.81141,35.66931],[139.81087,35.66927],[139.8108,35.66928],[139.80995,35.66928],[139.80914,35.66929],[139.80883,35.6693],[139.80841,35.66931],[139.80832,35.66932],[139.80714,35.66936],[139.80591,35.66938],[139.80583,35.66938],[139.80577,35.66939],[139.80478,35.66943],[139.80428,35.66944],[139.8029,35.66952],[139.802,35.66958],[139.8016,35.66968],[139.80145,35.66971],[139.80135,35.66974],[139.80094,35.66986],[139.80083,35.66991],[139.80035,35.67009],[139.799,35.67066],[139.79842,35.6709],[139.79791,35.67112],[139.79742,35.67133],[139.79737,35.67135],[139.7971,35.67146],[139.79678,35.67159],[139.7963,35.67181],[139.79596,35.67195],[139.7951,35.67233],[139.7949,35.67243],[139.794,35.67281],[139.79393,35.67284],[139.79306,35.67321],[139.79192,35.6737],[139.79163,35.67384],[139.79144,35.67396],[139.79107,35.67421],[139.79088,35.67433],[139.79036,35.67476],[139.78997,35.67507],[139.78967,35.67531],[139.78919,35.67569],[139.78875,35.67595],[139.78858,35.67602],[139.78838,35.67609],[139.78757,35.67626],[139.78651,35.67648],[139.78613,35.67656],[139.7859,35.67666],[139.78441,35.67747],[139.78366,35.67792],[139.78252,35.6786],[139.78133,35.67932],[139.78114,35.67942],[139.7802,35.67999],[139.77996,35.68008],[139.77947,35.68027],[139.77858,35.68061],[139.7783,35.68072],[139.7773,35.68108],[139.77707,35.68117],[139.77644,35.68145],[139.77583,35.68169],[139.77556,35.68179],[139.77511,35.68198],[139.77373,35.68252],[139.77309,35.68277],[139.77235,35.68305],[139.771,35.6836],[139.77086,35.68363],[139.76977,35.68388],[139.76816,35.68423],[139.76763,35.68435],[139.76748,35.68438],[139.76733,35.68441],[139.76566,35.68478],[139.76473,35.68498],[139.76453,35.68502],[139.76317,35.68532],[139.76295,35.68537],[139.76196,35.68558],[139.76154,35.68592],[139.7612,35.68649],[139.76105,35.68694],[139.76086,35.6878],[139.76058,35.68879],[139.76024,35.68931],[139.75916,35.69005],[139.75879,35.69026],[139.75852,35.69028],[139.75682,35.6906],[139.75644,35.69074],[139.7561,35.69105],[139.75576,35.6916],[139.75516,35.69234],[139.75435,35.69305],[139.75337,35.69358],[139.75257,35.69399],[139.7522,35.69424],[139.75188,35.6945],[139.75169,35.69473],[139.75157,35.69501],[139.75151,35.6952],[139.7514,35.69554],[139.75114,35.69662],[139.75101,35.69698],[139.75099,35.69705],[139.75091,35.69723],[139.75083,35.69738],[139.75069,35.69758],[139.75049,35.6978],[139.75008,35.69823],[139.74981,35.69848],[139.74968,35.69864],[139.7495,35.69882],[139.74902,35.69932],[139.74833,35.70006],[139.74796,35.70045],[139.74775,35.70067],[139.74753,35.70087],[139.74727,35.70102],[139.74718,35.70107],[139.74677,35.70129],[139.74667,35.70132],[139.74655,35.70135],[139.74636,35.70146],[139.74579,35.70182],[139.74547,35.70206],[139.74503,35.70235],[139.74497,35.70237],[139.74485,35.70244],[139.74447,35.70258],[139.74417,35.70262],[139.74392,35.70266],[139.74279,35.70285],[139.74235,35.70298],[139.74138,35.70338],[139.74114,35.70344],[139.74072,35.70345],[139.73958,35.70328],[139.73854,35.70314],[139.73806,35.70315],[139.73765,35.7032],[139.73684,35.70337],[139.73566,35.70367],[139.73338,35.70406],[139.73257,35.70423],[139.73112,35.7045],[139.7306,35.70469],[139.73018,35.70476],[139.72848,35.70472],[139.72744,35.70467],[139.72704,35.7047],[139.72681,35.70476],[139.72599,35.7051],[139.72536,35.70528],[139.72483,35.70542],[139.72427,35.7055],[139.72333,35.70558],[139.72105,35.70578],[139.72017,35.70592],[139.71976,35.70606],[139.71906,35.70644],[139.71863,35.70681],[139.71743,35.70818],[139.71699,35.70891],[139.71669,35.70928],[139.71651,35.70938],[139.71614,35.70948],[139.71596,35.70954],[139.71407,35.70985],[139.7134,35.71002],[139.71255,35.71047],[139.71157,35.71105],[139.71116,35.71123],[139.71087,35.71134],[139.71004,35.71149],[139.70864,35.71173],[139.70784,35.71188],[139.70752,35.712],[139.70713,35.71217],[139.70603,35.7128],[139.70406,35.71376],[139.70366,35.71378],[139.70303,35.71373],[139.70252,35.71364],[139.70191,35.71346],[139.70131,35.71317],[139.70025,35.71265],[139.69978,35.71239],[139.69921,35.71217],[139.69833,35.71196],[139.69762,35.7118],[139.69719,35.71169],[139.69668,35.71152],[139.69612,35.71138],[139.69404,35.71106],[139.69397,35.71105],[139.6929,35.71092],[139.69264,35.71092],[139.69247,35.71092],[139.69223,35.71093],[139.69179,35.71097],[139.69145,35.71107],[139.69127,35.71112],[139.69065,35.71123],[139.69006,35.71128],[139.68997,35.71128],[139.68918,35.71128],[139.68852,35.71121],[139.68805,35.71113],[139.68706,35.7109],[139.68487,35.71037],[139.68463,35.71033],[139.6844,35.71029],[139.68279,35.70999],[139.68187,35.70971],[139.68094,35.70932],[139.67995,35.70881],[139.6794,35.70852],[139.679,35.70831],[139.6781,35.70774],[139.677,35.70692],[139.67615,35.70638],[139.67547,35.70613],[139.67479,35.70598],[139.67444,35.70598],[139.67322,35.70595],[139.67265,35.70592],[139.67172,35.70588],[139.67101,35.70585],[139.66935,35.70579],[139.66688,35.70579],[139.66433,35.70569]]}},{"type":"Feature","properties":{"line_name":"千代田線"},"geometry":{"type":"LineString","coordinates":[[139.83211,35.77725],[139.83208,35.77653],[139.83203,35.77562],[139.83199,35.77517],[139.83195,35.7749],[139.83187,35.77453],[139.8318,35.77432],[139.83168,35.77404],[139.83112,35.77258],[139.8307,35.7715],[139.83068,35.77144],[139.83058,35.77114],[139.83047,35.77075],[139.83038,35.77027],[139.83036,35.76993],[139.83036,35.76944],[139.83039,35.76875],[139.83044,35.76707],[139.83047,35.76595],[139.83048,35.76571],[139.83051,35.76551],[139.83075,35.76443],[139.83083,35.76402],[139.83082,35.76382],[139.8308,35.76364],[139.83075,35.7635],[139.83067,35.76332],[139.83059,35.7632],[139.83041,35.76305],[139.83026,35.76296],[139.82991,35.7628],[139.82977,35.76279],[139.82872,35.76268],[139.82614,35.76241],[139.82364,35.76216],[139.82034,35.76181],[139.81522,35.76126],[139.81389,35.76114],[139.81341,35.76105],[139.81296,35.76093],[139.81255,35.76076],[139.81215,35.76057],[139.81182,35.76037],[139.81147,35.76013],[139.81118,35.75987],[139.8109,35.75959],[139.81053,35.75919],[139.81033,35.75897],[139.8096,35.75817],[139.80887,35.75732],[139.80804,35.75635],[139.80728,35.75547],[139.80714,35.75528],[139.80659,35.75457],[139.80643,35.75432],[139.80622,35.75399],[139.80605,35.7537],[139.80595,35.75347],[139.80585,35.75323],[139.80574,35.75304],[139.80548,35.75251],[139.80515,35.75167],[139.80475,35.75051],[139.8046,35.75002],[139.80435,35.74898],[139.80421,35.74838],[139.80413,35.74816],[139.80409,35.7481],[139.80385,35.74778],[139.80325,35.74723],[139.80265,35.7469],[139.80208,35.74674],[139.802,35.74674],[139.80118,35.7467],[139.79997,35.74662],[139.79892,35.74657],[139.79844,35.74655],[139.79802,35.74656],[139.79775,35.74658],[139.79728,35.74644],[139.79707,35.74639],[139.79666,35.74633],[139.79634,35.7463],[139.79589,35.7463],[139.79227,35.74563],[139.78975,35.74568],[139.78851,35.74555],[139.78814,35.74551],[139.78574,35.74533],[139.7839,35.7453],[139.78287,35.74509],[139.78197,35.74483],[139.78164,35.74443],[139.78139,35.74407],[139.7811,35.74365],[139.78078,35.74316],[139.78063,35.74296],[139.78055,35.74283],[139.78021,35.74231],[139.77969,35.74153],[139.77946,35.74118],[139.77935,35.74101],[139.77867,35.73999],[139.77806,35.73904],[139.77788,35.73879],[139.77709,35.73758],[139.77703,35.73749],[139.7766,35.73699],[139.7764,35.73688],[139.77604,35.73665],[139.77544,35.73618],[139.77497,35.73586],[139.77473,35.73573],[139.77389,35.73537],[139.77331,35.73515],[139.77254,35.7348],[139.77125,35.7343],[139.77093,35.73415],[139.7708,35.73408],[139.77057,35.73397],[139.76983,35.73366],[139.76906,35.73336],[139.76887,35.73328],[139.76841,35.7331],[139.76807,35.73293],[139.76785,35.73281],[139.7674,35.7326],[139.7672,35.7325],[139.767,35.73241],[139.7664,35.73212],[139.76593,35.7319],[139.76531,35.73156],[139.76513,35.7314],[139.76468,35.73076],[139.76444,35.73044],[139.76404,35.7299],[139.76377,35.72937],[139.76362,35.72908],[139.76347,35.7287],[139.76349,35.72844],[139.76351,35.72832],[139.76357,35.72798],[139.76365,35.72764],[139.7637,35.72734],[139.76369,35.72706],[139.76363,35.72682],[139.76356,35.7266],[139.76353,35.72653],[139.76336,35.72593],[139.76305,35.72489],[139.76303,35.72481],[139.76282,35.72407],[139.76271,35.72335],[139.76259,35.72161],[139.76258,35.72091],[139.76264,35.7206],[139.76311,35.72002],[139.76346,35.71966],[139.76389,35.71922],[139.76467,35.7184],[139.76517,35.7179],[139.76633,35.71675],[139.76635,35.71673],[139.76641,35.71668],[139.76713,35.71564],[139.76796,35.71444],[139.76815,35.71379],[139.76851,35.71254],[139.76851,35.71228],[139.76867,35.71105],[139.76887,35.71083],[139.76944,35.71041],[139.76968,35.71005],[139.76981,35.70936],[139.76987,35.70878],[139.76988,35.70869],[139.76992,35.70823],[139.77002,35.70779],[139.77001,35.70739],[139.77,35.70734],[139.76997,35.70651],[139.76994,35.70587],[139.76994,35.70582],[139.76992,35.70524],[139.76989,35.70466],[139.76986,35.70429],[139.76985,35.70405],[139.76977,35.70374],[139.76969,35.70338],[139.76966,35.70327],[139.7696,35.70301],[139.76911,35.70202],[139.76879,35.70163],[139.76779,35.70067],[139.76761,35.7005],[139.76733,35.70006],[139.76711,35.69971],[139.76671,35.69905],[139.76633,35.69855],[139.76576,35.69759],[139.76514,35.69626],[139.76508,35.69613],[139.76515,35.69563],[139.76525,35.69506],[139.76526,35.69499],[139.7653,35.69462],[139.76527,35.69442],[139.76513,35.69358],[139.76503,35.69306],[139.76489,35.69248],[139.76479,35.69196],[139.76473,35.69166],[139.76471,35.69156],[139.76458,35.69091],[139.76444,35.69024],[139.76439,35.68997],[139.76437,35.68918],[139.76377,35.68692],[139.76355,35.68613],[139.76302,35.68437],[139.7621,35.68145],[139.76146,35.67956],[139.76125,35.67893],[139.76036,35.67636],[139.76015,35.67574],[139.7599,35.67517],[139.7597,35.67489],[139.7595,35.67469],[139.75803,35.67322],[139.75777,35.67304],[139.75749,35.67271],[139.75731,35.67242],[139.75698,35.67198],[139.7568,35.67186],[139.75608,35.67156],[139.75479,35.67133],[139.75469,35.67136],[139.75412,35.67159],[139.75384,35.6717],[139.75372,35.67175],[139.75351,35.67184],[139.75305,35.67203],[139.75286,35.6721],[139.7526,35.67223],[139.75094,35.67289],[139.75055,35.67304],[139.7505,35.67306],[139.74796,35.67405],[139.74748,35.6743],[139.74714,35.67437],[139.74677,35.67432],[139.74591,35.67416],[139.74458,35.67386],[139.74279,35.67347],[139.74179,35.6733],[139.74117,35.67326],[139.74024,35.67328],[139.74018,35.67329],[139.73921,35.67337],[139.73917,35.67337],[139.73871,35.6733],[139.73811,35.67308],[139.73752,35.67289],[139.73711,35.67267],[139.73645,35.67218],[139.73576,35.67149],[139.73546,35.67127],[139.73505,35.67091],[139.73436,35.6705],[139.7338,35.67011],[139.7336,35.6699],[139.73268,35.66934],[139.73215,35.66903],[139.73199,35.66896],[139.73162,35.66884],[139.7304,35.66878],[139.72908,35.66838],[139.72789,35.66797],[139.72754,35.66779],[139.72739,35.66768],[139.72729,35.66759],[139.72709,35.6674],[139.72701,35.6673],[139.72658,35.6669],[139.72586,35.66624],[139.72541,35.66593],[139.72473,35.6656],[139.72415,35.66538],[139.72291,35.66503],[139.72069,35.66447],[139.71913,35.66407],[139.71873,35.66392],[139.71824,35.66354],[139.71777,35.66319],[139.71746,35.66309],[139.71712,35.66302],[139.71668,35.66299],[139.71614,35.66305],[139.71563,35.66316],[139.71532,35.66336],[139.71529,35.66338],[139.71356,35.66451],[139.71279,35.66498],[139.71253,35.6651],[139.71219,35.66524],[139.71152,35.66557],[139.7105,35.66606],[139.71044,35.66609],[139.70833,35.66704],[139.70514,35.6686],[139.70481,35.66874],[139.70351,35.66932],[139.70307,35.66949],[139.7023,35.66963],[139.70213,35.66965],[139.70165,35.66969],[139.70091,35.66971],[139.69683,35.66917],[139.69477,35.66892],[139.69322,35.66881],[139.69237,35.66881],[139.6921,35.66883],[139.69168,35.66885],[139.69129,35.66888],[139.6909,35.66894],[139.68937,35.66917],[139.68868,35.66926],[139.68738,35.66933],[139.68647,35.66953],[139.68606,35.6697],[139.68603,35.66971],[139.68541,35.6699],[139.6851,35.66998],[139.68449,35.67012],[139.68417,35.67019],[139.68394,35.67022],[139.68365,35.67022],[139.68332,35.67021],[139.68298,35.67015],[139.68262,35.67008],[139.68228,35.66999],[139.68202,35.6699],[139.68107,35.66957],[139.681,35.66954],[139.67954,35.66886],[139.67922,35.6687],[139.67877,35.66849]]}},{"type":"Feature","properties":{"line_name":"有楽町線"},"geometry":{"type":"LineString","coordinates":[[139.82786,35.64592],[139.82535,35.64564],[139.82261,35.64536],[139.82128,35.64523],[139.81773,35.64489],[139.81726,35.64487],[139.81676,35.64475],[139.81483,35.6441],[139.81435,35.64399],[139.8139,35.64404],[139.81313,35.64423],[139.8127,35.64439],[139.81214,35.64469],[139.81103,35.64531],[139.80963,35.64624],[139.80874,35.64681],[139.80818,35.64715],[139.80653,35.64821],[139.80559,35.64878],[139.80532,35.64894],[139.80503,35.64912],[139.80401,35.64964],[139.80313,35.64999],[139.80194,35.65039],[139.80096,35.65077],[139.80014,35.65127],[139.79953,35.65172],[139.79846,35.65262],[139.79824,35.65285],[139.79801,35.65307],[139.79774,35.65334],[139.79752,35.65356],[139.79744,35.65364],[139.79726,35.65382],[139.79702,35.65407],[139.79674,35.65436],[139.79672,35.65438],[139.79651,35.65464],[139.79626,35.65487],[139.79582,35.65533],[139.79554,35.65562],[139.79527,35.65593],[139.79502,35.65616],[139.79472,35.65646],[139.79459,35.65658],[139.79438,35.65673],[139.79407,35.65703],[139.79375,35.65735],[139.79343,35.65767],[139.79323,35.65787],[139.7931,35.658],[139.79259,35.65852],[139.79247,35.65864],[139.792,35.65912],[139.79178,35.65932],[139.79124,35.65975],[139.79042,35.66025],[139.78916,35.66099],[139.78911,35.66101],[139.78822,35.6615],[139.78774,35.66174],[139.78675,35.66257],[139.78625,35.663],[139.78617,35.66307],[139.78608,35.663],[139.78495,35.6642],[139.78476,35.66438],[139.78386,35.66522],[139.78383,35.66526],[139.78333,35.66572],[139.78306,35.66587],[139.7824,35.66624],[139.78153,35.66683],[139.78118,35.66715],[139.77986,35.66844],[139.77934,35.6688],[139.77888,35.66895],[139.77738,35.66934],[139.77515,35.66991],[139.77486,35.67002],[139.77451,35.67016],[139.77413,35.67031],[139.77268,35.6709],[139.77213,35.67112],[139.77199,35.67119],[139.77157,35.67134],[139.77139,35.67143],[139.77095,35.67172],[139.77059,35.67197],[139.77025,35.6722],[139.76981,35.67249],[139.76921,35.67289],[139.76862,35.67329],[139.76829,35.67351],[139.76779,35.67384],[139.76765,35.67394],[139.76735,35.67415],[139.76703,35.67436],[139.76665,35.67462],[139.7663,35.67484],[139.76591,35.67508],[139.76564,35.67523],[139.76518,35.67534],[139.76373,35.67567],[139.76349,35.67571],[139.76287,35.67586],[139.76273,35.67588],[139.76154,35.67613],[139.76108,35.67623],[139.76036,35.67636],[139.75796,35.67677],[139.75648,35.67711],[139.75526,35.67766],[139.75486,35.67776],[139.75394,35.6778],[139.75348,35.67776],[139.7532,35.67774],[139.75296,35.67772],[139.75238,35.67758],[139.75159,35.67738],[139.75133,35.67732],[139.75081,35.67721],[139.75029,35.67708],[139.74959,35.67706],[139.74879,35.67713],[139.74788,35.67728],[139.74738,35.67745],[139.74677,35.6778],[139.7461,35.67797],[139.74563,35.67793],[139.74516,35.6778],[139.74434,35.67767],[139.74367,35.67757],[139.74295,35.67757],[139.74249,35.67763],[139.74217,35.67768],[139.74174,35.67781],[139.74135,35.67803],[139.74068,35.67845],[139.74052,35.67858],[139.74045,35.67864],[139.74007,35.67898],[139.73992,35.67919],[139.73961,35.67965],[139.73914,35.68064],[139.73861,35.68177],[139.73771,35.68397],[139.73699,35.6856],[139.73661,35.68649],[139.73554,35.68892],[139.7354,35.6894],[139.73565,35.69038],[139.7359,35.69101],[139.73594,35.69111],[139.73614,35.69149],[139.737,35.69273],[139.73729,35.69315],[139.73763,35.69367],[139.73792,35.69405],[139.73856,35.69494],[139.73926,35.69582],[139.73973,35.69651],[139.74043,35.69746],[139.74132,35.69856],[139.74203,35.69953],[139.74256,35.70035],[139.74308,35.70119],[139.7437,35.70205],[139.74389,35.70231],[139.74409,35.70257],[139.74418,35.70271],[139.74428,35.70337],[139.74429,35.70375],[139.74421,35.70411],[139.74377,35.70551],[139.7435,35.7064],[139.74306,35.70699],[139.74252,35.70748],[139.7417,35.70793],[139.73922,35.70835],[139.73854,35.70844],[139.73661,35.70868],[139.73564,35.70886],[139.73558,35.70887],[139.73511,35.70895],[139.73315,35.70964],[139.73239,35.70997],[139.73203,35.7102],[139.73168,35.71061],[139.73126,35.71131],[139.73022,35.71332],[139.72824,35.7175],[139.72822,35.71755],[139.72785,35.71833],[139.72705,35.72003],[139.72646,35.72062],[139.72576,35.72126],[139.72457,35.72231],[139.72335,35.72322],[139.72329,35.72324],[139.72277,35.72351],[139.72099,35.72454],[139.72024,35.72507],[139.71986,35.72531],[139.71787,35.72659],[139.71742,35.72689],[139.71706,35.72702],[139.71686,35.72709],[139.71569,35.72714],[139.71505,35.72719],[139.71468,35.72734],[139.71379,35.7278],[139.71259,35.72856],[139.71197,35.72883],[139.7098,35.72954],[139.70934,35.72988],[139.70873,35.73023],[139.7078,35.73076],[139.70658,35.73144],[139.7056,35.73193],[139.70526,35.73211],[139.70509,35.73228],[139.70439,35.73263],[139.70374,35.7328],[139.70313,35.7328],[139.70163,35.73276],[139.70077,35.73282],[139.6996,35.73301],[139.69736,35.73342],[139.69669,35.73355],[139.69606,35.73371],[139.69542,35.73396],[139.69465,35.73429],[139.69414,35.73462],[139.69332,35.73527],[139.69129,35.73677],[139.69029,35.73751],[139.68851,35.73884],[139.68761,35.73944],[139.68717,35.73974],[139.68643,35.74016],[139.68626,35.74024],[139.68545,35.74063],[139.68182,35.74228],[139.68059,35.74288],[139.68054,35.74291],[139.6785,35.74388],[139.67588,35.74501],[139.67558,35.74514],[139.67478,35.7455],[139.6728,35.74638],[139.67266,35.74645],[139.67148,35.74694],[139.66947,35.74784],[139.66644,35.74919],[139.6645,35.75005],[139.66065,35.75323],[139.66047,35.75333],[139.66012,35.75361],[139.65972,35.7539],[139.65928,35.75426],[139.65894,35.7545],[139.65849,35.75488],[139.65799,35.75525],[139.65727,35.75577],[139.65685,35.75603],[139.65599,35.75652],[139.65526,35.75697],[139.65334,35.75814],[139.65303,35.75833],[139.65227,35.75888],[139.6518,35.75924],[139.65161,35.75938],[139.65144,35.75964],[139.65131,35.75997],[139.65128,35.76014],[139.65121,35.76042],[139.65111,35.76092],[139.65097,35.76176],[139.65086,35.7625],[139.65086,35.76255],[139.65065,35.76423],[139.65048,35.76508],[139.65026,35.76598],[139.65017,35.7665],[139.64992,35.76728],[139.6497,35.76779],[139.6496,35.76789],[139.6494,35.76802],[139.64887,35.76819],[139.64846,35.76828],[139.64801,35.76838],[139.64716,35.7686],[139.64617,35.76887],[139.64589,35.76893],[139.64552,35.76909],[139.64279,35.77069],[139.64248,35.77087],[139.64188,35.77104],[139.64155,35.77113],[139.64148,35.77115],[139.64094,35.77128],[139.64035,35.77141],[139.63972,35.77156],[139.63911,35.77169],[139.63855,35.77183],[139.63811,35.77201],[139.6377,35.77223],[139.63724,35.77249],[139.63691,35.7727],[139.6365,35.77301],[139.63606,35.77338],[139.63565,35.77376],[139.63507,35.77435],[139.63466,35.77482],[139.63452,35.77495],[139.63417,35.77517],[139.63375,35.77541],[139.63258,35.776],[139.62976,35.77748],[139.62909,35.77784],[139.62869,35.77882],[139.62865,35.77895],[139.6286,35.77949],[139.62851,35.77982],[139.62838,35.78023],[139.62822,35.78053],[139.62789,35.78078],[139.62743,35.78114],[139.62724,35.78144],[139.62614,35.78221],[139.62612,35.78222],[139.62369,35.78379],[139.62283,35.78429],[139.62236,35.78449],[139.62178,35.78469],[139.62118,35.78495],[139.6199,35.78547],[139.61912,35.78579],[139.61886,35.78591],[139.61692,35.7867],[139.61561,35.78724],[139.61469,35.78762],[139.61391,35.78793],[139.61182,35.78877]]}},{"type":"Feature","properties":{"line_name":"半蔵門線"},"geometry":{"type":"LineString","coordinates":[[139.81335,35.71026],[139.81336,35.71012],[139.81359,35.70908],[139.81374,35.70843],[139.81395,35.70753],[139.81415,35.70668],[139.81417,35.70661],[139.81431,35.70519],[139.81437,35.70437],[139.81443,35.70358],[139.8145,35.70275],[139.81455,35.70211],[139.8146,35.70155],[139.81464,35.70118],[139.8147,35.70035],[139.81473,35.69999],[139.81477,35.69956],[139.81483,35.69909],[139.81487,35.69861],[139.8149,35.69823],[139.81504,35.69627],[139.81514,35.69524],[139.8153,35.69331],[139.81534,35.69279],[139.81555,35.69037],[139.81558,35.68951],[139.81564,35.68895],[139.81574,35.68805],[139.81576,35.6879],[139.81581,35.68747],[139.81583,35.68728],[139.81584,35.68717],[139.81589,35.68667],[139.81593,35.68618],[139.81595,35.68526],[139.81592,35.68461],[139.81583,35.68403],[139.81572,35.68346],[139.81553,35.68318],[139.8153,35.68303],[139.81455,35.68295],[139.81392,35.68291],[139.81328,35.68287],[139.81261,35.68283],[139.81246,35.68282],[139.81134,35.68275],[139.81075,35.6827],[139.8102,35.68267],[139.80972,35.68265],[139.80944,35.68264],[139.80892,35.6826],[139.80763,35.68254],[139.80651,35.68249],[139.80537,35.68244],[139.80466,35.68239],[139.80457,35.68238],[139.80369,35.68234],[139.80279,35.68228],[139.8022,35.68224],[139.80168,35.68222],[139.80141,35.6822],[139.80096,35.68218],[139.79979,35.68211],[139.79926,35.68209],[139.79876,35.68207],[139.79827,35.68204],[139.79793,35.68202],[139.797,35.68197],[139.79665,35.68195],[139.79598,35.68183],[139.79553,35.68163],[139.79521,35.68135],[139.79431,35.68011],[139.79378,35.67942],[139.79305,35.67874],[139.79254,35.67844],[139.79212,35.67833],[139.79175,35.67835],[139.79098,35.67856],[139.7897,35.67911],[139.78924,35.67935],[139.78861,35.67967],[139.78788,35.68015],[139.78727,35.68072],[139.78616,35.68184],[139.78576,35.68231],[139.78534,35.68281],[139.78484,35.68339],[139.78457,35.68368],[139.78443,35.68383],[139.78401,35.68436],[139.78331,35.68514],[139.78316,35.6852],[139.78252,35.68548],[139.78173,35.68562],[139.78084,35.68564],[139.78038,35.68552],[139.77926,35.68512],[139.77849,35.68493],[139.77775,35.6849],[139.77715,35.68487],[139.77655,35.6848],[139.77602,35.68473],[139.77545,35.68467],[139.77471,35.68463],[139.77461,35.68464],[139.77298,35.68495],[139.77145,35.68523],[139.77131,35.68526],[139.77116,35.68532],[139.77043,35.6854],[139.77032,35.68541],[139.76911,35.68597],[139.76839,35.68636],[139.76604,35.68657],[139.76377,35.68692],[139.76335,35.68698],[139.76162,35.68725],[139.76115,35.68783],[139.76093,35.68835],[139.7608,35.6888],[139.76079,35.68927],[139.7608,35.68961],[139.76094,35.69165],[139.76097,35.69204],[139.761,35.69246],[139.76104,35.69291],[139.76109379,35.69343725],[139.76102241,35.69375847],[139.76086774,35.69418083],[139.7605941,35.69463293],[139.76014438,35.69509811],[139.75952572,35.69550738],[139.75861572,35.69580738],[139.7580105,35.69598749],[139.75685409,35.69594942],[139.75387,35.69581],[139.75222,35.69561],[139.75215,35.69569],[139.7514,35.69554],[139.75008,35.69533],[139.75008,35.69526],[139.74891,35.69505],[139.74677,35.69439],[139.74624,35.69422],[139.74545,35.694],[139.74482,35.69358],[139.7442,35.69299],[139.74375,35.69217],[139.74345,35.69119],[139.74277,35.6895],[139.74206,35.68764],[139.74194,35.68725],[139.74181,35.68631],[139.74158,35.68445],[139.74155,35.68418],[139.74169,35.68317],[139.74184,35.68189],[139.74186,35.68056],[139.74188,35.68003],[139.74183,35.67971],[139.74169,35.67937],[139.74142,35.679],[139.74107,35.6787],[139.74052,35.67858],[139.7405,35.67858],[139.73999,35.67851],[139.73918,35.67844],[139.73774,35.6783],[139.73723,35.67823],[139.73713,35.6782],[139.7367,35.67807],[139.73659,35.67803],[139.73601,35.67801],[139.73566,35.67777],[139.73312,35.67626],[139.73209,35.67567],[139.73126,35.67523],[139.73074,35.67504],[139.73025,35.6749],[139.72917,35.67462],[139.72789,35.67421],[139.72659,35.67382],[139.72637,35.67374],[139.72504,35.67327],[139.72399,35.67293],[139.72311,35.67264],[139.72233,35.6724],[139.72107,35.67191],[139.71876,35.67093],[139.71833,35.67075],[139.71801,35.67067],[139.71717,35.67033],[139.71689,35.6702],[139.7167,35.67009],[139.71657,35.67001],[139.71582,35.66913],[139.71305,35.66588],[139.71244,35.6652],[139.71171,35.66441],[139.71134,35.66399],[139.71069,35.66334],[139.71022,35.66298],[139.71018,35.66295],[139.70893,35.66211],[139.70817,35.66164],[139.70672,35.66074],[139.70604,35.66027],[139.70487,35.65993],[139.7021,35.65945],[139.69997,35.65945]]}},{"type":"Feature","properties":{"line_name":"南北線"},"geometry":{"type":"LineString","coordinates":[[139.72076,35.78361],[139.72346,35.7831],[139.72591,35.78263],[139.7275,35.78231],[139.72813,35.78215],[139.72826,35.78208],[139.72867,35.78177],[139.73006,35.78053],[139.73102,35.77972],[139.73138,35.77941],[139.73154,35.77925],[139.73183,35.77894],[139.73197,35.77877],[139.73303,35.77728],[139.73311,35.77708],[139.73321,35.77681],[139.73322,35.7766],[139.73319,35.77597],[139.73312,35.77423],[139.73309,35.77356],[139.73309,35.77303],[139.7331,35.77284],[139.73312,35.77257],[139.73331,35.77202],[139.73371,35.77106],[139.73386,35.77067],[139.73401,35.7702],[139.7342,35.7697],[139.73454,35.76867],[139.73461,35.76847],[139.73474,35.76814],[139.73499,35.76745],[139.73518,35.76692],[139.7353,35.76654],[139.73533,35.76641],[139.73566,35.76523],[139.73584,35.76454],[139.73597,35.76418],[139.73635,35.76338],[139.73681,35.76256],[139.7372,35.76183],[139.73733,35.76156],[139.7374,35.76135],[139.73745,35.76095],[139.73745,35.76028],[139.73742,35.75929],[139.73733,35.75834],[139.73728,35.7578],[139.73722,35.75628],[139.73716,35.75546],[139.73716,35.75514],[139.73719,35.75487],[139.73725,35.75458],[139.73734,35.75432],[139.73745,35.75411],[139.73762,35.75382],[139.73774,35.75363],[139.73779,35.75355],[139.73783,35.75343],[139.73783,35.75323],[139.73763,35.75302],[139.73742,35.7524],[139.73744,35.75219],[139.73779,35.75075],[139.73802,35.75011],[139.73822,35.74972],[139.73844,35.74939],[139.73893,35.74885],[139.73918,35.74861],[139.7398,35.74808],[139.74055,35.74753],[139.74156,35.74666],[139.74189,35.74632],[139.74263,35.74557],[139.74291,35.74526],[139.74314,35.74501],[139.74351,35.74479],[139.74423,35.7445],[139.74503,35.7442],[139.74579,35.74373],[139.74627,35.74352],[139.74648,35.74343],[139.74677,35.74327],[139.74711,35.7431],[139.74722,35.74285],[139.74744,35.74159],[139.74742,35.74131],[139.74677,35.73974],[139.74668,35.73955],[139.74619,35.73847],[139.74617,35.73817],[139.74624,35.73777],[139.7466,35.73648],[139.74677,35.73622],[139.74719,35.73533],[139.74768,35.73448],[139.74829,35.73364],[139.74838,35.73352],[139.74866,35.73315],[139.7487,35.7331],[139.74904,35.73271],[139.74981,35.73184],[139.75045,35.73112],[139.75058,35.73099],[139.75075,35.7308],[139.75086,35.73066],[139.75099,35.73049],[139.75118,35.73018],[139.75157,35.72941],[139.75193,35.72865],[139.75203,35.72845],[139.75233,35.72789],[139.75253,35.7276],[139.75287,35.72715],[139.75312,35.72685],[139.75333,35.72659],[139.7534,35.72649],[139.75342,35.7264],[139.75352,35.72593],[139.7536,35.72553],[139.75366,35.72517],[139.75378,35.72451],[139.75397,35.72356],[139.75401,35.72338],[139.75407,35.72321],[139.75416,35.72303],[139.75418,35.72298],[139.75462,35.72233],[139.7548,35.72207],[139.7556,35.72104],[139.75606,35.72048],[139.75616,35.72036],[139.75697,35.71944],[139.75727,35.71908],[139.7574,35.71893],[139.7577,35.7185],[139.75785,35.71821],[139.75797,35.71788],[139.75824,35.71704],[139.75826,35.71678],[139.75816,35.71622],[139.75804,35.71587],[139.75777,35.71549],[139.75739,35.71499],[139.75731,35.71461],[139.75724,35.71447],[139.75709,35.71381],[139.757,35.71361],[139.75636,35.7129],[139.75541,35.71198],[139.75496,35.71165],[139.75448,35.71145],[139.75385,35.71138],[139.75334,35.71132],[139.7529,35.7112],[139.75248,35.71098],[139.75208,35.71057],[139.75179,35.71008],[139.75181,35.70977],[139.7518,35.70928],[139.75179,35.7085],[139.75177,35.7075],[139.75176,35.70734],[139.75176,35.70699],[139.7517,35.70588],[139.7516,35.70438],[139.75143,35.70403],[139.75116,35.70376],[139.75074,35.70349],[139.75024,35.70334],[139.74934,35.70325],[139.74863,35.7033],[139.74763,35.70335],[139.74735,35.70334],[139.74712,35.70331],[139.74677,35.70328],[139.74654,35.70324],[139.74577,35.70304],[139.74502,35.70284],[139.74479,35.70278],[139.74454,35.70262],[139.74398,35.70198],[139.74384,35.70177],[139.74372,35.7016],[139.74356,35.70136],[139.74318,35.70074],[139.74302,35.70036],[139.74284,35.69982],[139.74282,35.69979],[139.74254,35.69943],[139.74145,35.69818],[139.74142,35.69814],[139.74039,35.69707],[139.73999,35.69669],[139.73973,35.69651],[139.73945,35.69626],[139.73895,35.69576],[139.73857,35.69533],[139.73766,35.69417],[139.73693,35.69336],[139.73633,35.69287],[139.73491,35.6917],[139.73415,35.69121],[139.73381,35.69103],[139.73339,35.6908],[139.73229,35.69018],[139.73153,35.68966],[139.73104,35.68917],[139.73058,35.68856],[139.7303,35.68799],[139.73009,35.6874],[139.72999,35.68712],[139.72957,35.68578],[139.72942,35.68503],[139.72937,35.68462],[139.72935,35.68415],[139.72941,35.68362],[139.72961,35.68313],[139.72983,35.68279],[139.73016,35.68238],[139.73033,35.68227],[139.73049,35.68216],[139.73081,35.68194],[139.73145,35.68147],[139.73159,35.68137],[139.73178,35.68122],[139.73223,35.68087],[139.73253,35.68059],[139.73288,35.68023],[139.73295,35.68015],[139.73329,35.67976],[139.73366,35.67939],[139.73407,35.67918],[139.7346,35.67899],[139.73535,35.67888],[139.73594,35.6789],[139.73691,35.67896],[139.73755,35.67891],[139.73822,35.67878],[139.73906,35.6785],[139.73918,35.67844],[139.73943,35.67832],[139.7403,35.67778],[139.74061,35.67756],[139.74104,35.67715],[139.74128,35.67683],[139.74134,35.67652],[139.74135,35.67584],[139.74133,35.67443],[139.74128,35.67262],[139.74126,35.67175],[139.74142,35.66991],[139.74144,35.66978],[139.7414,35.66951],[139.7413,35.66932],[139.74116,35.66912],[139.74065,35.66859],[139.74015,35.66809],[139.73961,35.66748],[139.73939,35.66712],[139.73928,35.66687],[139.73919,35.66667],[139.73909,35.6662],[139.73902,35.66579],[139.73878,35.66436],[139.7385,35.66309],[139.73833,35.6624],[139.73811,35.66182],[139.73801,35.66153],[139.73783,35.66116],[139.73691,35.65985],[139.73669,35.65948],[139.73653,35.6591],[139.73645,35.65875],[139.73638,35.65826],[139.73637,35.658],[139.73684,35.65693],[139.7371,35.65628],[139.73717,35.65598],[139.73715,35.65554],[139.73694,35.65408],[139.73678,35.65327],[139.73666,35.65262],[139.73663,35.65223],[139.73673,35.65145],[139.73681,35.65059],[139.73681,35.65021],[139.73679,35.64965],[139.73675,35.64906],[139.7367,35.64874],[139.73656,35.64814],[139.73637,35.64743],[139.73607,35.64642],[139.73585,35.64594],[139.7356,35.64549],[139.73524,35.64483],[139.735,35.6444],[139.73469,35.64385],[139.73388,35.64244],[139.73327,35.64119],[139.73305,35.64077],[139.7329,35.64061],[139.73267,35.64048],[139.73256,35.64042],[139.73242,35.64037],[139.73226,35.64034],[139.73197,35.64031],[139.73133,35.64025],[139.73081,35.64019],[139.73051,35.64015],[139.73028,35.64007],[139.73001,35.63996],[139.72976,35.63983],[139.72848,35.63902],[139.72777,35.63862],[139.72671,35.63814],[139.72501,35.6374],[139.72456,35.63721],[139.72276,35.63643],[139.72142,35.6357],[139.72116,35.63556],[139.72088,35.63544],[139.72071,35.63541],[139.72051,35.63538],[139.72009,35.63538],[139.71961,35.63537],[139.71891,35.63537],[139.71841,35.63533],[139.71796,35.63528],[139.71774,35.63526],[139.7174,35.63523],[139.71692,35.63516],[139.71675,35.63513],[139.71651,35.63506],[139.71634,35.63499],[139.71612,35.63491],[139.71586,35.63477],[139.71564,35.63461],[139.71555,35.6345],[139.71546,35.63434],[139.7154,35.63419],[139.71538,35.63408],[139.71532,35.63377],[139.71534,35.63352],[139.71542,35.6332],[139.7159,35.63177]]}},{"type":"Feature","properties":{"line_name":"副都心線"},"geometry":{"type":"LineString","coordinates":[[139.702926,35.658263],[139.702524,35.659078],[139.702303,35.659955],[139.702274,35.660867],[139.702051,35.663576],[139.70231,35.66421],[139.7028,35.66495],[139.7046,35.66734],[139.70507,35.66796],[139.70545,35.6685],[139.70588,35.66907],[139.70669,35.67014],[139.70814,35.672],[139.70821,35.67231],[139.70812,35.67272],[139.70774,35.67355],[139.70675,35.67516],[139.70624,35.67723],[139.70614,35.6775],[139.70606,35.67774],[139.70473,35.67947],[139.70458,35.68001],[139.70464,35.68313],[139.7046,35.6836],[139.70411,35.68416],[139.70381,35.68463],[139.70308,35.68731],[139.70292,35.68791],[139.70464,35.6904],[139.70556,35.6919],[139.70673,35.6939],[139.70687,35.69484],[139.70745,35.69779],[139.70801,35.70066],[139.70823,35.70187],[139.70864,35.70407],[139.70897,35.70668],[139.70918,35.70838],[139.70933,35.70892],[139.71041,35.71266],[139.71126,35.7141],[139.71385,35.71901],[139.71558,35.72139],[139.71719,35.72359],[139.71735,35.72395],[139.71735,35.72557],[139.71723,35.72662],[139.71705,35.72703],[139.71681,35.72727],[139.71616,35.72768],[139.71387,35.72911],[139.71213267,35.72993621],[139.710009,35.73066075],[139.70889,35.73118],[139.70655,35.73178],[139.70548,35.73212],[139.70509,35.73228],[139.70439,35.73263],[139.70374,35.7328],[139.70313,35.7328],[139.70163,35.73276],[139.70077,35.73282],[139.6996,35.73301],[139.69736,35.73342],[139.69669,35.73355],[139.69606,35.73371],[139.69542,35.73396],[139.69465,35.73429],[139.69414,35.73462],[139.69332,35.73527],[139.69129,35.73677],[139.69029,35.73751],[139.68851,35.73884],[139.68761,35.73944],[139.68717,35.73974],[139.68643,35.74016],[139.68626,35.74024],[139.68545,35.74063],[139.68182,35.74228],[139.68059,35.74288],[139.68054,35.74291],[139.6785,35.74388]]}},{"type":"Feature","properties":{"line_name":"浅草線"},"geometry":{"type":"LineString","coordinates":[[139.81324,35.71072],[139.81158,35.70972],[139.81051,35.7091],[139.80989,35.70889],[139.80937,35.70887],[139.80848,35.70883],[139.80728,35.70875],[139.8068,35.70872],[139.80559,35.70866],[139.80544,35.70865],[139.8043,35.70859],[139.80368,35.70854],[139.8032,35.70851],[139.80221,35.70847],[139.80116,35.70898],[139.79977,35.70957],[139.79912,35.70972],[139.7987,35.70976],[139.79853,35.70977],[139.79785,35.70969],[139.79744,35.70959],[139.79725,35.70949],[139.79594,35.70849],[139.79551,35.70787],[139.79518,35.70738],[139.79488,35.70699],[139.79443,35.70642],[139.79369,35.70561],[139.79322,35.70513],[139.79261,35.70461],[139.79191,35.70403],[139.7917,35.70387],[139.79141,35.70361],[139.79135,35.70356],[139.7912,35.70344],[139.7903,35.70268],[139.7898,35.70235],[139.78954,35.70211],[139.78917,35.70158],[139.78876,35.70101],[139.78822,35.70023],[139.78791,35.69978],[139.78752,35.69923],[139.78734,35.69895],[139.78724,35.69881],[139.787,35.69844],[139.78693,35.69834],[139.78598,35.69687],[139.78592,35.69676],[139.78568,35.6963],[139.78557,35.69604],[139.78548,35.69578],[139.78541,35.69557],[139.78535,35.69541],[139.78531,35.69531],[139.78524,35.69483],[139.78516,35.69433],[139.78513,35.69413],[139.78499,35.69315],[139.78497,35.69304],[139.7849,35.69258],[139.78487,35.69239],[139.78482,35.69206],[139.78471,35.6913],[139.78467,35.69104],[139.78466,35.69075],[139.78463,35.69052],[139.78473,35.6904],[139.78479,35.69026],[139.78514,35.68968],[139.78503,35.68892],[139.78475,35.68816],[139.7845,35.68785],[139.78443,35.6878],[139.78331,35.68706],[139.78276,35.6867],[139.78268,35.68665],[139.78263,35.68662],[139.78178,35.68611],[139.78171,35.68608],[139.781,35.68572],[139.78084,35.68564],[139.78057,35.68548],[139.78014,35.68531],[139.77891,35.68491],[139.77825,35.6846],[139.77774,35.68425],[139.77699,35.68359],[139.7769,35.68343],[139.77669,35.68309],[139.77607,35.68209],[139.77583,35.68169],[139.77574,35.68155],[139.77547,35.68109],[139.7752,35.68065],[139.77511,35.68052],[139.77476,35.67995],[139.77468,35.67984],[139.77455,35.6796],[139.77429,35.67917],[139.77381,35.67839],[139.77362,35.67808],[139.77328,35.67753],[139.7729,35.67693],[139.77252,35.67635],[139.77242,35.67617],[139.7722,35.67586],[139.77215,35.67578],[139.77188,35.67535],[139.77181,35.67517],[139.7716,35.67491],[139.77147,35.6747],[139.77132,35.67442],[139.77092,35.67379],[139.77048,35.6732],[139.76981,35.67249],[139.76922,35.67191],[139.76877,35.67136],[139.7685,35.67105],[139.76829,35.67085],[139.7678,35.6703],[139.76744,35.66991],[139.76732,35.66979],[139.7671,35.66959],[139.7668,35.66931],[139.76645,35.66901],[139.76631,35.66889],[139.76576,35.66843],[139.76415,35.66711],[139.76342,35.66673],[139.76334,35.6667],[139.76287,35.66652],[139.76235,35.66645],[139.76207,35.66645],[139.7619,35.66646],[139.76172,35.66647],[139.76104,35.66654],[139.76086,35.66659],[139.76061,35.66666],[139.76049,35.66671],[139.75978,35.66583],[139.75947,35.66544],[139.7592,35.66514],[139.75888,35.66476],[139.75852,35.66432],[139.75831,35.66407],[139.75827,35.66402],[139.75764,35.66323],[139.75755,35.66312],[139.75744,35.66299],[139.75702,35.66246],[139.75634,35.66164],[139.75571,35.66088],[139.75525,35.66032],[139.75519,35.66019],[139.75517,35.66006],[139.75501,35.65897],[139.75498,35.65877],[139.75497,35.6587],[139.75484,35.65782],[139.75483,35.65775],[139.75481,35.65761],[139.75479,35.65752],[139.75477,35.65738],[139.75471,35.65694],[139.75468,35.65678],[139.75466,35.65659],[139.75459,35.65591],[139.75455,35.65562],[139.75451,35.65539],[139.7544,35.65471],[139.75425,35.65368],[139.75423,35.65359],[139.75423,35.65354],[139.7541,35.65275],[139.75409,35.65265],[139.75407,35.65238],[139.75401,35.65181],[139.75388,35.65121],[139.75385,35.65111],[139.75382,35.65103],[139.75359,35.65042],[139.75355,35.65031],[139.75351,35.6502],[139.7532,35.64933],[139.75308,35.64912],[139.75295,35.64897],[139.75286,35.64893],[139.75214,35.64874],[139.75187,35.64866],[139.75131,35.6485],[139.75107,35.64843],[139.7506,35.6483],[139.75043,35.64824],[139.7503,35.6482],[139.75015,35.64815],[139.7496,35.64799],[139.74914,35.64776],[139.74902,35.64771],[139.74881,35.6476],[139.74814,35.64731],[139.74723,35.64689],[139.74714,35.64685],[139.74704,35.64679],[139.74677,35.64667],[139.74669,35.64662],[139.74616,35.64631],[139.74431,35.64518],[139.74345,35.64456],[139.74309,35.64419],[139.74266,35.6437],[139.74228,35.64301],[139.74114,35.64082],[139.74048,35.63955],[139.74008,35.6388],[139.73938,35.63746],[139.73879,35.63584],[139.7384,35.63483],[139.73743,35.63373],[139.73731,35.63359],[139.73691,35.63324],[139.73659,35.63303],[139.73636,35.63286],[139.73602,35.63276],[139.73543,35.63265],[139.73495,35.63262],[139.73454,35.63264],[139.73378,35.63269],[139.73323,35.63267],[139.73269,35.63263],[139.73225,35.63259],[139.73166,35.63241],[139.73098,35.63214],[139.73017,35.63152],[139.72987,35.6313],[139.72975,35.63122],[139.72848,35.63022],[139.72693,35.62932],[139.72578,35.62836],[139.7248,35.62752],[139.72357,35.6267],[139.72226,35.62577],[139.72185,35.62542],[139.72157,35.62499],[139.7208,35.62336],[139.71953,35.62089],[139.71848,35.61885],[139.71808,35.61808],[139.7176,35.61716],[139.71664,35.61511],[139.71611,35.61374],[139.71502,35.61081],[139.71464,35.60979],[139.71435,35.60899],[139.71374,35.60593],[139.71344,35.60442],[139.7131,35.6028],[139.7127,35.60076],[139.71266,35.60053],[139.71199,35.59714],[139.71181,35.59621],[139.71171,35.59575],[139.71126,35.59395],[139.71116,35.59376],[139.71108,35.59366],[139.71026,35.59256],[139.70679,35.58793],[139.70585,35.58668],[139.70583,35.58658]]}},{"type":"Feature","properties":{"line_name":"三田線"},"geometry":{"type":"LineString","coordinates":[[139.64455,35.7921],[139.64682,35.79169],[139.64694,35.79166],[139.64795,35.79146],[139.64884,35.79128],[139.64976,35.7911],[139.65076,35.79091],[139.65164,35.79074],[139.65233,35.79061],[139.65317,35.79044],[139.65337,35.7904],[139.65529,35.79004],[139.65539,35.79002],[139.6559,35.78992],[139.65731,35.78966],[139.65857,35.78945],[139.65956,35.78927],[139.66023,35.78913],[139.66035,35.78912],[139.66224,35.78875],[139.66232,35.78874],[139.66373,35.78842],[139.66482,35.7882],[139.66593,35.78799],[139.66704,35.78775],[139.6676,35.78764],[139.66782,35.7876],[139.66833,35.78747],[139.66844,35.78745],[139.66908,35.78737],[139.6716,35.78718],[139.67169,35.78717],[139.67367,35.78699],[139.67381,35.78697],[139.67523,35.78685],[139.67593,35.78679],[139.67693,35.78667],[139.67741,35.78662],[139.67778,35.78655],[139.67797,35.78649],[139.67822,35.78642],[139.67846,35.78629],[139.67863,35.78617],[139.67876,35.78606],[139.67898,35.78578],[139.67907,35.78553],[139.67913,35.78534],[139.67914,35.78511],[139.67914,35.78477],[139.67914,35.78469],[139.67898,35.78342],[139.67893,35.78326],[139.67895,35.78295],[139.67898,35.78258],[139.67908,35.7822],[139.67912,35.78201],[139.67932,35.78157],[139.67954,35.78117],[139.68023,35.78021],[139.68059,35.77966],[139.681,35.77906],[139.68134,35.77861],[139.6818,35.77802],[139.682,35.77778],[139.68219,35.77763],[139.6824,35.77746],[139.68268,35.77731],[139.68305,35.77715],[139.68325,35.7771],[139.68349,35.77707],[139.68375,35.77705],[139.68401,35.77707],[139.68447,35.77714],[139.68478,35.77721],[139.68499,35.77726],[139.68673,35.77767],[139.6868,35.7777],[139.68715,35.7778],[139.68804,35.77805],[139.68889,35.77828],[139.68956,35.77848],[139.68984,35.77854],[139.69012,35.77858],[139.69043,35.7786],[139.69088,35.77858],[139.69121,35.77856],[139.69152,35.7785],[139.69179,35.77844],[139.69199,35.77838],[139.69214,35.77832],[139.69268,35.77817],[139.69298,35.77803],[139.69337,35.77773],[139.69378,35.77731],[139.69416,35.7769],[139.6953,35.77578],[139.69583,35.77532],[139.69631,35.775],[139.69677,35.77468],[139.69715,35.77434],[139.69761,35.77389],[139.69849,35.77305],[139.69928,35.77225],[139.6998,35.7717],[139.70034,35.77113],[139.70078,35.77065],[139.70133,35.77003],[139.70169,35.7696],[139.70253,35.76837],[139.70297,35.76763],[139.70338,35.76689],[139.7035,35.76658],[139.70404,35.7652],[139.7044,35.76431],[139.70498,35.76282],[139.70525,35.76206],[139.70546,35.76148],[139.70575,35.76072],[139.70628,35.7594],[139.7067,35.7583],[139.707,35.75749],[139.70725,35.75688],[139.70738,35.75653],[139.70787,35.75526],[139.70866,35.75323],[139.70881,35.75249],[139.70893,35.75219],[139.70946,35.75179],[139.71065,35.75082],[139.71125,35.75032],[139.71198,35.74975],[139.71254,35.74957],[139.71337,35.74945],[139.71496,35.74925],[139.71676,35.74909],[139.71848,35.74893],[139.72025,35.74875],[139.72133,35.74866],[139.72182,35.74852],[139.72201,35.74841],[139.7237,35.74732],[139.72569,35.74603],[139.72696,35.74522],[139.72739,35.74479],[139.72777,35.74441],[139.72814,35.74404],[139.72931,35.74279],[139.73063,35.74138],[139.73218,35.73972],[139.73345,35.73839],[139.73581,35.73587],[139.73691,35.7347],[139.73742,35.73426],[139.73865,35.7333],[139.7395,35.7326],[139.74131,35.73107],[139.74157,35.73082],[139.74282,35.72962],[139.74409,35.72845],[139.7454,35.72748],[139.74621,35.727],[139.74677,35.72673],[139.74741,35.72634],[139.74746,35.72631],[139.74798,35.72598],[139.74844,35.7257],[139.74855,35.72564],[139.74889,35.72545],[139.74928,35.72522],[139.74982,35.72499],[139.75129,35.72455],[139.75159,35.7244],[139.75186,35.72404],[139.7523,35.7231],[139.75257,35.72225],[139.75249,35.72204],[139.75247,35.72198],[139.75193,35.72063],[139.7517,35.72008],[139.75169,35.72005],[139.75137,35.71912],[139.75141,35.71887],[139.75143,35.71876],[139.75158,35.71797],[139.75161,35.71781],[139.75163,35.71769],[139.75166,35.71752],[139.75171,35.71725],[139.75184,35.71655],[139.75191,35.71617],[139.75194,35.71604],[139.75198,35.71576],[139.75202,35.71553],[139.75203,35.71546],[139.75209,35.71517],[139.7521,35.71508],[139.75213,35.71496],[139.75221,35.71454],[139.75237,35.71365],[139.75242,35.71342],[139.75249,35.7131],[139.75259,35.71261],[139.75287,35.71137],[139.75289,35.71126],[139.7529,35.7112],[139.75297,35.71097],[139.75302,35.71077],[139.75313,35.71035],[139.75323,35.70997],[139.75329,35.70977],[139.75347,35.70913],[139.75357,35.7088],[139.75364,35.70847],[139.75374,35.70824],[139.75406,35.70714],[139.75457,35.70544],[139.7546,35.70532],[139.75483,35.70459],[139.7549,35.70435],[139.75507,35.70381],[139.7553,35.70308],[139.75541,35.70269],[139.75547,35.70241],[139.75559,35.70211],[139.7556,35.70206],[139.75568,35.70169],[139.75559,35.70122],[139.75553,35.7009],[139.75612,35.69986],[139.75683,35.69858],[139.75725,35.69787],[139.75781,35.69686],[139.75793505,35.69657219],[139.75807187,35.69615578],[139.7581611,35.69578102],[139.75845854,35.69427006],[139.7586132,35.69338371],[139.7588214,35.6929673],[139.75908314,35.69269961],[139.75943412,35.69247357],[139.76048108,35.69182516],[139.76122942,35.69137901],[139.76208602,35.69090074],[139.76287838,35.69059379],[139.76336379,35.69034395],[139.76367075,35.69014407],[139.76389204,35.68992278],[139.76400625,35.68970149],[139.76414902,35.68934457],[139.76404313,35.68881967],[139.76387657,35.68826049],[139.76362673,35.6873444],[139.76341257,35.68665436],[139.76286,35.6849],[139.76236,35.68324],[139.76214,35.6825],[139.76182,35.68162],[139.76102,35.67914],[139.7604,35.67735],[139.75989,35.67589],[139.75973,35.67534],[139.75969,35.67523],[139.75952,35.67502],[139.75916,35.67466],[139.75883,35.67433],[139.75755,35.6731],[139.7568,35.67186],[139.75631,35.67106],[139.75618,35.67076],[139.75611,35.67063],[139.75595,35.67036],[139.75583,35.67015],[139.75569,35.66991],[139.75567,35.66983],[139.75554,35.66958],[139.7555,35.6695],[139.75533,35.66918],[139.75501,35.66852],[139.755,35.6685],[139.75467,35.66778],[139.75427,35.66694],[139.75426,35.6669],[139.75367,35.66563],[139.75317,35.66457],[139.75287,35.66392],[139.75278,35.66373],[139.75243,35.66293],[139.75201,35.66207],[139.75183,35.66169],[139.75149,35.66096],[139.75114,35.66028],[139.75079,35.65955],[139.75071,35.6594],[139.75046,35.65884],[139.75034,35.6577],[139.75028,35.65725],[139.75021,35.6566],[139.75014,35.65619],[139.74995,35.655],[139.7499,35.65468],[139.74983,35.65416],[139.74982,35.65411],[139.7498,35.65397],[139.74961,35.65275],[139.74958,35.65255],[139.74948,35.65189],[139.7494,35.65145],[139.74932,35.65094],[139.74925,35.65054],[139.74918,35.65001],[139.74897,35.64869],[139.74892,35.64837],[139.74881,35.6476],[139.74814,35.64731],[139.74677,35.64726],[139.74506,35.64722],[139.74438,35.64721],[139.74405,35.64722],[139.74378,35.64729],[139.74361,35.64736],[139.74285,35.64769],[139.74254,35.64782],[139.74229,35.64787],[139.74215,35.6479],[139.74149,35.6479],[139.74121,35.64788],[139.74097,35.64784],[139.74047,35.64769],[139.7401,35.64756],[139.73962,35.64733],[139.7392,35.6471],[139.73879,35.64686],[139.73845,35.64671],[139.73794,35.64651],[139.7374,35.64633],[139.73721,35.64627],[139.73684,35.64615],[139.73652,35.64599],[139.73646,35.64596],[139.7356,35.64549],[139.73524,35.64483],[139.735,35.6444],[139.73469,35.64385],[139.73388,35.64244],[139.73327,35.64119],[139.73305,35.64077],[139.7329,35.64061],[139.73267,35.64048],[139.73256,35.64042],[139.73242,35.64037],[139.73226,35.64034],[139.73197,35.64031],[139.73133,35.64025],[139.73081,35.64019],[139.73051,35.64015],[139.73028,35.64007],[139.73001,35.63996],[139.72976,35.63983],[139.72848,35.63902],[139.72777,35.63862],[139.72671,35.63814],[139.72501,35.6374],[139.72456,35.63721],[139.72276,35.63643],[139.72142,35.6357],[139.72116,35.63556],[139.72088,35.63544],[139.72071,35.63541],[139.72051,35.63538],[139.72009,35.63538],[139.71961,35.63537],[139.71891,35.63537],[139.71841,35.63533],[139.71796,35.63528],[139.71774,35.63526],[139.7174,35.63523],[139.71692,35.63516],[139.71675,35.63513],[139.71651,35.63506],[139.71634,35.63499],[139.71612,35.63491],[139.71586,35.63477],[139.71564,35.63461],[139.71555,35.6345],[139.71546,35.63434],[139.7154,35.63419],[139.71538,35.63408],[139.71532,35.63377],[139.71534,35.63352],[139.71542,35.6332],[139.7159,35.63177]]}},{"type":"Feature","properties":{"line_name":"新宿線"},"geometry":{"type":"LineString","coordinates":[[139.92749,35.72407],[139.92627,35.72263],[139.92489,35.72079],[139.92253,35.71783],[139.92157,35.71668],[139.92111,35.71628],[139.92082,35.71602],[139.92003,35.71546],[139.91903,35.71496],[139.91722,35.71426],[139.91576,35.71363],[139.91418,35.71277],[139.91288,35.71204],[139.91186,35.71139],[139.91109,35.7109],[139.90745,35.7086],[139.90532,35.70735],[139.90474,35.70697],[139.90459,35.70681],[139.90318,35.70543],[139.90254,35.70458],[139.90232,35.70414],[139.90208,35.70319],[139.90196,35.7025],[139.90173,35.7012],[139.90131,35.69926],[139.90103,35.69836],[139.89956,35.69596],[139.89831,35.6941],[139.89731,35.69268],[139.89673,35.69187],[139.89583,35.69061],[139.89476,35.68958],[139.89415,35.68903],[139.89391,35.68881],[139.89306,35.68831],[139.89122,35.68747],[139.89044,35.68715],[139.88954,35.68689],[139.88866,35.68668],[139.88574,35.68629],[139.8839,35.68608],[139.88188,35.6858],[139.87964,35.68552],[139.87176,35.68444],[139.87047,35.68425],[139.86937,35.68411],[139.8674,35.68395],[139.86498,35.68383],[139.86487,35.68382],[139.86284,35.68375],[139.86272,35.68376],[139.86237,35.68377],[139.86189,35.68383],[139.86142,35.68394],[139.86073,35.68415],[139.8587,35.68503],[139.85715,35.6857],[139.85229,35.68777],[139.85057,35.68853],[139.849,35.68923],[139.84892,35.68926],[139.84781,35.68974],[139.84756,35.68985],[139.8465,35.69015],[139.84561,35.69032],[139.8451,35.69038],[139.84452,35.69035],[139.84216,35.69015],[139.84106,35.69004],[139.83935,35.68997],[139.83867,35.69007],[139.83779,35.69009],[139.83676,35.68999],[139.8357,35.68989],[139.83522,35.68985],[139.83515,35.68984],[139.83425,35.68975],[139.8338,35.68971],[139.8335,35.68968],[139.83338,35.68966],[139.83214,35.68956],[139.83053,35.68941],[139.82972,35.68935],[139.829,35.68928],[139.82864,35.68928],[139.82791,35.68932],[139.82728,35.68933],[139.82625,35.68936],[139.82536,35.68934],[139.82512,35.68934],[139.82298,35.68926],[139.82054,35.68916],[139.81987,35.68914],[139.81942,35.68912],[139.81889,35.68909],[139.81666,35.689],[139.81637,35.68898],[139.81564,35.68895],[139.81483,35.6889],[139.81452,35.68889],[139.81355,35.68884],[139.81261,35.6888],[139.81185,35.68877],[139.8117,35.68876],[139.81072,35.68871],[139.80985,35.68866],[139.80957,35.68865],[139.80902,35.68862],[139.80875,35.6886],[139.8084,35.68857],[139.80708,35.68848],[139.80606,35.6884],[139.80517,35.68834],[139.80483,35.68832],[139.80471,35.68831],[139.80339,35.68824],[139.80209,35.68818],[139.80109,35.68814],[139.80074,35.68813],[139.80025,35.6881],[139.79929,35.68807],[139.79919,35.68807],[139.79818,35.68805],[139.79734,35.68804],[139.7972,35.68804],[139.79674,35.68803],[139.79648,35.68803],[139.79641,35.68803],[139.79515,35.68802],[139.79411,35.688],[139.79362,35.688],[139.79336,35.68798],[139.79276,35.68797],[139.79157,35.68806],[139.79133,35.68807],[139.78989,35.68825],[139.78898,35.68839],[139.78727,35.68879],[139.78676,35.68904],[139.78573,35.68968],[139.78473,35.6904],[139.78463,35.69052],[139.78434,35.69077],[139.78403,35.69103],[139.78369,35.69134],[139.78334,35.69163],[139.783,35.69194],[139.78261,35.69228],[139.78227,35.69258],[139.78216,35.69268],[139.78186,35.69294],[139.78121,35.6935],[139.78109,35.6936],[139.78063,35.69401],[139.78003,35.69447],[139.77912,35.69504],[139.77854,35.69542],[139.7777,35.69546],[139.77724,35.69548],[139.77714,35.69548],[139.77655,35.6955],[139.77626,35.69553],[139.77602,35.69553],[139.77552,35.69556],[139.77513,35.69558],[139.77469,35.69559],[139.77411,35.69562],[139.77363,35.69564],[139.77303,35.69567],[139.77178,35.69574],[139.7708,35.69579],[139.77047,35.69581],[139.76991,35.69585],[139.7696,35.69587],[139.76856,35.69589],[139.76794,35.69563],[139.76788,35.69561],[139.76746,35.69544],[139.76639,35.69504],[139.76614,35.69493],[139.76584,35.69482],[139.7653,35.69462],[139.76489,35.69451],[139.76441,35.69443],[139.76399,35.69438],[139.76376,35.69438],[139.76348,35.69439],[139.76314,35.69442],[139.76291,35.69445],[139.7627,35.69455],[139.76253,35.69466],[139.76225,35.69486],[139.76146,35.69549],[139.76133,35.69556],[139.76093,35.69584],[139.76069,35.69599],[139.76044,35.69606],[139.75961,35.69606],[139.75923,35.69606],[139.75912,35.69606],[139.7580105,35.69598749],[139.75685409,35.69594942],[139.75544045,35.6960189],[139.75384145,35.69591897],[139.75219,35.69575],[139.75215,35.69569],[139.7514,35.69554],[139.75008,35.69533],[139.75003,35.69539],[139.74886,35.69518],[139.74677,35.69453],[139.74631,35.6944],[139.74539,35.69412],[139.74488,35.69391],[139.74445,35.69374],[139.74421,35.69356],[139.74163,35.69269],[139.74005,35.69221],[139.73828,35.69171],[139.73649,35.6912],[139.73608,35.69106],[139.7359,35.69101],[139.73542,35.69086],[139.7349,35.69076],[139.7347,35.69075],[139.73448,35.69079],[139.73399,35.69097],[139.73381,35.69103],[139.73306,35.69126],[139.73266,35.69132],[139.73166,35.69118],[139.73076,35.69111],[139.72974,35.69112],[139.72869,35.69117],[139.72797,35.69129],[139.72736,35.69146],[139.72632,35.69193],[139.72588,35.69208],[139.72485,35.69221],[139.72357,35.6923],[139.72159,35.69236],[139.72123,35.69229],[139.72062,35.69213],[139.71849,35.69152],[139.71836,35.69149],[139.71744,35.69124],[139.71702,35.6912],[139.71649,35.69124],[139.71578,35.69137],[139.71516,35.69136],[139.7141,35.69119],[139.71353,35.6912],[139.71277,35.69123],[139.711,35.69145],[139.70969,35.6916],[139.70914,35.69159],[139.70827,35.69139],[139.70749,35.69114],[139.70558,35.69054],[139.70556,35.69053],[139.70504,35.69033],[139.70375,35.68982],[139.70326,35.68962],[139.70266,35.6895],[139.7006,35.6891],[139.69997,35.68897],[139.69985,35.68893],[139.69932,35.68871],[139.69791,35.68815]]}},{"type":"Feature","properties":{"line_name":"大江戸線"},"geometry":{"type":"LineString","coordinates":[[139.78479,35.66441],[139.78528,35.66476],[139.78586,35.6652],[139.78613,35.66541],[139.78624,35.66548],[139.78629,35.66553],[139.7871,35.66614],[139.78724,35.66626],[139.78741,35.66639],[139.78744,35.66641],[139.78875,35.66741],[139.78948,35.66796],[139.79089,35.66901],[139.7911,35.66916],[139.7913,35.66932],[139.79176,35.66969],[139.79179,35.66972],[139.79191,35.6698],[139.79208,35.66991],[139.79246,35.6702],[139.79321,35.67082],[139.79396,35.67147],[139.79425,35.6717],[139.79454,35.67201],[139.79479,35.6723],[139.7949,35.67243],[139.79511,35.67273],[139.79531,35.67306],[139.79542,35.67324],[139.79553,35.67342],[139.79566,35.67366],[139.79578,35.67394],[139.79591,35.67424],[139.79601,35.6746],[139.79612,35.67506],[139.79609,35.6756],[139.79632,35.67618],[139.79666,35.67663],[139.79705,35.67713],[139.79724,35.67737],[139.79742,35.67759],[139.79764,35.67786],[139.79797,35.67826],[139.79861,35.67906],[139.79893,35.67944],[139.79905,35.67962],[139.79907,35.67969],[139.79908,35.67981],[139.79906,35.68001],[139.79898,35.6807],[139.79876,35.68207],[139.79875,35.68222],[139.79872,35.68252],[139.79862,35.68322],[139.7986,35.68346],[139.79858,35.68367],[139.79854,35.68408],[139.7985,35.68453],[139.79847,35.68475],[139.79846,35.6849],[139.79842,35.68536],[139.79835,35.68606],[139.79831,35.68664],[139.79829,35.68685],[139.79826,35.68726],[139.79825,35.68737],[139.79818,35.68805],[139.79816,35.68848],[139.79814,35.68875],[139.79811,35.68899],[139.79809,35.6892],[139.79808,35.68935],[139.79802,35.69003],[139.79797,35.69048],[139.79794,35.69091],[139.79789,35.69134],[139.79785,35.69177],[139.79783,35.69193],[139.79779,35.6924],[139.79778,35.69257],[139.79774,35.69295],[139.7977,35.69341],[139.7977,35.69349],[139.79765,35.69402],[139.7976,35.69459],[139.79757,35.69499],[139.79757,35.69506],[139.79749,35.69603],[139.79742,35.69692],[139.79737,35.69751],[139.79734,35.69789],[139.79727,35.69862],[139.79719,35.69957],[139.79713,35.70023],[139.79709,35.70071],[139.79704,35.70125],[139.79703,35.70133],[139.79698,35.70192],[139.79692,35.70272],[139.79676,35.7035],[139.79644,35.70379],[139.79608,35.70395],[139.79571,35.70437],[139.79535,35.70472],[139.79525,35.70479],[139.79503,35.70494],[139.79469,35.70508],[139.79426,35.70513],[139.79322,35.70513],[139.793,35.70522],[139.79267,35.70535],[139.79256,35.70539],[139.79223,35.70552],[139.7918,35.70569],[139.7915,35.70578],[139.79127,35.70585],[139.79074,35.70605],[139.79002,35.70614],[139.78944,35.70621],[139.78893,35.70626],[139.78874,35.70628],[139.7885,35.7063],[139.788,35.70636],[139.78667,35.7065],[139.78618,35.70655],[139.78548,35.70663],[139.78493,35.70669],[139.78416,35.70677],[139.78358,35.70683],[139.78272,35.70692],[139.78234,35.70696],[139.78191,35.707],[139.78128,35.70707],[139.7811,35.70709],[139.7809,35.70711],[139.78036,35.70718],[139.77994,35.70722],[139.77935,35.70728],[139.77918,35.7073],[139.77874,35.70737],[139.77802,35.70744],[139.77755,35.70749],[139.77696,35.70756],[139.77643,35.70762],[139.77627,35.70763],[139.77612,35.70765],[139.77569,35.70769],[139.77531,35.70773],[139.77387,35.70788],[139.77365,35.7079],[139.77246,35.70802],[139.77233,35.70803],[139.77226,35.70804],[139.77147,35.70811],[139.77072,35.70817],[139.76992,35.70823],[139.76922,35.70827],[139.76844,35.7083],[139.76823,35.70827],[139.76797,35.70815],[139.76729,35.70779],[139.76708,35.70767],[139.76668,35.70753],[139.76628,35.70741],[139.76598,35.70736],[139.76573,35.70734],[139.76551,35.70734],[139.76502,35.70739],[139.7641,35.7075],[139.76368,35.70754],[139.7636,35.70754],[139.76309,35.70755],[139.7626,35.70756],[139.76196,35.70757],[139.76143,35.70758],[139.76106,35.70758],[139.76059,35.70758],[139.7598,35.70754],[139.75964,35.70753],[139.75831,35.70747],[139.75809,35.70747],[139.75702,35.70742],[139.75619,35.7074],[139.7561,35.70742],[139.75586,35.70745],[139.75551,35.70759],[139.75396,35.70838],[139.75364,35.70847],[139.75298,35.70849],[139.75179,35.7085],[139.75136,35.7085],[139.75031,35.7083],[139.7494,35.7078],[139.74888,35.70737],[139.7488,35.70727],[139.74838,35.70678],[139.74792,35.70598],[139.74759,35.70506],[139.74735,35.70424],[139.74723,35.70398],[139.74698,35.70366],[139.74677,35.70349],[139.74646,35.70335],[139.74571,35.70309],[139.74503,35.70285]]}},{"type":"Feature","properties":{"line_name":"日暮里・舎人ライナー"},"geometry":{"type":"LineString","coordinates":[[139.77072,35.81479],[139.77068,35.81442],[139.77061,35.81376],[139.77041,35.81267],[139.77007,35.81128],[139.7701,35.80815],[139.77013,35.80594],[139.77014,35.8055],[139.77019,35.80201],[139.77012,35.79712],[139.77012,35.79621],[139.7701,35.78893],[139.7701,35.78843],[139.7701,35.78584],[139.77014,35.78149],[139.77014,35.78083],[139.77016,35.77872],[139.77016,35.77666],[139.77032,35.77419],[139.77037,35.77338],[139.77039,35.77309],[139.77069,35.76867],[139.77075,35.76784],[139.77084,35.76452],[139.77086,35.76375],[139.77092,35.76283],[139.77104,35.76243],[139.77099,35.76022],[139.7709,35.75966],[139.77061,35.75766],[139.77024,35.75489],[139.77017,35.75438],[139.77001,35.75317],[139.77001,35.74902],[139.76997,35.74864],[139.76988,35.74785],[139.76983,35.74741],[139.76936,35.74542],[139.76916,35.74337],[139.7691,35.74275],[139.7688,35.73972],[139.76876,35.73903],[139.76858,35.73771],[139.76835,35.73584],[139.76817,35.7341],[139.76809,35.73327],[139.76809,35.73289],[139.76824,35.73269],[139.76974,35.73155],[139.77052,35.73092],[139.77193,35.72969],[139.77195,35.72951],[139.77184,35.72938],[139.77146,35.72905],[139.77086,35.72854]]}},{"type":"Feature","properties":{"line_name":"都電荒川線"},"geometry":{"type":"LineString","coordinates":[[139.79174,35.73209],[139.79127,35.73235],[139.7909,35.73255],[139.78984,35.73313],[139.78893,35.73362],[139.78868,35.73376],[139.7886,35.7338],[139.7885,35.73386],[139.78823,35.73395],[139.78754,35.73408],[139.78733,35.73415],[139.78717,35.73424],[139.78697,35.73438],[139.78666,35.73466],[139.78625,35.7351],[139.78617,35.73519],[139.78585,35.73554],[139.78516,35.73628],[139.78511,35.73635],[139.78493,35.73657],[139.78479,35.73679],[139.78475,35.73695],[139.78473,35.73717],[139.78472,35.73724],[139.78469,35.73837],[139.78469,35.73883],[139.78464,35.74139],[139.78444,35.74174],[139.78428,35.74187],[139.78417,35.74195],[139.78392,35.74205],[139.78283,35.74233],[139.78161,35.7426],[139.78088,35.74275],[139.78067,35.7428],[139.78055,35.74283],[139.78044,35.74285],[139.77989,35.74296],[139.77933,35.74309],[139.77856,35.74326],[139.77796,35.74339],[139.77789,35.7434],[139.77734,35.74353],[139.77692,35.74362],[139.77675,35.74368],[139.77665,35.74375],[139.7762,35.74408],[139.77572,35.7444],[139.77568,35.74442],[139.77552,35.74453],[139.77432,35.74532],[139.77405,35.74549],[139.77375,35.74569],[139.77365,35.74576],[139.7728,35.74628],[139.77266,35.74638],[139.77238,35.74664],[139.77206,35.74701],[139.772,35.74706],[139.77164,35.74748],[139.7715,35.74763],[139.77127,35.74788],[139.77062,35.74853],[139.7703,35.74878],[139.77003,35.74894],[139.76984,35.74905],[139.76976,35.74907],[139.76961,35.74912],[139.76955,35.74914],[139.76901,35.74922],[139.76871,35.74925],[139.76866,35.74925],[139.76831,35.74929],[139.76762,35.74946],[139.76659,35.7497],[139.76641,35.74974],[139.76589,35.74986],[139.76564,35.74991],[139.76531,35.74999],[139.76526,35.75],[139.76434,35.75021],[139.76388,35.75032],[139.76324,35.75041],[139.76317,35.75041],[139.76308,35.75041],[139.76255,35.75044],[139.76214,35.75047],[139.762,35.75048],[139.76147,35.7505],[139.76027,35.75055],[139.75947,35.75058],[139.75861,35.75061],[139.75789,35.75064],[139.75775,35.75064],[139.75741,35.75065],[139.7572,35.75066],[139.75679,35.75068],[139.75579,35.75072],[139.75513,35.75075],[139.75501,35.75076],[139.75474,35.75077],[139.75433,35.75079],[139.75356,35.75082],[139.7535,35.75083],[139.75305,35.75085],[139.75256,35.75087],[139.7524,35.75088],[139.75181,35.7509],[139.75169,35.7509],[139.7514,35.75092],[139.75078,35.75094],[139.75054,35.75095],[139.75006,35.75097],[139.74993,35.75098],[139.74984,35.75098],[139.74865,35.75103],[139.74784,35.75106],[139.74758,35.75107],[139.74702,35.75107],[139.74697,35.75107],[139.74677,35.75108],[139.74579,35.75104],[139.74483,35.75102],[139.74295,35.7509],[139.74251,35.75086],[139.74193,35.75082],[139.74096,35.75075],[139.74062,35.75077],[139.74051,35.75085],[139.7397,35.75151],[139.73917,35.75194],[139.73871,35.75236],[139.73846,35.75256],[139.73824,35.75274],[139.73798,35.75289],[139.73738,35.75295],[139.73712,35.75289],[139.73696,35.75283],[139.7367,35.75269],[139.73655,35.75257],[139.73645,35.75244],[139.73639,35.75228],[139.73638,35.75216],[139.73647,35.75197],[139.73663,35.75175],[139.73745,35.75069],[139.73752,35.75053],[139.7375,35.75035],[139.73743,35.75024],[139.73721,35.74989],[139.73686,35.74938],[139.7355,35.74742],[139.73533,35.74718],[139.7347,35.74627],[139.73443,35.74589],[139.73416,35.74558],[139.73373,35.74521],[139.73318,35.7448],[139.73297,35.74462],[139.73283,35.74443],[139.73254,35.74404],[139.73222,35.7436],[139.73192,35.74321],[139.73069,35.74161],[139.73046,35.74129],[139.73024,35.74092],[139.72964,35.73933],[139.72947,35.73892],[139.72931,35.73863],[139.729,35.73824],[139.72847,35.73763],[139.72778,35.73689],[139.72756,35.73665],[139.72745,35.73648],[139.7274,35.73631],[139.7274,35.73616],[139.72742,35.73602],[139.72778,35.73536],[139.72804,35.73496],[139.72897,35.73369],[139.72928,35.73315],[139.72953,35.73267],[139.72959,35.73241],[139.7296,35.73226],[139.72951,35.73179],[139.7294,35.73145],[139.72917,35.73115],[139.72902,35.73102],[139.72895,35.73094],[139.72887,35.73091],[139.72862,35.73093],[139.72831,35.73096],[139.72815,35.73094],[139.72794,35.73087],[139.72718,35.7305],[139.72623,35.73004],[139.72602,35.72989],[139.72498,35.72893],[139.72463,35.7286],[139.72415,35.72808],[139.72358,35.72736],[139.72308,35.7268],[139.7229,35.72662],[139.72263,35.7264],[139.72231,35.72619],[139.72112,35.72566],[139.72097,35.7256],[139.7205,35.7254],[139.71883,35.72472],[139.71838,35.7245],[139.7181,35.72433],[139.71779,35.72405],[139.71756,35.72382],[139.71577,35.72139],[139.71529,35.72076],[139.71502,35.7204],[139.71366,35.71842],[139.71344,35.71807],[139.71265,35.71645],[139.71241,35.71596],[139.71221,35.71554],[139.71195,35.71494],[139.71191,35.71479],[139.71189,35.71468],[139.71186,35.71451],[139.71188,35.71435],[139.71193,35.7142],[139.71201,35.71412],[139.71219,35.714],[139.7143,35.71292],[139.71443,35.7129],[139.71492,35.71281],[139.7151,35.71277],[139.71697,35.71243],[139.71882,35.71194],[139.71929,35.71181]]}},{"type":"Feature","properties":{"line_name":"川越線"},"geometry":{"type":"LineString","coordinates":[[139.483078,35.906742],[139.519082,35.903344],[139.564951,35.917023],[139.579797,35.922281],[139.606111,35.931555],[139.62491,35.90505]]}},{"type":"Feature","properties":{"line_name":"りんかい線"},"geometry":{"type":"LineString","coordinates":[[139.72888,35.61912],[139.735025,35.607535],[139.749549,35.608524],[139.750793,35.620562],[139.778896,35.62753],[139.791617,35.63441],[139.804395,35.640987],[139.82584,35.6459]]}},{"type":"Feature","properties":{"line_name":"相鉄・JR直通線"},"geometry":{"type":"LineString","coordinates":[[139.72888,35.61912],[139.72124,35.60085],[139.66332018,35.57602227],[139.671481,35.551784],[139.67614,35.508387],[139.671,35.5],[139.586389,35.481389]]}}]}